t,theta,omega,r,i_d,i_q,i_q_ref,v_d,v_q
0,0,0,0,-0.151384496593737,0.0414100947320126,0,-0.606708376033411,-0.173516909634894
0.01,0.00100103720745376,0.000395032635424286,0.000511205922440593,-0.101989230780706,0.0253712610979479,-0.00080946531552797,0.945776616741195,-0.295896975803473
0.02,0.00109760697128627,0.000252559169894084,0.000575240089005069,-0.141488250302239,0.0110486123323761,-0.000883239657595097,-0.337187767688585,0.256255107580698
0.03,0.00110992149410699,0.000160841533215716,0.000600725216860363,0.106459845800936,-0.0323460318953177,-0.00088759401384495,0.806575255087754,0.0846729694237065
0.04,0.00105226165311793,7.02547768014483e-05,0.000587241951510362,0.0432670668313686,-0.0452488585404538,-0.00083632200588985,-0.823004859895107,0.488002019941341
0.05,0.00106606074207107,4.65406192233786e-05,0.000601556530939089,-0.0607913001854612,-0.059219684201874,-0.000845359155876275,0.078603179341149,-0.153814878795353
0.06,0.00105861889064799,2.14249776036013e-05,0.000602560263618195,-0.223154357201521,-0.000964604469194542,-0.000837941059913993,0.904560662276992,0.595315118868371
0.07,0.00108016318316153,2.65380385826575e-05,0.000617264327418064,0.0754358064789428,-0.064751727719474,-0.000854282496025732,-0.00660375534970216,-0.556974350124154
0.08,0.00105212368846245,-1.04009973256325e-06,0.00060366229671575,0.0374700395768441,-0.0122578580084566,-0.000831400808036326,-0.045189213501687,-0.160150057602108
0.09,0.00104735540610856,-7.31217096472392e-06,0.000602705038986511,-0.0442064845896023,-0.0378622652114314,-0.000827115362601138,-0.659326682055494,-0.0891425164454852
0.1,0.0010461291361369,-9.57545307755936e-06,0.000602637477232631,-0.0222109859909967,-0.000629350040738545,-0.00082596120031451,0.0331415544290434,0.430407172988907
0.11,0.00104564298533634,-1.06492661871016e-05,0.000602632606205484,-0.129206617730354,-0.0405959335115422,-0.000825497222199715,0.29969906207574,0.321387826164694
0.12,0.00104540375182064,-1.12084608190344e-05,0.000602632200137796,0.013862468015851,-0.00649607834770764,-0.000825268312941034,-1.03300207631055,-0.169850408425773
0.13,0.00109957935379141,1.97466833924409e-05,0.000630432963869402,0.0380042679723786,-0.00434957424892661,-0.000869030454325862,-0.142675421177477,-0.36749882910821
0.14,0.00113596336199797,-2.0075245629414e-05,0.000653765254875025,-0.16935636995906,-0.0241953785459735,-0.000897066713529064,-0.179286479483979,-0.0850528461179165
0.15,0.00105092924465026,-1.93376490642549e-05,0.00060622700752991,0.040583562087498,-0.00177491488337916,-0.000829508015480168,0.254513584152719,0.388519223923711
0.16,0.00104265665341825,-2.05299129447667e-05,0.000602883836935181,-0.148829449314119,0.108903664567821,-0.000822564519520623,0.0986704108139035,0.030477794630674
0.17,0.0010430728790436,-1.71278916241135e-05,0.000602649177189547,0.0734124618077512,0.00600074748617324,-0.000823031821441714,0.300759423830891,0.189036749734089
0.18,0.00104392905745762,-1.47710507008014e-05,0.000602632955725132,-0.246354175461615,-0.0620262423642453,-0.00082385628199248,0.645653735670088,-0.169274894286945
0.19,0.00104447225125089,-1.3433786079986e-05,0.000602631969671921,0.0510166925330012,-0.0597760254087746,-0.000824376606219632,0.72466809114793,-0.413110143281686
0.2,0.00104477551315803,-1.27047751448117e-05,0.000602631983940261,-0.168299659704024,-0.0798627129927287,-0.000824666931306652,-0.217581956489486,0.21788165496373
0.21,0.00104493989159183,-1.23109484775341e-05,0.000602632029986133,0.00299964124494186,-0.0109268496051427,-0.000824824285954965,1.12847443528738,0.349941033651585
0.22,0.00104502854523475,-1.20985841931542e-05,0.000602632057476063,-0.125624047808552,0.0465323044727876,-0.000824909150652108,-0.190480070901185,0.111609397550983
0.23,0.00104507627551652,-1.19840497063706e-05,0.000602632072466156,-0.156953585560427,-0.00681467843558361,-0.000824954840948787,-0.358539809900968,0.021162263242754
0.24,0.00104510211971787,-1.192220406665e-05,0.000602632080550065,-0.0387881006885532,0.0772328350966269,-0.000824979580513818,0.246364406470979,0.192960530434879
0.25,0.0010451158567258,-1.18887282951619e-05,0.000602632084903103,0.0418013412445508,-0.110018331975566,-0.000824992730440044,0.278465915243353,-0.439291838329379
0.26,0.00105713998085812,-3.28715168507188e-06,0.000608593021096911,-0.0027638640736018,-0.122060909402355,-0.000834766926979245,0.0738126533393182,0.0815861906212475
0.27,0.00102541941845245,-2.73378209385555e-05,0.000591165154970548,0.0969858042501587,-0.183163512492061,-0.00080947602747073,-0.221274808184626,0.0354717297808278
0.28,0.00102513855628986,3.06623624055646e-05,0.000590380617180422,-0.0547919748934499,-0.0351229766481182,-0.0008094353124353,-0.31083880477313,0.143649774838862
0.29,0.00104291273845102,-1.29195059344056e-05,0.000601770378957069,-0.234972212194847,-0.00133386684687285,-0.000823135051499008,-0.155813010199509,0.635632245057041
0.3,0.00103333557187684,-1.17230611067498e-05,0.000597292478025771,-0.0290379096989443,-0.0329839186169957,-0.000815273718455868,-0.0167152750388748,0.479346889217176
0.31,0.00104620524585068,-5.61648721486563e-06,0.000602257380574367,-0.109200453096681,-0.0363421561830085,-0.000826145514914901,-0.0370783458301578,0.406463625001255
0.32,0.00104667390229402,-7.69297821534565e-06,0.000602606230045162,0.0547145527671319,-0.0918940284931542,-0.000826491968124467,0.174947428070367,-0.271225246942353
0.33,0.0010460875752622,-9.50726462178864e-06,0.000602630541588892,-0.0605214575465191,-0.0117572944264858,-0.000825923470964931,-0.252470465474096,-0.114809617285178
0.34,0.00104566277590065,-1.05743256426649e-05,0.000602632127151292,0.0431076164545168,-0.141639114285889,-0.000825516313658472,-0.555075192335407,0.629613274146664
0.35,0.00104541993355031,-1.1160393114551e-05,0.000602632171310456,-0.0894254683280602,-0.0609104986074275,-0.000825283813673447,0.310691777627247,0.0298795030184651
0.36,0.00104528733649925,-1.14772774395533e-05,0.000602632138098348,-0.0169419006461214,0.102333770676199,-0.000825156881240093,0.516056976050806,0.191295402307276
0.37,0.00104521574107155,-1.16479077405529e-05,0.000602632116201368,-0.144227313938643,-0.0436337797327811,-0.000825088345648562,0.0826586253017005,0.0323697436884514
0.38,0.00104517709118485,-1.17396239147638e-05,0.000602632104128101,-0.0827676836538631,-0.101528008192174,-0.000825051347697128,-0.0245126844379393,0.270209295725244
0.39,0.00104515636925764,-1.1788826668635e-05,0.000602632097607963,-0.232827800616679,0.00428373447485139,-0.000825031511418874,0.0328785765023761,0.15953795563053
0.4,0.00104514519338679,-1.18151419883361e-05,0.000602632094096148,-0.074451370271441,-0.0203398551869838,-0.00082502081320928,-0.162515302713572,0.241588268296309
0.41,0.00104513913979007,-1.18291300168494e-05,0.000602632092205277,-0.139528358180306,-0.0689281251354263,-0.000825015018359825,-0.579205336866818,-0.0606625378854413
0.42,0.00104513588016108,-1.18364841910079e-05,0.000602632091187483,-0.116210255563362,0.0182060058977126,-0.000825011898056508,0.255960180391161,-0.420533247661114
0.43,0.00104513413393125,-1.18402649604832e-05,0.000602632090639536,0.0977338813304528,-0.081741642733676,-0.000825010226462273,0.21680295896868,0.0185244221041325
0.44,0.00104513320260868,-1.18421230581589e-05,0.000602632090344286,-0.00409679830314051,0.0748308841844538,-0.000825009334942182,-0.436930004272569,0.179061566625959
0.45,0.0010451327369474,-1.18429452413693e-05,0.000602632090185712,0.0088341627347271,0.0255322354605582,-0.000825008889168452,0.0800946219414597,-0.0533292185646324
0.46,0.00104513238770143,-1.18432089948328e-05,0.000602632090100375,-0.0981408771767791,0.0556146814087074,-0.000825008554878984,-0.446841771542598,0.0915426806106547
0.47,0.00104513238770143,-1.18431726150448e-05,0.000602632090054661,-0.087548787137661,0.0193884548252212,-0.00082500855482342,-0.431370307828271,0.231332526340109
0.48,0.00104513215487079,-1.18429743451998e-05,0.000602632090030044,0.106334271525624,-0.0168089397863329,-0.000825008332002889,0.351584055827549,0.016600870163434
0.49,0.00104513215487079,-1.18426905828528e-05,0.00060263209001686,-0.208552063056144,0.0213503455100709,-0.000825008331986976,0.377023856481907,0.165435601221929
0.5,0.00104513215487079,-1.18423613457708e-05,0.000602632090009506,-0.0430149978409791,-0.0189138175627159,-0.000825008331978646,0.0463505133095845,0.304006290504921
0.51,2.88340568624585,2.94100761413574,0.0106815735315218,2.99558449285166,-0.545893627414869,-0.986672527147784,2.85003199906261,-1.63212090819225
0.52,0.544464709718694,0.628536999225616,-0.0121174591964333,4.2904568564486,0.580660978394611,-0.525138704860514,0.0578818705797178,-3.94524754317144
0.53,0.148802868243395,0.180183529853821,0.0271503438587662,1.67117731085033,-1.12385768563131,-0.124518683497401,-0.0853044238280836,-0.0193887836754432
0.54,0.068066620940515,0.0867857038974762,0.000993348850321919,1.0642142366229,-0.0846572201270215,0.0202023769015431,0.269291359947414,0.159629801291772
0.55,0.0491047549810537,0.0708278194069862,-0.00780078357494355,0.990245629319885,0.449333204839,0.0497171370988664,0.100656450958144,1.1910855876595
0.56,-0.0328499501928126,0.0648313462734222,-0.0222423223724603,4.86493229377296,1.09996452873413,-0.0370005476539386,-0.12639017791944,3.55951759476223
0.57,-0.010680900113087,0.0634596720337868,-0.0383140052036048,3.69550419150803,1.80480674812642,-0.0284039367708905,-0.414953386971334,-0.361436136656897
0.58,0.0104846080202962,0.0596895776689053,0.0360850906307736,2.63171159122911,-1.86228910203041,-0.0120299620956011,-0.143344732064159,-2.35693882687312
0.59,-0.0231819348995816,0.0627094805240631,0.0695353300990186,4.16951689488246,-3.45897817412694,-0.0541726845108179,0.0183861260885263,1.44819914783455
0.6,-0.0568369422080653,0.0626643747091293,0.0388863101667571,5.93773582083024,-1.94036890359245,-0.0662310667099447,0.413892637144256,5.56669047866728
0.61,-0.028104797175698,0.0663539096713066,0.00856153051052343,4.74932579468292,-0.420492206010033,-0.0253828546086962,-0.101369393624145,4.9112503601433
0.62,-0.0442847653941211,0.0565290488302708,-0.0141969019522494,5.04993687761737,0.800392559405563,-0.0238357891659189,-0.167755008570588,1.71399783715749
0.63,0.0704343347964315,0.0617909580469131,-0.0348931566661151,-0.488619644094401,1.72165783380863,-0.0765642896275734,0.714688424226461,1.10567161038425
0.64,-0.0410365582098608,0.0627314299345016,0.0249872207851781,5.17527484937273,-1.23382198823969,0.0271961505808174,0.689988026404271,-3.74141517133811
0.65,-0.00624427843644587,0.0617258325219154,-0.0417940814138042,3.38740173679979,2.20705867133291,0.0420044034375448,0.666213844789679,-2.48816674236153
0.66,0.017526650788112,0.0636000633239746,-0.027153401660695,2.23762858758595,1.25184312543547,0.02838382980299,0.481941842990381,1.18453755255474
0.67,0.0183906090138347,0.0583880692720413,0.0351733282384806,2.02450111798426,-1.76305052259323,0.03525313099252,0.0970161520844266,0.877296243932407
0.68,-0.055095510837902,0.0620861761271954,0.00546533123122871,5.79845997787598,-0.18434376813461,0.0136948713242859,-0.0851134618496955,-1.45154549778928
0.69,0.039367305065825,0.0640348047018051,0.0748778754979668,1.20454176175052,-3.66483021258246,-0.0146716692514545,-0.160276514419147,-2.72438946149656
0.7,-0.0254634956263537,0.0609782971441746,0.0455444039215836,4.26552252642351,-2.33801956881015,-0.0149638260270275,-0.0844681541062287,-1.40928590821242
0.71,-0.0142680161056091,0.063081406056881,-0.0667275875739864,3.92344025721837,3.29872238185831,0.0581470399672461,0.743529915253581,-1.95462315420763
0.72,-0.0173097437778246,0.065306268632412,-0.0287192172314002,4.10743601425036,1.42759435636986,-0.0137176490543652,-0.401213751020655,4.07265819013305
0.73,-0.0086979227583823,0.0665952414274216,-0.0113347350659511,3.59451217708489,0.622109569600714,-0.0142497451416318,0.0623340117623341,2.25581982436495
0.74,-0.0106750454051099,0.0603449866175652,-0.00844416459732623,3.47354561424303,0.486811214260632,-0.00191397537739107,0.163697145796642,-1.13217053702362
0.75,0.0189599281449874,0.0657406076788902,-0.0230022226881036,2.16994175698975,1.05323950005631,-0.0173589426177093,0.0219646236161701,-2.25199045139859
0.76,0.001421076462056,0.0603901632130146,0.0303357243723878,2.8969971122191,-1.47256033517607,-0.0285700161448333,0.181366244784188,0.558684929582407
0.77,0.0475415382365588,0.0621881522238255,-0.000921145953537391,0.828180156804085,0.0845740432410356,0.0319878707319308,-0.11772016198392,-0.0762327453755713
0.78,0.0110508230375412,0.0567928329110146,0.0738887994003011,2.38257343052366,-3.76281184895745,0.0295680436571022,-0.051626896899087,1.46104425752769
0.79,-0.0402756863267958,0.0585622414946556,0.00374336514460842,5.00574381970049,-0.040926388317904,-0.00439189067761154,-0.148896050512592,1.44404416834737
0.8,0.0494607523112287,0.0582901388406754,0.00838187090690313,0.428440044669452,-0.334657666210556,-0.0338801273906279,0.209741753245793,-1.10672605092719
0.81,-0.00489113330022557,0.0633789598941803,0.0434863891426408,3.37889174657508,-2.20457885116136,-0.014467658843023,-0.32726395216477,-1.77905467719521
0.82,-0.010690231607311,0.0590766444802284,-0.0186670576018697,3.41220968009469,0.902386695002309,0.0187835229020033,0.198152836898605,-1.19403286259888
0.83,-0.00738433233951716,0.0634334236383438,-0.00421264184871049,3.72847860515914,0.216115194107645,-0.00466230489854385,0.162254325281685,3.10767232729731
0.84,-0.005020584353095,0.0604957640171051,0.0368177113088669,3.21067722050621,-1.86263359448384,0.017928569857026,-0.308361795455604,1.38119958191313
0.85,-0.0355282823250873,0.0546738877892494,0.000292445393307566,4.35902829541528,0.102188341666716,0.00662733884144266,-0.00373847905978523,-1.18785658901887
0.86,-0.0228346718991124,0.0620113126933575,-0.0606329575945613,4.29312306983374,2.98984568620906,0.00514556553981509,0.194603768464885,-3.81347936928124
0.87,0.0702019523511558,0.0580046698451042,0.0227760339569944,-0.510818610524714,-1.1788593659224,-0.0641619207567225,-0.693292317052095,1.51026321099431
0.88,-0.00952431845817422,0.0545767582952976,0.0575325439525089,3.22239270280549,-2.95927171794385,-0.0570642827589268,0.320500026464167,3.64615570784589
0.89,0.0686295700144014,0.0595751069486141,0.0353051281541112,-0.454136879442723,-1.68930546989233,0.065278157607094,-0.26400032359956,-0.258860036799056
0.9,0.0438258813399608,0.0572840608656406,0.0696804103988276,0.760033062701423,-3.51483358595259,0.0823084354740763,0.214326292706818,-2.6465207819565
0.91,0.000569918964306501,0.0532047562301159,0.0457086090938769,2.71064449272899,-2.29657972632088,0.0383169003659431,-0.247327928479563,-3.60122035942973
0.92,-0.0145630431378097,0.0552701875567436,-0.0350138303526737,3.501292806169,1.71444317437529,0.018152055471953,0.488947779393001,-3.41499283798941
0.93,-0.00722041414293672,0.0630125552415848,0.0117398493074423,3.65943353211265,-0.541109397036383,-0.00850053791361145,0.289012507127154,-1.0062100632896
0.94,-0.00809472503591087,0.0616389513015747,-0.0346884881065227,3.56042828894303,1.74109473760032,0.0196921233735933,-1.02274177267946,0.791900135754331
0.95,-0.00160652648553199,0.0668891221284866,-0.0705074913494347,3.48524027899226,3.53659055193126,-0.0220452120042339,0.255092323474548,4.32442094214413
0.96,0.00806622441930699,0.062177550047636,0.0155985601364825,2.64201528372567,-0.769817982036873,0.0167097652125072,-0.108247264113085,-0.228897226696185
0.97,-0.0452779810312196,0.0653183236718178,0.0222882141134917,5.73429901344052,-1.18316975314606,0.049757982876568,0.580271694742422,-5.58300240781934
0.98,-0.0427682407864726,0.0618778839707375,-0.0303184534347902,5.33038324943142,1.49829977601854,0.0519767793315011,-0.396064652541546,-5.37976482777227
0.99,0.0529501279298837,0.0574872568249702,0.0137306541432652,0.287123912886827,-0.741314971427352,-0.0123464677543596,0.157718596431004,0.712470684420722
1,-0.0104907819177607,0.0588463470339775,-4.21578413827128e-05,3.6479002211327,0.0501871723647721,-0.00950329421632237,-0.900321495952026,2.51694566301956
1.01,-0.0315824172191136,0.0524583086371422,-0.0187307411953302,4.19705982018543,1.06723394632458,-0.0363438339138952,0.402301747335125,3.69191141698737
1.02,-0.000688657321563134,0.0568609833717346,0.0307018598805777,2.80162257162912,-1.60968957896211,0.0301158950931061,-0.908356996444141,-1.2713582971916
1.03,0.000580195644611904,0.0654377862811089,0.046809370991172,3.41994964070504,-2.30213020243924,0.0105682054477534,-0.587423535459615,-4.02694779181204
1.04,0.0149259462306132,0.059061486274004,-0.028500712676288,2.13968813324636,1.52809589238823,0.0121714008005407,-0.340723381694598,-2.30011583157774
1.05,0.0053954377440534,0.0580454468727112,0.00311337954009311,2.6821623461135,-0.182542377769034,-0.000699245556064812,0.304570663556387,1.3334903587764
1.06,-0.00333834659369886,0.0575700774788857,0.0284001560715968,3.00478267542884,-1.49688881064844,-0.00472995697892402,0.752877279558811,2.68493305527934
1.07,0.000373941776770443,0.0579597167670727,-0.0215066455882202,2.91105176271725,1.03445987997342,-0.0186028378048406,0.120782190628674,2.75930240266538
1.08,-0.000980584535509244,0.0632338151335716,0.0279437587746549,3.31695639800699,-1.4591193915195,0.023580907881724,0.379174091111127,-3.62187560901301
1.09,-0.0347268960063082,0.0559760965406895,0.0525372264627116,4.54427804660979,-2.6347252742204,0.0268852522876671,-0.633134859635359,-3.81215637117741
1.1,0.0640922387988594,0.0615712441504002,-0.049049087328639,-0.232552469987596,2.48012663144839,0.0266588606662361,-0.113957913664665,-2.52514350633564
1.11,-0.0235370272177838,0.0626172721385956,0.0171568101793178,4.39723123928812,-0.857994223031853,-0.0288157162091513,-0.0084204697038611,3.97852465854417
1.12,-0.0416911373319719,0.0472325533628464,-0.0496298223492619,4.52076959766942,2.5385686001662,-0.0557213492015162,0.0736571921122984,5.01873673399636
1.13,0.0596239266640533,0.0607827715575695,-0.00117932957612321,0.044397789805437,0.0277879854407111,0.00619404770975694,-0.00327175548547828,0.549297463408448
1.14,-0.0560915504904337,0.0578887090086937,-0.000207358954445392,5.60416846972815,-0.00479137067040733,0.0467024863606092,-0.328388035065997,-5.18758874948456
1.15,0.0390065914295863,0.0587541721761227,-0.0644262878863839,1.1729179439481,3.18824857854564,-0.00127179597421744,-0.000630881105482969,-2.20827008657111
1.16,-0.0432363762783579,0.0669630467891693,0.0259567822897897,5.5901486029901,-1.36021345997088,-0.0288436937120311,-0.194934832326903,1.95697763160108
1.17,0.0262770588787775,0.0524115115404129,-0.0552933087539038,1.40746670716855,2.76018811185629,0.0453614334870227,0.29986651918652,-0.141701261928216
1.18,-0.0405987851334731,0.0536641366779804,-0.0100547917214802,4.61557065555094,0.523327270090193,-0.0371267805165265,0.294403699909348,4.14415565039276
1.19,-0.0463560676137716,0.0562731921672821,0.000621066613036979,5.07346594820179,0.030303042734073,0.0126205776238523,0.612621087302906,-1.43708337020793
1.2,0.0106788677206782,0.0589655786752701,-0.0780634417016826,2.4858403559781,3.96177860917521,-0.0257667809406422,0.11657863210217,-1.28642826195715
1.21,0.0276191342638719,0.0617623329162598,-0.0111323095342946,1.78932414106271,0.686787350467683,-0.00805175707817517,0.817551808083179,-2.05372473814322
1.22,0.0275027280552156,0.0582569167017937,0.0214649435783978,1.64167508847073,-1.02576914456224,-0.00723414307634933,-0.434738456472167,1.26967400639794
1.23,0.0277196012344001,0.066130056977272,0.0226850305435279,1.66360926741271,-1.09705405970984,0.02758241033082,-0.0178037812499599,2.31141518971247
1.24,-0.0118772440346171,0.0547184385359287,-0.0190512591102929,3.46497915576738,0.923821064738298,-0.0223555401038176,-0.0269688803401524,2.377105815504
1.25,0.0684166587707266,0.0678732842206955,-0.0333334953346337,0.058513084503689,1.5568887109093,-0.0677775765069099,-0.318396641837898,0.995988705837015
1.26,0.0216916677964954,0.0533122979104519,0.0779119510277179,1.80225110643497,-3.96349022645422,0.0590462826556026,0.397256882795556,-4.41158089067742
1.27,-0.0414245075051623,0.0593249276280403,0.0412578403032677,4.9914315576059,-2.0930399197613,0.0405223476402577,-0.0954067984717563,-4.51521778213144
1.28,0.0571369797232781,0.0589709281921387,-0.0298069805009924,0.206498646079347,1.39228550113415,0.00280507646797862,-0.227053923093986,-1.90574788076244
1.29,0.00509076040157656,0.0598916970193386,0.0247765563069813,2.79494938558458,-1.25021962350031,-0.0161832065031303,-0.117467311681575,2.58417376329908
1.3,-0.0325748084274958,0.0500813201069832,0.0177229539063272,4.1835011541104,-0.891960939782099,-0.028029376517991,-0.252127863818203,3.880681386666
1.31,-0.0493576553863743,0.051727794110775,0.0340076390347937,5.17367108221603,-1.64322836650872,0.0211478973193423,-0.312306127539402,-0.703892150014395
1.32,-0.0157336805880986,0.0594455674290657,0.019006992969433,3.85734347723095,-0.976879973235575,0.0242860322106744,0.0501072425781685,-3.57485887844894
1.33,0.0718574870121424,0.061402440071106,0.0262686727405055,-0.302326802596215,-1.29005126702264,-0.0763749933909061,-0.242441646887589,0.165548554828802
1.34,0.00104750528851245,0.0545892044901848,0.0393466593364302,2.71514097941012,-1.95699994927607,-0.0393506273864983,0.185438688946926,1.46843335317882
1.35,-0.010616699065511,0.054257445037365,-0.0285247260087715,3.26402595604267,1.57778587072247,0.00458974581690388,0.635008078738725,2.3210897890193
1.36,-0.0551000947395316,0.0627729296684265,-0.0647970133487516,6.07457893626975,3.22159357030795,-0.0821405934655734,0.324260583922092,7.19639276328675
1.37,0.052853147502751,0.0580128729343414,-0.0217508022969484,0.277906144096362,1.22324632555454,-0.0291190076798151,-0.524118273210125,1.40685309036953
1.38,-0.0473440652321683,0.0604027956724167,0.00577147661273875,5.5526741957153,-0.34887522924593,0.0468021122903095,-0.296031583358439,-5.1926813644428
1.39,-0.0171301110441933,0.0571607537567616,0.0819329301210144,3.98605088788072,-4.19107955979314,-0.0466407854110492,-0.443922782214307,-0.159011390998081
1.4,-0.0535775695931971,0.0563663765788078,-0.0670551414094763,5.53956371859787,3.44051885747129,0.0454429657445885,0.0285417525296505,-1.26094779168298
1.41,0.0609314386542434,0.0633580386638641,0.0389916587497397,0.241371913646026,-2.03254850439131,0.055811355509265,1.15171747213248,0.951686457101416
1.42,0.0273528719365126,0.0482704527676105,-0.0588943976322598,1.06606509047256,2.86267012449941,-0.034379947261485,0.478695613636367,2.86126705609312
1.43,-0.0393141314823824,0.0617650263011456,0.0251215425659844,5.12007100422264,-1.339697322041,0.0416296578532519,0.255158226275457,-3.47083055701798
1.44,-0.0381720000054231,0.0555638372898102,-0.0799139579188308,4.55090804161485,3.98319303732231,0.0440421498865129,0.521946296599225,-4.68043784343164
1.45,0.0460902317554822,0.0584813691675663,-0.068971482468976,0.763172031444476,3.50716886631933,0.0466706408654844,-0.21441650105546,-3.4403074745379
1.46,-0.021653649796482,0.0553259961307049,-0.0863617691835714,3.93322964787871,4.36243050289452,0.0500457821206701,-0.130019155383358,-0.782832090615517
1.47,0.0155215526943962,0.0622895434498787,0.0136679123015198,2.32769298229508,-0.69345823258801,0.0185926317758808,-0.189774146362832,2.54439607157419
1.48,-0.0350933153499044,0.0588352754712105,-0.0459149407522316,4.63936941653723,2.29751534014068,-0.0517246703785454,0.443657915946061,3.44820515238313
1.49,-0.0369368800297123,0.0560815595090389,0.0243663801142029,4.63842372081188,-1.13821492719434,0.0441543642441398,-0.284113273033855,-4.69153053645935
1.5,0.00604626190177632,0.0553249903023243,-0.0734530299238504,2.42492711121249,3.70200128565982,0.0274104343194616,-0.327848809789331,-3.66289297823133
1.51,0.0341657096760462,0.0569650381803513,-0.0435461039344821,1.12624813410873,2.18929192748825,0.0436894830071965,-0.46152649103164,-2.41140927155798
1.52,0.0778459667778782,0.0576360523700714,-0.00816900939976502,-1.02949692314999,0.418954931816369,0.0735320268668218,-0.719735529963418,-0.572269428683712
1.53,0.0431602750514622,0.0566344857215881,0.0493698739685508,0.868053054842646,-2.41672683201806,0.0643397406413389,-0.774995896728719,-0.579927838078211
1.54,0.0155696302274035,0.0594785362482071,0.0534221897468981,2.30478617215128,-2.64699416120233,0.0492887933323749,-0.697904408892797,-3.49353589009565
1.55,-0.00222593372868544,0.0635951459407806,0.029412433687174,3.46960771180764,-1.3384794170799,0.00971893783399304,-0.164339152347112,-4.10716139534797
1.56,-0.0213916551258269,0.0636048391461372,-0.0279978862725235,4.44823773600923,1.39306503289333,0.0351544412628766,-0.151587009112784,-4.23547756275892
1.57,0.0041922293691311,0.0622094348073006,0.0244335009809996,2.98041622752048,-1.16673894309551,-0.0209841393618739,0.27269504790844,2.44404364329194
1.58,-0.0125858157094333,0.0590894669294357,-0.00941218685722177,3.68421741466979,0.443795453626411,-0.0119226952251389,0.549009616635191,4.10646489341434
1.59,-0.050794933483596,0.0555911585688591,0.00546402332069776,5.30856601378235,-0.254809215864149,-0.0207804657795807,-0.803734727483586,2.80253297143806
1.6,0.016754799052732,0.0547640770673752,0.0534289043588086,1.91786285475963,-2.67937907571182,0.0352283728597823,-0.475487265267932,-3.08702373509167
1.61,0.0122153320890869,0.0597944334149361,0.00877013761432851,2.42111663694146,-0.303981352815195,-0.0132305955520747,0.441361391260626,-2.56426375524206
1.62,-0.0132343447698374,0.0583079233765602,0.00219294268835255,3.61796773939,-0.133992983856252,0.00223115005316092,0.861197172913234,-1.31767179935677
1.63,0.0788218050886014,0.0611459985375404,-0.00724779122382722,-0.708269317861476,0.329621533027556,0.0606077619388101,-0.0703507964147026,-0.823363299739136
1.64,-0.0160334974027287,0.0642276182770729,-0.0839045646356321,4.1217060534464,4.25749415082458,-0.0417084991479854,0.671538554549083,5.11281743316854
1.65,-0.00957547128879229,0.0514924377202988,-0.0395075832058582,3.17009523464262,2.08972807783598,-0.0404485310255023,-0.403300023641465,2.29656525150891
1.66,-0.0432242766173359,0.0541210658848286,0.0242946623858704,4.96485373224903,-1.33629495400001,0.0494082360822023,-0.211584927839862,-4.53313023163599
1.67,0.0446910016422886,0.0595768615603447,0.0305370627010287,0.932241757826748,-1.53841996195292,-0.0539380335885892,-0.0881458217226213,-0.241196669459863
1.68,0.0278865624935393,0.0640738680958748,0.0256355525242408,1.74946913768158,-1.26030386864827,-0.02402479825671,-0.0946237687766828,1.6428117353948
1.69,0.00459000137763103,0.0597201585769653,0.0250231042765708,2.78057565333004,-1.33059414272145,-0.00559327666040249,-0.0425863710094213,3.07570911416905
1.7,0.0864765957013461,0.0610472075641155,-0.00985745471848597,-1.06082336124963,0.554876028260593,0.0592543755615855,0.374901722800987,-0.692377486170351
1.71,-0.0364121291518353,0.0623475573956966,0.0217622072610157,5.02245110709311,-1.18876683528164,0.0300799361646985,-0.477168106273007,-1.9813917252572
1.72,0.0390478439634181,0.0552213191986084,-0.0410019428097571,0.877748001589497,2.00531391974675,-0.0467202235031125,0.0978278425094644,-0.8377731620646
1.73,0.00384742651114194,0.0549243427813053,-0.0181321209393121,2.66894305652127,0.878954313483396,0.0118563360054645,0.201425336785746,-2.74955971246646
1.74,-0.00721399459694144,0.0572380535304546,0.00122046309104067,3.16476902159789,-0.034414430371797,-0.00420416370605603,0.00521882095955521,1.44982538053243
1.75,0.0354141334242469,0.063102126121521,0.00901552913805793,1.45750531850503,-0.505863246894549,0.0352816379842598,-0.145116190891339,1.46597578450056
1.76,-0.0169716415877981,0.0590351447463036,0.0786144932840168,3.9061033053809,-3.98830890199519,0.062237947320462,-0.856066556057536,-1.32351400331331
1.77,-0.0298951138818099,0.0616707168519497,-0.00206760055371504,4.48704906936243,0.0943962077009319,0.0161709878145854,-0.154379977981859,-2.80861095992957
1.78,-0.0575187402081753,0.0580427646636963,-0.00111501476479774,5.80993594181572,0.208383054413162,0.0567851213220011,-0.970006443767949,-6.10806627429355
1.79,0.025739680696709,0.0522014498710632,-0.0132644948131845,1.52148780464037,0.64442339854126,0.00568560423691263,0.0806334807084221,-0.753439364795251
1.8,-0.0343887152877038,0.0598767697811127,0.0444209797898016,4.73683817603444,-2.1658755948269,-0.0553120226751708,0.105360801551548,5.24776927004516
1.81,0.0122593315286218,0.0565346889197826,0.073123552495061,2.21737411847611,-3.61399606300741,0.0382150549342594,0.480393771685715,0.601338628427073
1.82,-0.0318394524811413,0.0646747350692749,-0.00923105205364985,5.0630462972723,0.546122169176786,-0.0118541850597029,0.264026562475913,1.03441783999871
1.83,-0.0410917577249768,0.0583809614181519,-0.0283366054258685,5.15444601337231,1.45407288688678,0.020571736040994,-0.684729578489551,-3.30947065752299
1.84,-0.0262651087660488,0.0594161376357079,-0.0383329818844689,4.36219078877433,1.77533347016847,0.0427915885540236,-0.00792550839299593,-5.16148978164723
1.85,-0.0337415009453005,0.0541180372238159,-0.0293463223733244,4.56658301306976,1.41070326130959,0.0254133524674547,-0.0193046563073072,-1.28895497136776
1.86,0.0672378115481023,0.0555882379412651,-0.0024432597392114,-0.663412753487626,0.0994827555775389,0.0640619611020794,0.250355162170865,-0.199643173454818
1.87,-0.0305099059432388,0.0569607987999916,-0.0102253476529877,4.251194850588,0.533929299899362,-0.0290762011603184,0.06066000597182,3.82789532655114
1.88,0.0618941768400876,0.0567415878176689,0.00823368653948796,-0.144746721946011,-0.370792440521708,-0.0109047447490814,0.37100658196232,0.0147846411538216
1.89,-0.0184761659045775,0.0608880892395973,0.0814885118266944,4.01438832075809,-4.1844578311728,0.0304927325025445,0.852288216698351,-4.55244668265432
1.9,0.0138920671824684,0.0464588329195976,-0.000608154615335613,1.77679453776261,-0.0207544418397027,-0.00744061161532863,0.412224568182143,-0.846628480143726
1.91,-0.0482797309996667,0.0602344200015068,0.0205074599761626,5.49782147974348,-1.05507812801347,-0.0412902904871336,-0.809344511828908,3.78109964744973
1.92,0.0418722147762515,0.0578043200075626,-0.00519374860851901,0.711841411519426,0.201882151701823,0.0415886075602643,0.196746943161466,0.749822593563938
1.93,0.0346608191655515,0.053312323987484,-0.0448208650314716,1.13687539435889,2.26192483403095,-0.0271852502974269,0.043262066523029,2.34512522032892
1.94,0.0361355086981909,0.0552157387137413,-0.0216771021119947,0.991922707975269,1.10548012959722,-0.0398720032319177,-0.123730124023408,0.151236444817455
1.95,0.015627313702899,0.0559651330113411,0.082771404910077,2.0653156433314,-4.15873874612978,-0.0350627398893592,0.192953372944268,-1.13187817012732
1.96,0.00861374688687333,0.0586256757378578,-0.0246979140353212,2.69505900401197,1.14673741962981,0.0222863901686389,0.364277949800333,-1.04233837074785
1.97,0.0101636717486869,0.058769054710865,-0.0427392291210366,2.47795036018093,2.27566941838549,0.0346152141552776,0.504092510254772,0.621349856099593
1.98,-0.00248242370276372,0.0588326081633568,-0.0534862330879748,3.18394211668211,2.75346924635518,-0.0249663311943426,-0.274479566610181,3.72107220520563
1.99,-0.0356595547842193,0.0539682134985924,0.0566523776138232,4.52930231110025,-2.74187187909325,0.0559435077149674,0.0183527958206877,-2.71297423076213
2,0.00927598891724548,0.064327597618103,-0.0418008257923934,2.87047716445211,2.1007255752745,-0.0274712213439815,0.558242300887951,-1.49023693062276
2.01,-0.00857020318622978,0.0552910044789314,-0.00474831620717686,3.4301479972118,0.187837207337914,0.00401932986695585,0.603774727177522,-2.60599431764444
2.02,0.0657783580099548,0.0531524047255516,0.0160908631626695,-0.602244837154172,-0.823923515391483,-0.065920526860469,0.322551175711855,0.834049170445339
2.03,-0.0104331320503385,0.0599819794297218,-0.0096402383759062,3.72153493662479,0.483116182082527,0.00950396458782804,0.204956314115121,-0.488105634977778
2.04,0.0618916761265222,0.0532332435250282,0.0142671111494763,-0.286352120048547,-0.703473707605209,0.0497066381165115,0.197753314278617,-0.426717673087581
2.05,-0.0105028132955119,0.0537589937448502,-0.0566241039700249,3.16723409885295,2.86660034075231,-0.0433227795688479,-0.0873048773513901,4.42361290296794
2.06,-0.0304669952358655,0.050083689391613,0.0204480004108853,4.09911162530656,-0.907670546582981,0.0263765728816591,0.420919824057235,-1.54228245923124
2.07,-0.0486694817237395,0.0588866211473942,0.047152467307398,5.36518714333061,-2.23152463213746,0.0587205483397899,-0.355878686492709,-6.13792999150616
2.08,0.00528419966575673,0.0492383688688278,0.0119221623963091,2.43581916868335,-0.646637478252669,-0.0125063040583135,0.364965116148896,-1.52670067993116
2.09,0.00650185655633191,0.0608165636658669,-0.0584923274781928,2.87294779414127,2.84274216788092,0.0562713756820071,0.73451232692985,-1.59962255155111
2.1,-0.0396692932623043,0.0573239251971245,0.0323355242866281,5.0250127329546,-1.55894700870563,-0.0412514238120459,0.146989621893092,4.64373242938159
2.11,0.0182882453336453,0.0486009046435356,0.0213194492771537,1.53363403611724,-0.974252636278443,0.0275246502936805,1.1581078913633,0.0642578011455831
2.12,0.012886249225078,0.0597228035330772,0.0146950822088513,2.47094015807849,-0.778718949871917,0.00476124968921291,-0.0240538854256774,-1.94619392056406
2.13,-0.011504428217964,0.0577036067843437,0.00686307922256887,3.64433842781781,-0.309562045091128,0.0103798453167945,0.41192486365002,-3.28681898783635
2.14,0.0119000745514625,0.0616718232631683,-0.00698049417507675,2.65865111590898,0.301176085048298,0.00299070114820397,0.258908691249552,-1.22004281790672
2.15,-0.00967893483781854,0.0618229731917381,0.00668366763043175,3.80084627287998,-0.300261835545656,-0.011600633671323,-0.211990227829519,2.88760833535558
2.16,0.0271959210229969,0.0581548884510994,0.00455687028320614,1.65530336407503,-0.255971669585062,0.0271458227862211,-0.405956822934135,1.83929036589945
2.17,-0.00767624234746386,0.055260144174099,0.0306407233859667,3.35088536384992,-1.64181299684296,0.0295561962855095,-0.470985949292318,-1.39152051476949
2.18,-0.0351601715442286,0.0582958981394768,-0.0304275656894723,4.60659071828601,1.50023154156275,0.0130299895756662,0.133435315614797,-3.06345129087252
2.19,-0.0255835511040206,0.0536624863743782,-0.00576616684219604,4.08411300338082,0.314355707183799,0.0249110414533188,-0.725958157845696,-3.6520377412032
2.2,0.0773714231369396,0.0610943660140038,0.0219903451606676,-0.788456037303718,-1.08654942663666,-0.0156244797380233,-0.166409111087866,1.11967937195173
2.21,0.0288445392003331,0.0582737140357494,-0.0085561962436036,1.56658827359236,0.32872623050692,0.0299691686481473,-0.0999805688949008,0.976800243092223
2.22,0.0183323114058847,0.054491713643074,-0.00688408625707174,1.93115302880833,0.37474441094444,0.00896196519286611,0.082451498494731,1.69831547862033
2.23,-0.0480611861731093,0.0487345457077026,0.00134404691607298,4.87939612138598,-0.0932645236614042,0.0145065013716468,0.299745513957475,-1.07215448922552
2.24,-0.0660292983083409,0.05412707477808,-0.00367584644084809,6.28974246938246,0.204916642602158,0.0643228042371002,0.176451918328513,-5.69939761729095
2.25,0.0430120890451042,0.05837706848979,0.0290745612904142,0.922526288784528,-1.5049988843587,-0.0489484769243475,0.36575411485699,0.146334394447641
2.26,0.0445708785713504,0.0501095205545425,-0.0401110487142961,0.505231103010006,1.98778253676842,0.0560974811044116,0.194443784256499,-1.52684240998115
2.27,0.0236513530713806,0.0473938882350922,0.0706720034386993,1.3728070641454,-3.54219482157777,0.025101469145465,-0.374744310687234,1.19882221749531
2.28,-0.0389659096540609,0.0500782877206802,-0.0406275328851878,4.64197206713533,1.92327285010722,-0.0532842795447368,-0.109344582326164,3.22854451318368
2.29,-0.0331024103089917,0.0522828586399555,-0.04880804100074,4.27994137961106,2.40395286675583,-0.0172921865873562,-0.405172827523867,-0.800356622187136
2.3,-0.0112512336074691,0.0534112304449081,0.0392647132679036,3.43883461612986,-1.98091761471014,0.00241927599187029,0.781510502706519,-2.55366225024875
2.31,-0.00680180533060606,0.0604662075638771,-0.0575964708893707,3.54688362254604,2.87489680833667,0.057576679386319,-0.0824790143197345,-3.64028332505175
2.32,-0.0370215133930941,0.0611273422837257,-0.00829812150588032,4.87399593461155,0.342355231272927,-0.0230683274769047,0.617915033717539,4.02221236869729
2.33,-0.0592325962890078,0.0595663040876389,-0.00176225583402941,6.28708349587136,0.170838946805804,-0.0548945772214573,-0.257372292631314,5.67325249528928
2.34,0.037803276029919,0.0638809204101562,0.00276667666159218,1.46508004461052,-0.183595821540077,0.00437822315480664,-1.03778492769636,-0.343576017988613
2.35,0.046440452667721,0.0619138330221176,0.0569385738960533,0.922520438977984,-2.92141197490837,-0.0133572780067916,0.328758752053598,-1.71283768506581
2.36,-0.0313100478448605,0.050450012087822,0.048807330328431,4.19772745396542,-2.49091062949325,-0.00238644334081713,-0.696688225842281,-1.96946748851457
2.37,-0.00626707589995413,0.057358555495739,-0.0305654366977762,3.3306802313703,1.54397395157791,0.0292433583351873,0.544812171803858,-1.35070858590363
2.38,-0.00945777129441742,0.0559746772050858,-0.0248945539069755,3.25325749705383,1.25148521912812,-0.00157465454275144,0.131428152075721,3.24301849281182
2.39,0.0241835418255908,0.0596377849578857,0.0217277340838524,1.98762240899042,-1.12843085868129,0.0324150937548302,-0.594534296894736,0.317562779404746
2.4,-0.0201315700141778,0.0593967363238335,0.0665269659929647,4.12474672429287,-3.41313278814546,0.0693944807122722,0.156681454519596,-4.19381568560676
2.41,0.0278897014838831,0.0597958564758301,-0.00634742441559985,1.74516881681421,0.326813586539922,-0.0284108181478544,-0.598419402796992,-1.47802174573409
2.42,0.0283683723999503,0.0623205751180649,0.00526334602589786,1.63660800164867,-0.211747683095429,-0.0196562975886423,0.157878186927463,-1.4865976827396
2.43,-0.00509670844715045,0.058979656547308,-0.0105406455772153,3.2631969321058,0.584213144687211,0.00636045762502487,-0.35620932934748,1.14314382386474
2.44,0.0759439835614337,0.0621350854635239,-0.0247868192982659,-0.627702859894801,1.33773492789797,0.073467340033239,-0.243279761193012,-0.500202974437418
2.45,-0.0477599625765625,0.0566493943333626,0.0170163711841783,5.29992988071457,-0.780030610275551,-0.00139452561803385,0.240405963632193,0.901667540554779
2.46,-0.00812290776962327,0.0623807907104492,-0.0412848269135149,3.67646473547598,2.10698226564542,-0.0249028628785112,-0.511839487651905,-0.812475855660613
2.47,-0.0162314563680781,0.0541821978986263,-0.0156625370290044,3.59901595099341,0.888824738619477,0.0199876151271198,0.108684784608682,-3.36889686547266
2.48,0.0141677088474672,0.056356206536293,-0.0749640305336553,2.23416533706018,3.74828802060137,0.0714380034251483,-0.227247397506832,-4.23707483065865
2.49,0.0257223259272651,0.0607177093625069,-0.0263016868908636,1.82751396042747,1.33678507859255,0.0362765785824865,0.249878285018518,1.43463718610175
2.5,0.0138958942796169,0.0596905201673508,-0.0184403738230674,2.39065916888935,0.91044851801365,0.00374218698894718,-0.586672930851773,3.1964798109919
2.51,4.43477058568318,4.59999990463257,0.010136816600828,8.51495717401331,-0.438590326640787,-1.75452223574482,4.13203886290838,-3.65378101787645
2.52,4.2723593870425,4.59999990463257,0.0547541732959968,16.5865059310775,-2.55223851883879,-1.25588759351055,-4.08217502362796,-2.5538458233486
2.53,4.2711859349054,4.59999990463257,0.130586150210006,16.5747405613199,-6.4033701746714,0.294061453430595,4.34173165609252,-6.22783982688975
2.54,4.16519446395018,4.59999990463257,0.105356855888693,21.8855269510693,-5.06079291763012,3.74800328025913,-2.57728729864972,22.2742631387797
2.55,4.16687554180074,4.59999990463257,0.110421980018397,21.9133513569182,-5.32686806696265,0.346965043363973,-4.71894775056351,7.83426321645862
2.56,4.13396781022211,4.59999990463257,0.198426601283864,23.5741044949722,-9.73151803155105,-0.212023525405219,-3.88782941303945,10.0762828417817
2.57,3.98624446941197,4.59999990463257,0.231042701686656,30.834304218133,-11.2427093722758,-2.03378197438912,-3.94496014342064,-4.65094780615345
2.58,3.91619671484041,4.59999990463257,0.257966942736858,34.3459239841589,-12.5636085274382,3.61586675749728,-0.964407196156906,36.7508178779474
2.59,3.93049093303562,4.59999990463257,0.191970180416758,33.6168789553831,-9.23410182611608,-2.43145288139228,3.2787456700336,-29.0764181826633
2.6,3.83456198843058,4.59999990463257,0.154354727621427,38.5121952116159,-7.35981227384747,3.3318287490414,-1.30108179734931,37.517799028607
2.61,3.81835669378779,4.59999990463257,0.235588381115407,39.1446637113651,-11.2676422935728,-2.8423622211742,-2.6707749820873,-19.2576045763649
2.62,3.76821337119233,4.59999990463257,0.294183027421838,41.6903421533119,-14.1965866576714,-3.65383708070614,0.438059014219462,-44.2411010145923
2.63,3.65297348975221,4.59999990463257,0.331856953275693,47.5022280072794,-16.1237750517233,-3.43364090140828,1.72838336469035,-50.339739638346
2.64,3.70386461106386,4.59999990463257,0.341858151900176,45.0228904403582,-16.5562878838742,-3.37465933821772,-1.21339834265228,-29.994631786438
2.65,3.486742396675,4.59999990463257,0.316078562374089,47.9468468492468,-15.1279082803546,-2.36148874076637,-3.14843119969777,-16.6574574442004
2.66,3.54789251328012,4.59999990463257,0.359608036748258,47.9866070658399,-17.4137628112066,3.48052460422836,0.96356933996986,39.7976200287983
2.67,3.57480740523074,4.59999990463257,0.385131209834332,48.0294489268393,-18.5626910584631,-3.19371898216241,-1.4523866551322,-29.8393986519658
2.68,1.17836040906775,2.28593277931213,0.189388148937669,47.974714112666,-9.32718209966334,0.073506300349498,1.91862989457898,-14.4945656409961
2.69,-0.114277131470215,0.979040324687958,0.173195662866744,47.9323259315311,-8.64829686651128,-0.114395863361767,-0.0908456639491509,47.6964360290211
2.7,-0.320147250919381,0.712794005870819,0.0530842753622538,48.0435980892852,-2.74251788151671,0.293367194109266,-0.0756243399873609,-45.2594493415946
2.71,-0.335776131257776,0.65668249130249,0.0161931319174624,47.8525803261811,-0.958170560492381,0.107914101424812,-0.848041668269273,-14.379479887041
2.72,-0.495906607965356,0.650617003440857,-0.033299875410261,48.0444029659136,1.48267462813888,-0.485459381691089,-0.48250430626029,46.5582619784536
2.73,-0.393771289324261,0.640067934989929,0.0793621201791247,48.0150658986939,-3.87480168598687,-0.188232570680695,0.718178051375309,17.1016779972837
2.74,-0.410165502086097,0.645337879657745,0.0135291774252822,48.1146651432267,-0.846121791454835,0.388595334293452,0.414062185663109,-46.0132649883036
2.75,-0.380955612685418,0.645452260971069,-0.00957605674080807,47.831322525,0.160507962763667,-0.320955517659328,0.303051854731028,39.241943333581
2.76,-0.520795142554282,0.64605987071991,-0.0221527749423423,48.0727305210521,0.729032050687232,-0.276090602092184,0.736786006349829,26.552265259633
2.77,-0.468643179470805,0.640684604644775,0.0460426415109763,48.0916409041074,-2.23606581416806,0.358550484614178,0.717525070213378,-37.9971795851602
2.78,-0.324531585118603,0.647302746772766,0.00148131377789021,48.0349086088877,-0.0962840107561025,0.188054897140258,-0.532984923173818,-27.167860590053
2.79,-0.373965740124332,0.646723926067352,0.0086043818041982,47.9615952227517,-0.536494412757818,-0.299353706944887,-0.271330899432028,38.5722845964537
2.8,-0.458378065990879,0.654911637306213,-0.0886180770722275,48.0209455677611,4.23717092324654,0.348035922228443,0.0959924210433672,-32.6537181459318
2.81,-0.458018134997187,0.648440897464752,0.0232286576217403,48.0031697398288,-1.16663700707761,0.38019679931614,-1.34963206538846,-39.2008713187456
2.82,-0.308138547912459,0.647253692150116,0.0174310955858535,47.9448030977339,-0.883812041644386,-0.169427306677875,-1.35049139120742,27.9483002977925
2.83,-0.41545852588566,0.649829864501953,0.0347394114091822,48.0636390252049,-1.76602782827898,-0.356004431454795,0.467117502667141,39.991487930525
2.84,-0.499896828461532,0.654614925384521,-0.0563984994736441,48.0128840252754,2.67222019502964,0.454690189878217,-0.0758107234132803,-44.6383948862554
2.85,-0.424383779747498,0.646708607673645,0.0103452216203751,47.9192990555035,-0.505008959880715,-0.12486274193014,-1.0022671890926,15.0842637944593
2.86,-0.387577686028422,0.64259272813797,-0.0134088554023047,47.9620682715845,0.602578325928161,-0.364274089016177,0.391583395237268,45.7073867635259
2.87,-0.360694768651778,0.649466156959534,-0.0116859435619934,48.0816910067818,0.518793191666933,0.120587582969394,0.683157021180366,-15.2649273572515
2.88,-0.508772227664943,0.648595929145813,-0.0315739432892431,47.8467323369979,1.41360766594711,0.476562530096284,-0.0305233202281854,-45.7837587980307
2.89,-0.446601283464649,0.640594899654388,0.0543351475641129,47.9326730532503,-2.7393495168931,-0.446461898386207,0.586074568380024,48.4881905556638
2.9,-0.376829184033046,0.648064136505127,0.00650905115366082,48.0787008150428,-0.469229016332621,-0.0105443396806321,0.284980448108513,0.352687945210372
2.91,-0.373010594955053,0.648337721824646,-0.055291667975624,48.066072963153,2.71462721742752,0.37398063055207,-0.0357450021974498,-48.0385617486398
2.92,-0.4777627544407,0.648337781429291,0.0247365848805991,47.9199852268499,-1.38183295684807,0.0377476308066421,-0.625149741409785,-3.36342772883689
2.93,-0.485368341491567,0.643622815608978,0.000222489123425221,48.0064672558768,0.0269720790374481,-0.485041154130941,0.214196034272309,47.9812391803015
2.94,-0.409821673176556,0.647033512592316,0.0182670067845569,47.9924552419543,-0.945219732502862,0.380383401623578,0.981526932057093,-44.6007552342522
2.95,-0.343413966144782,0.646897375583649,-0.0511437902794112,48.039930483617,2.39641047668256,0.0690982123387533,0.530758467545144,-14.007681508633
2.96,-0.469085021081914,0.646028935909271,-0.100605179541699,47.9138479979576,4.86971805636814,-0.474645658617181,-0.930850094200199,46.6438602442009
2.97,-0.39415208265795,0.646774232387543,0.104796297445093,47.9245990865279,-5.26249896839995,-0.239049635279323,0.342392963663228,21.7606006230614
2.98,-0.39768240446669,0.644657075405121,0.0423948233261767,47.9507826835335,-2.1660722914309,0.354320408128092,0.148796612800884,-43.388586223718
2.99,-0.308666225172177,0.64646452665329,-0.013841103036953,48.007794152956,0.517482897211233,-0.248824158380913,-0.629036705259128,37.6311180861642
3,-0.483501799080596,0.649629354476929,0.00990970426545831,48.0177140035756,-0.736723006831661,-0.315080064977557,1.12800141736562,31.0580210359322
3.01,-0.494957478205344,0.643009543418884,0.105773705452979,47.8547296222454,-5.39987121001384,0.310691064126754,-0.0526815092798429,-33.6251953182747
3.02,-0.378619387390631,0.640290319919586,-0.00233078610689708,48.0823709936289,0.110685697844119,0.244966575321977,0.456702797487962,-31.0057020517971
3.03,-0.313502114623778,0.646635413169861,-0.0155354272963567,47.9651543022275,0.670472527144836,-0.245939813103336,0.0144942030609331,36.7417717986728
3.04,-0.438680735135892,0.647636294364929,-0.105316920372093,48.0164607002765,5.04390358803127,0.31779805808401,0.111123444953807,-29.2743521642571
3.05,-0.503630722500724,0.642561674118042,0.047180854551583,47.988783702016,-2.40329890599259,0.457231550522773,0.429026943463078,-42.6676420439763
3.06,-0.351142953684261,0.638160109519958,-0.0296402364143748,48.0230595058942,1.46408753224146,-0.201420812237133,0.119372325485902,25.8553310251635
3.07,-0.340912378334747,0.651925623416901,-0.0364196252937837,48.048154280988,1.75327720389691,-0.279024130596012,-0.274867799799452,41.047715892284
3.08,-0.387851270820254,0.649888217449188,-0.0100296398889611,47.9671833987098,0.336935363803383,0.377366852545198,0.363807109092947,-47.121853872188
3.09,-0.515350113241951,0.645902276039124,0.0467758706314655,48.0737404607217,-2.43529466323495,-0.0552501044386327,-0.201589522414395,7.23951602408937
3.1,-0.388982498789573,0.640569686889648,0.0165514913127474,48.1704681478235,-0.812250658052889,-0.385334437784095,0.473562293737763,47.1028255226296
3.11,-0.36097105130226,0.642099976539612,-0.0122585578702104,47.9981523683712,0.43619742738795,0.0746001197987687,0.325378070794788,-8.78744127943726
3.12,-0.442816593179598,0.644744515419006,-0.0359837885764717,48.1084439238901,1.54702192335858,0.431215517375139,0.115334577579585,-46.9250566026709
3.13,-0.512660190352674,0.642049908638,0.0946617857887724,47.9957959194415,-4.69657957532937,-0.493656621680888,-0.0503461322629118,46.5304273461395
3.14,-0.390951298723595,0.637659251689911,0.00707781007472794,48.0069311351572,-0.363955849841659,-0.068257782715735,1.1702011767136,7.96670085522867
3.15,-0.348788321301791,0.64778596162796,0.0246582593733969,47.9374643695582,-1.36672099812562,0.339641472275737,0.10311138578353,-46.7451631857477
3.16,-0.42435353624702,0.645470261573792,0.0454611813937193,48.109029811249,-2.46194784545475,0.121484557243295,0.0216505289113043,-11.4105901518327
3.17,-0.537745549558544,0.642688393592834,0.0393453379269221,47.913724966371,-2.05461518109629,-0.519978002940224,-0.209329040528466,46.6252909403799
3.18,-0.354315971416189,0.644178152084351,-0.0271757108329768,47.922029226329,1.37442147749166,0.323678222361501,0.813927960858489,-42.7543579160066
3.19,-0.380295887491089,0.646910846233368,-0.0132406784432257,48.0638724087042,0.46765288454996,0.17559611915648,0.216153375014746,-23.1872798864838
3.2,-0.429176799197152,0.639830112457275,-0.114070532707179,47.8598041089359,5.55434184940456,-0.428249572587109,-0.640572478137349,44.1716381757395
3.21,-0.520046979029433,0.643591642379761,0.00975324723365104,48.0636130367847,-0.624984798395508,-0.276304967112526,0.319029785943065,25.3387823655808
3.22,-0.418280440689743,0.641090750694275,0.0557577153527371,48.0758619658573,-2.86627989436032,0.326220344901051,0.269951248130899,-38.9851990365591
3.23,-0.285239164601663,0.641225814819336,-0.00908739301678002,46.5123337410091,0.33977388085024,-0.192424676118623,-0.67739703193203,30.5673009637801
3.24,-0.455579318304956,0.644076347351074,-0.0221591587520656,47.9673799600978,0.853778949611458,-0.336042177958075,0.191209051864764,35.9075513621353
3.25,-0.498167543318308,0.645587503910065,0.0290599339278619,48.0537166563902,-1.57833676944371,0.290785980333036,0.790991594167654,-28.6870102151533
3.26,-0.430173183653154,0.640508770942688,0.0564078119217866,47.8503547217621,-2.85381049986754,0.372991451092046,-0.773611227449644,-39.7955697980439
3.27,-0.357391579105408,0.649233996868134,0.050340096670916,48.122833024686,-2.65196380274051,-0.177167180077581,-0.808761248619048,26.6128947387296
3.28,-0.394406810473308,0.647666454315186,-0.135248067438711,47.9633256406761,6.64971127539868,0.260615673249058,0.423429491631864,-22.5575874933377
3.29,-0.559210313936973,0.643658995628357,-0.0168174428324117,47.9481397569737,0.633860317248422,0.523449768630808,-0.322588595451159,-44.9172510812905
3.3,-0.417332842228029,0.632592976093292,0.0554414953027183,48.0649300788341,-2.76928498415292,-0.0766912769799874,-0.388924177883896,12.3258315904878
3.31,-0.354739570728238,0.638294339179993,-0.0271273999266692,47.7673213181628,1.38673947393101,-0.330843406857588,0.504141278298319,45.6076124059908
3.32,-0.441238121638988,0.64406019449234,0.00517099171903362,47.9420364747348,-0.577849725899672,0.441170030485965,-0.218404591197497,-48.767797295402
3.33,-0.500642395763946,0.642532825469971,0.0186518025509289,48.0311962286677,-1.17637367769583,0.0309422329988058,-0.215197810713769,-2.36307104108616
3.34,-0.427259256659617,0.642679452896118,0.0265146358468761,47.8912906503884,-1.34675799624294,-0.425882411144336,0.222861065312647,48.08368136905
3.35,-0.388803084804331,0.640401363372803,0.033060939211545,48.119955721516,-1.70055783921307,-0.0543138687239206,-0.170179275957454,4.0757299702454
3.36,-0.370219296616993,0.640517890453339,-0.0303640711052165,48.0446473506506,1.27789195881781,0.371441009404618,0.156373502999409,-48.1139988270835
3.37,-0.51064949598411,0.641963541507721,0.0207299621223176,47.9514125068889,-1.22427533683784,-0.466171004621616,0.25265834708382,44.2958162239243
3.38,-0.405545525843179,0.641332685947418,0.0687933038567335,47.9802568726298,-3.41961734200094,-0.220391966217707,0.842575897052454,21.9782873094944
3.39,-0.40201105226067,0.64287143945694,0.0292982672524337,48.055078563601,-1.52627770074927,0.35648836486023,-0.494053579499585,-43.2601705271441
3.4,-0.416778120271901,0.641907572746277,-0.0105484161032489,47.9316701620738,0.407514867192825,0.163824943672274,-0.972753289330255,-19.1620367474823
3.41,-0.539157893865304,0.642518520355225,-0.0138486232606413,47.9952113455626,0.418591404544173,-0.492541952521033,0.162219012194688,43.4947050674263
3.42,-0.426845190130239,0.640459716320038,0.0431635479761489,48.0269457127415,-2.1184789234471,0.28086099347841,1.02521107741186,-33.3402008217249
3.43,-0.363304379344425,0.639435350894928,0.0617153363355683,48.1904566431516,-3.10077310861831,0.297823882923179,0.281518200591845,-36.0254946565239
3.44,-0.350405494919893,0.640954554080963,-0.0186048140030263,47.9997457688079,0.813843428280364,-0.259872606798562,-0.182684597642626,34.1716328492401
3.45,-0.490650248234679,0.640907943248749,0.0264444694096297,48.1811813769482,-1.53367194602483,-0.372703171081497,-0.460648504481836,36.2372140831552
3.46,-0.427161552704029,0.642291903495789,0.0745205211328991,48.0572042617339,-3.75612966485487,0.235255421354713,-0.386861818726567,-29.6261456277402
3.47,-0.335967637471014,0.638085901737213,0.0624073141674548,48.128883071528,-3.09712712029061,-0.0847784499354954,-0.310129477664883,16.850542227297
3.48,-0.431209205036236,0.639063358306885,-0.0172717628760471,48.0513010298202,0.67704604470817,-0.387291693266768,0.313487229359296,43.126867274253
3.49,-0.492568337905279,0.640828907489777,-0.0946841917948944,48.1302544570334,4.53056122381753,0.278631070806656,0.346271778988384,-23.1202140806853
3.5,-0.454604527276672,0.6410773396492,0.0100603616695975,47.976064135277,-0.439718981552409,0.425721884905074,-1.09114872395718,-44.9339763545482
3.51,-0.419363924480314,0.644717931747437,0.00778606042484256,48.0461816611011,-0.429582820177168,-0.142099277290391,-0.430195943726407,16.572574765103
3.52,-0.407110938003038,0.640981197357178,-0.00768907236144564,47.9877443973703,0.245297465081343,0.0288939468967861,0.221773566337658,-2.50658153675975
3.53,-0.455850065505242,0.638771176338196,-0.0411149279754816,47.9641470309835,1.85795968920576,0.45419791309443,-0.380978785827112,-48.1309459500471
3.54,-0.448587451345703,0.631666541099548,0.0633416013686586,47.7782661175013,-3.153010390101,0.056773831000713,-0.140006485439291,-3.19724473717634
3.55,-0.439389502219995,0.631378412246704,0.0055590108064946,48.1020539189129,-0.313693852345665,-0.439360187882309,-1.08045433549894,48.102696703902
3.56,-0.380333925090925,0.639480113983154,-0.00838285510819811,48.0988113781892,0.305128960669612,0.363884833389674,0.447216175413441,-45.4970071847601
3.57,-0.469805825522343,0.648696482181549,-0.0108170362208046,48.0264501195872,0.323766065839738,0.144935205967746,-0.842248639243513,-15.3936430487392
3.58,-0.524660075820381,0.641223847866058,0.0659109339230996,47.8116897792754,-3.45733520169071,-0.469144079488811,-0.38672525554291,44.4042899358467
3.59,-0.404511336520402,0.644396483898163,0.0819580491014397,48.0351716805236,-4.12907270545019,-0.223768665768224,0.00804063716288922,21.388901163473
3.6,-0.347743239795929,0.641982138156891,-0.0153509420312994,48.1966145013284,0.637818480384241,0.327294768418659,0.19855790170645,-44.2960723734526
3.61,-0.367821859286484,0.641799628734589,0.0280860276859521,48.0397666773006,-1.77853069223456,-0.261802891485036,-0.686361839330711,35.6294967940699
3.62,-0.458742982410647,0.641348004341125,-0.012123061616478,48.1191093202695,0.497315826021909,-0.295177478317598,0.239955979193934,31.5854738508494
3.63,-0.457412576371279,0.62825345993042,0.0510252837192876,48.1510741961042,-2.55516726086472,0.301470068954065,0.696740404831627,-33.9818388493276
3.64,-0.345051568155956,0.639684021472931,0.0273095434135708,48.0937976160401,-1.51485756178333,0.258860682025262,-0.280108106817742,-34.1255223370634
3.65,-0.390920503004569,0.641940772533417,-0.0596069534115185,48.1530444487607,2.7985145489289,-0.318392935632093,-0.112425238671121,35.5893893028894
3.66,-0.495813386537944,0.640919804573059,0.00332492770569063,48.0741338375723,-0.393491333481286,0.221613434357971,0.470592564116209,-21.6228461841904
3.67,-0.403254664238448,0.638871669769287,0.00193481301075066,47.9070723894569,-0.0740100541732143,0.36388292441291,-0.619028272892902,-42.9306224392325
3.68,-0.365620957105029,0.636418521404266,-0.013524523264512,47.9779892159893,0.508913326411616,-0.164515308988699,-0.699204523019654,20.7150014219882
3.69,-0.438667465560808,0.644354522228241,-0.034418562913988,48.1180063272752,1.51149895514361,-0.388875221971216,-0.266346045431362,43.1792889925036
3.7,-0.547278444640584,0.638181030750275,-0.0316053226330325,47.9485456146746,1.37611555260017,0.236229445403473,0.945226855407769,-19.6167063982868
3.71,-0.470712492535347,0.639817357063293,0.0475741786182437,47.9931111033724,-2.31880687010326,0.0132515511712101,-1.3149029077399,0.865505402732993
3.72,-0.336730113142832,0.638640165328979,0.0806309211478948,47.9315980150399,-4.19337657079276,-0.340464456184335,-0.153984732277116,47.915602609685
3.73,-0.355142957898018,0.649114847183228,0.0348105922602449,47.9289470365041,-1.92717662158259,-0.0236363500701962,0.614173474248456,0.230463887720164
3.74,-0.443672684736219,0.642389118671417,-0.0560947944034159,47.7928430555738,2.51761878357681,0.443063076325932,0.0495670329051508,-47.7854919106106
3.75,-0.456470281862603,0.641256928443909,0.0177419221024113,48.0703314910704,-0.962242004741558,0.0226908404668288,-0.639077585293867,-1.61199498876071
3.76,-0.365985484586939,0.632495105266571,0.0883812631082895,47.9945823046862,-4.58101833637668,-0.20142640889982,-0.287244981851011,19.8373941860233
3.77,-0.36678005733461,0.640553772449493,0.00779017868774104,47.8369088646056,-0.480758460134321,0.341938250821076,0.878151463931346,-45.0571076753893
3.78,-0.470243870841072,0.636700630187988,-0.0897673330052292,48.0296814874655,4.19176353175614,0.0870267108061507,-0.224271649412931,-13.405119819475
3.79,-0.437087452990921,0.64078551530838,0.0202595267091227,48.0951268827223,-1.08314133675686,-0.395868270480648,-0.158556478709498,43.9562442062095
3.8,-0.356649242197539,0.640851974487305,0.0512498556456612,48.0730382861898,-2.61159604275738,0.237105249971747,0.258884781301457,-34.2685444553073
3.81,-0.333180607027294,0.638463735580444,-0.0163970028143778,48.0128231925547,0.753847974047991,0.21049766476875,-0.443607815326019,-32.2217002192937
3.82,-0.413935048382176,0.642709851264954,0.0568081233093259,47.9148439560571,-2.98145089499171,-0.262733184054324,-0.528241646217034,33.0699378727632
3.83,-0.455071517433241,0.63795405626297,0.0776918512150778,48.0858530640088,-3.9505056281041,-0.37447809884929,0.349963904411884,36.5370135076575
3.84,-0.36981392540663,0.642611682415009,0.121575717503047,48.1346389685098,-6.15741795938682,0.170678176559342,0.719459505699749,-29.1473478530767
3.85,-0.324888007753827,0.643476247787476,-0.0210138576080469,48.0346646661042,0.905679374660964,-0.161773048729249,-0.184421944129458,22.0131124884271
3.86,-0.449773607169934,0.636969566345215,-0.115718722611581,48.0838123625902,5.51364602248628,-0.359788708481128,1.04631776130289,40.7071479367732
3.87,-0.521425274024431,0.640986025333405,0.0644183253274707,47.9973164308582,-3.25206160827542,0.148520647100582,0.623665651936345,-15.9828080244698
3.88,-0.400917545512772,0.635370254516602,0.0672613828536069,47.9123974243434,-3.41020085574316,0.396697802006602,0.043860345571754,-45.5490433065911
3.89,-0.389969909383666,0.638531982898712,0.0130553843651476,47.9827240664882,-0.716677841403172,-0.126571296777533,-0.16402527648351,16.9888037407216
3.9,-0.457241818609554,0.643621146678925,-0.0178064972017562,47.9447326411881,0.665825519555205,0.038816669830466,-0.221070227628264,-3.19216856403628
3.91,-0.536424976332626,0.642451047897339,0.030452190207532,48.2140145633793,-1.68614319502016,0.536977943561937,-0.107885531215626,-47.9447254753671
3.92,-0.415379026689043,0.631893873214722,0.0752126964549983,48.0558404703963,-3.74789245276765,0.075663407311107,-1.22880483282987,-3.25001260472341
3.93,-0.337221632087356,0.640136301517487,-0.0128748635593163,47.9212556283901,0.589286329269382,-0.337438929995301,-0.744569290551103,48.3081894412232
3.94,-0.438957842920566,0.638402760028839,-0.034652122330323,48.1015709068055,1.52201124145818,0.0131050907826997,-0.0230682662445014,0.978705245325108
3.95,-0.459638285041778,0.63524603843689,0.0192141850361306,48.0088874337682,-1.12213651370157,0.183148344923563,-0.176179836145164,-18.5041127613704
3.96,-0.441939435601216,0.632015824317932,0.0613811724511471,47.9092447074834,-3.11977388188809,-0.384885522192797,-0.367063519591851,43.3223164442168
3.97,-0.377222950947397,0.630717098712921,-0.00275091816388171,47.9492621661,-0.0177015151003151,-0.150361497275668,-0.0282931956567825,19.9405236756899
3.98,-0.396409871414676,0.634048581123352,-0.0515243235550058,47.8724756010288,2.44550452048636,0.380269093936884,0.126249431146139,-44.3293100786241
3.99,-0.527767211557056,0.631793260574341,-0.0162787747543048,47.8736981442953,0.557483834120636,0.223729510829999,-1.32043891743104,-20.6790002471792
4,-0.401371489560389,0.634282827377319,0.091426964282278,48.250483669524,-4.5243415989571,-0.349131481184275,0.944990219514267,37.4493019446177
4.01,-0.381618037331031,0.636082172393799,0.0379303418177276,48.0431189653113,-1.90445800374448,0.234591095334601,0.164032124066748,-31.6150665329159
4.02,-0.333459904505155,0.639711856842041,-0.00951316757870338,48.0089746075702,0.299363953183887,0.241557392544783,-0.254517664572769,-35.5413196571927
4.03,-0.455582091013241,0.640421807765961,0.036403871721698,47.7502355377321,-2.09435310176699,-0.268279910612409,-0.0222148621596269,29.890826681845
4.04,-0.47236222998265,0.635567843914032,-0.0195744150307377,48.0345690946389,0.86835543986769,0.196425006120248,0.123727134208819,-19.2587107523663
4.05,-0.316952495682725,0.629689931869507,0.0586237256751318,48.012268011882,-2.92791489560783,0.317239824335805,-0.146971685184854,-46.0175819383651
4.06,-0.422753974907514,0.636716842651367,-0.0297265580240137,47.9080232368066,1.33996928711022,-0.167041259256353,-0.50971444050945,16.8780077382706
4.07,-0.453661045312252,0.640540361404419,-0.0544424297225507,47.9128511796963,2.49834060918081,-0.415548555400226,0.203272351987088,44.6744415419256
4.08,-0.463415075769599,0.634709596633911,0.0884980550451746,48.062364160117,-4.38727858305077,0.0446079044321771,0.70664433816186,-9.37645160479161
4.09,-0.407195240155975,0.638343691825867,-0.0153151097419188,48.024136332988,0.685905994765272,-0.000161646001971664,0.0347209672524091,-1.17254805103406
4.1,-0.387184794788626,0.639020442962646,-0.0333868570927177,48.0818891508451,1.67492869776081,-0.388517746922845,-0.691294926857056,47.8858544605926
4.11,-0.407474320775203,0.642890095710754,0.0461174031102153,47.8833296130431,-2.53158103313412,-0.0820788253370872,0.794187594408423,6.21984991277658
4.12,-0.545098709370885,0.643362283706665,0.0383052631786558,48.1303580502733,-2.00469698837113,0.537136987554573,0.0661912923005435,-47.2062056335416
4.13,-0.420304879586285,0.63190495967865,0.0499363327519559,48.1003788714878,-2.51767136634781,0.108542630004962,-1.01213375922271,-9.41281913867869
4.14,-0.351618022089876,0.634124338626862,-0.0643644069969582,47.8984428202749,3.10089704987707,-0.0992953763246207,0.836675100274995,18.9485565079567
4.15,-0.431487241814644,0.639905333518982,-0.0704938629924113,47.9920996357638,3.38066634840177,0.414014722757213,0.303770219259945,-44.09810115276
4.16,-0.528467451725786,0.6358323097229,0.000202512097304524,47.9599913208133,-0.221064291971227,0.260907233062059,-0.354942274631751,-23.9811438707591
4.17,-0.435556618435047,0.640146434307098,0.0270245245936228,48.0133486289936,-1.36621808429404,-0.359029963387934,-0.377700405496931,40.2283295914386
4.18,-0.341791968328349,0.646380066871643,-0.0491497017593913,48.0169136002732,2.33265702901876,-0.142689947332503,0.952097304800731,24.1500180669643
4.19,-0.40146198744737,0.6395263671875,0.0337877694271442,47.9371066453225,-1.84365961080655,0.333255270128098,-1.50568924645935,-38.5662957854179
4.2,-0.492226751460047,0.635515689849854,0.022275933834738,48.0290748200941,-1.35782255572318,-0.281369993581931,-0.16446012054537,27.8793285006229
4.21,-0.398970738471409,0.636654317378998,0.0694965471395881,48.1048773250301,-3.41986403935403,-0.364149074765841,-0.161356463247687,40.7393497409941
4.22,-0.409802002955486,0.637549340724945,-0.0110665703395249,47.9926421261004,0.548083833389742,0.239873286825444,0.40523828137203,-27.2915755069361
4.23,-0.382861251294106,0.642496347427368,-0.0667838340329948,48.0255245381855,3.15527895637319,0.286099730171859,-0.449454984490186,-38.6356586488275
4.24,-0.461734515793945,0.63811069726944,-0.00886687850237203,47.8062051928933,0.243612864375981,-0.445431099149423,1.17173699089388,46.3641499681332
4.25,-0.406663180583575,0.631301462650299,0.0124016046177286,48.00436514741,-0.574145962842936,0.0764715574549734,-0.071938275410028,-10.302286895573
4.26,-0.349792564898568,0.633022725582123,0.105364524050826,47.994159388727,-5.41900056204568,0.363435274580698,-0.21406540002795,-47.9482711610788
4.27,-0.327380548413002,0.640779614448547,-0.0148335104476152,47.9504757734355,0.612529657140428,-0.0678296674092059,-0.0486097331547173,8.80025195211276
4.28,-0.506048232254103,0.64053750038147,-0.0765342770007492,47.8832481488758,3.58142884130319,-0.00480337569312943,-0.907443223081594,4.20006885018371
4.29,-0.469548111317299,0.633269548416138,0.0886144722974996,47.9896860684705,-4.41274740100675,0.444795429233254,0.345706378692428,-46.3712123969913
4.3,-0.399764960526693,0.6334148645401,-0.0137052444714845,48.2111681705332,0.701407473537405,0.0722288604494358,-0.841857776738434,-9.57875062555781
4.31,-0.414706442189167,0.633371114730835,-0.00483533137545261,47.9476187773026,0.0421378455396567,-0.403507341899447,0.330116201480197,46.6448494755855
4.32,-0.448674734838792,0.64116233587265,0.00620981772741075,48.1926215167377,-0.47656061293271,-0.127457031447093,0.595738869911331,14.1536025858866
4.33,-0.499187475913092,0.633812665939331,0.057004416353405,47.9073703310227,-3.01348108318974,0.328000034386674,-0.164544319897703,-29.7198877926004
4.34,-0.414637010666868,0.630959928035736,0.11848174468145,48.0106693804752,-5.96455824144439,-0.266231077859229,-0.364446777173589,34.9215591532331
4.35,-0.342583321150462,0.63801783323288,-0.0730503999403776,48.0081837377887,3.49497878905212,-0.15119168017206,1.11789619918614,26.2440683016008
4.36,-0.420449676623039,0.641711413860321,-0.0360860917273328,48.1100239847129,1.6222007123684,0.348320017428355,0.166250224003753,-38.2421943779811
4.37,-0.563714645596758,0.628134489059448,-0.0215155531190679,48.0302034987043,0.888263469910262,0.353516039864836,-0.876351193405458,-31.4005499261177
4.38,-0.461975591953211,0.629695773124695,0.0175503549048915,48.1189405624287,-0.775986155967852,-0.407363062531375,-0.106193785186897,41.8540620761457
4.39,-0.336300974257344,0.633305907249451,-0.0162466015848456,47.9718604937094,0.804633868857667,0.175637896828953,0.800645115688549,-23.5216000617594
4.4,-0.389175199553992,0.640581846237183,0.0307869178173044,48.0189110871242,-1.84485688918949,0.360825618796243,-0.627573529597833,-43.0473077678938
4.41,-0.528338449719243,0.639050662517548,-0.0251623643381917,48.0524172526665,1.0914711945496,-0.248139996014219,-0.290453114729203,21.4208885185186
4.42,-0.46405971644798,0.626297175884247,0.0992387698955998,47.9911579505451,-4.97343135928258,-0.465150242062923,0.0419184649643094,46.0307986141584
4.43,-0.350817078973615,0.635988533496857,0.0246557028784001,47.9607998010758,-1.19617897633404,0.351644793888602,0.76953307786865,-48.4098222249491
4.44,-0.421761830346839,0.634356439113617,0.0331345926270099,48.0250823807582,-1.83545948785571,0.010192094728805,0.194801701984256,0.3380990329559
4.45,-0.450001048820649,0.635404825210571,-0.0224110866183317,48.1847949869173,0.886366714612004,-0.449339695350333,-0.0587814182197739,47.7793435033347
4.46,-0.463666170417681,0.633246541023254,0.0626821745780013,47.9666501873424,-3.19656043023776,-0.0658898069992397,0.0352258430236656,3.49524235887873
4.47,-0.421442287500235,0.637523353099823,0.0605435619250389,48.0868616904203,-3.08284568296402,0.194563875826967,-0.483526975574243,-18.9980807293238
4.48,-0.345883896153566,0.643891572952271,0.0203979558911449,48.1729895712211,-1.04272626196496,-0.31633254456847,0.620908846903442,44.7586909487003
4.49,-0.456909228184145,0.645231902599335,0.015797439454228,48.0350719468555,-0.929165912608284,-0.188775517309007,0.161783571609645,19.331969099665
4.5,-0.4659957389521,0.63569188117981,0.0124898390413697,47.8653508013912,-0.65949556282276,0.419998430326474,-0.280103436614293,-44.2197133135645
4.51,-5.42671708177988,-4.59999990463257,-0.468846655557685,42.1077570743473,22.5355010131191,-0.385872814210143,-6.3444276197441,22.0492001165292
4.52,-5.3504485284627,-4.59999990463257,-0.422320843951254,38.3817129257902,20.2668615856825,5.11392613769655,1.5081195086637,-42.9112060868139
4.53,-5.4206399134482,-4.59999990463257,-0.327895137040174,41.8974468777295,15.5467207844282,-4.20540594866176,2.76066350982339,24.3876106713319
4.54,-5.2786747244676,-4.59999990463257,-0.232640511772216,34.6110475786732,10.8762797013229,-4.91401581614448,-1.52568868714182,35.9715917118386
4.55,-5.14675506428257,-4.59999990463257,-0.330072832048752,28.235860804269,15.7383637263879,-4.89156028828753,-1.35893146863015,32.3107631112916
4.56,-5.19071179678751,-4.59999990463257,-0.1727035331563,30.5781165036405,8.14710765185883,-3.78984776888701,3.4961358835367,17.7799379913559
4.57,-5.14101924364931,-4.59999990463257,-0.261732646693721,27.941813154584,12.4657426407746,5.04717698318938,1.40950735812269,-30.3797677704325
4.58,-5.10263465538235,-4.59999990463257,-0.188676602632072,25.7850651185403,8.97607525259795,-5.07009293183804,-0.360322908383828,27.0686704142036
4.59,-5.02070947241718,-4.59999990463257,-0.24809519238699,21.7937382287947,11.8971744462053,2.54107692658829,-4.85593841729853,-2.35947746079909
4.6,-4.85421286210642,-4.59999990463257,-0.206314850996259,13.6265445512539,9.94787902441642,1.00597183248414,-4.13415525418017,6.21692984518504
4.61,-4.89030209521644,-4.59999990463257,-0.10068373905468,15.2328765802312,4.79426374229827,0.682722837978758,-5.14831237025594,1.94980572062376
4.62,-4.75262630048436,-4.59999990463257,-0.0987777073997351,8.61376989907338,4.72851346315518,-3.95298764155461,-2.81761931762284,9.91255794962541
4.63,-4.72811210209517,-4.59999990463257,-0.115785240033817,7.25470202728744,5.64749603219259,-0.0670091163932487,5.36965758462643,-5.75942272180391
4.64,-4.65484423393174,-4.59999990463257,-0.0550709252818899,3.58078385748231,2.60787153718571,0.0788471440018104,-4.40869731246261,2.72300254490225
4.65,-4.61260315742139,-4.59999990463257,-0.0590204067716111,1.46130013871687,2.86578698191026,3.86554259523885,2.14211226019721,-2.68852962944319
4.66,-4.52039861261777,-4.59999990463257,-0.0880397872572893,-3.16873142260129,4.35838941617551,-0.703677915175039,3.64438707384106,-5.03803432816889
4.67,-0.899205458177322,-0.930795550346375,0.0863725762422913,-0.659280099131498,-4.34362485603231,-0.515252437865217,0.89279161653236,3.65612047993575
4.68,-0.183277375958012,-0.190275505185127,0.0690001942429686,0.506885643690566,-3.43315463136744,-0.160089518841213,0.530572705933884,2.96183894700073
4.69,-0.0638954769301716,-0.0497719645500183,-0.00244374707815972,1.52172326582759,0.0830760734520222,-0.0360774729428182,0.0862450353351282,0.688447901336308
4.7,-0.00572226368887897,-0.0190229117870331,0.00834348751012442,0.222267788509785,-0.3281751645237,-0.0100936713213661,-0.424189667453935,0.116426310272977
4.71,0.01781130972717,-0.00256657600402832,-0.0742702041705738,-0.289919450200931,3.68075384909513,0.0683364537787035,0.260506427672575,-3.32172046417252
4.72,-0.0164715909824727,-0.00775149464607239,0.0243133910562598,1.39533020556155,-1.1760549725659,-0.0291143697807848,0.315126429507388,1.95194512368718
4.73,0.0261144603153009,-0.00605128705501556,0.0501788905107655,-0.722342519768247,-2.59018922047999,-0.0186134823664889,-0.117772607508446,2.145126026922
4.74,0.0102243443351077,-0.0120033174753189,0.00524441423258443,-0.338404184282319,-0.261068713193588,0.00351872880074321,-0.0679088650817792,-0.422470774144913
4.75,0.0678363503254805,-0.00396078824996948,0.0439470799479176,-2.76577607442463,-2.2033291150654,0.0191380255535613,-0.640258318247593,-0.345023343826403
4.76,-0.0435200706166261,-0.00836321711540222,-0.0539304438358927,2.7085592251697,2.71002030972028,0.0034089274795997,-0.170779585292387,-0.0610420953943299
4.77,-0.00438964477414512,-0.011464536190033,0.00901226906659265,0.372726782804253,-0.485740022916377,-0.00916035397196416,-0.10003453638761,0.703029834208502
4.78,0.0237890542249915,-0.00200718641281128,-0.0630159264913288,-0.410093290008866,3.12094701472576,0.0578098501260735,0.624120637517386,-2.44876827499295
4.79,-0.036801538551736,-0.00603578984737396,-0.00994553545300345,2.36824884437142,0.408968286213197,-0.0235071338850634,0.103301132636266,1.43250844477516
4.8,-0.0330723447836534,-0.00774985551834106,-0.0581808533182033,2.09447108593497,2.85788179321171,0.00646571379585933,0.309445001744032,-0.199459438244978
4.81,0.00137787514090015,-0.0121347606182098,0.0144401459791233,0.174906014457241,-0.738443227483967,-0.00682621001780397,0.078939382833013,0.790032878460915
4.82,0.029279371231262,-0.005345419049263,-0.0124605011728159,-0.982681047023028,0.764164135740435,0.0314433919784977,-0.214607981353503,-1.41414413052551
4.83,-0.0269115224726727,-0.00642287731170654,0.0215355833905014,2.0131816800636,-1.11638372311492,-0.0340969681840983,0.354176980120525,1.44034477681601
4.84,-0.0107168950035651,-0.00894132256507874,-0.00759841904629195,0.90875759565786,0.454231745707681,-0.00576207668099288,-0.093966667600387,0.550638303453549
4.85,0.0140625611338348,-0.00700707733631134,-0.00805430184353469,-0.0787723608279277,0.390507053789048,0.0161870933650364,-0.220484236476889,-0.194512879460228
4.86,-0.0365068909773679,-0.00756010413169861,0.05896198369437,2.38934667330917,-3.04581044189433,-0.0582991188698798,-0.570251344539026,3.19944615132157
4.87,-0.0210554494928873,-0.0054021030664444,0.0584251076494013,1.55595563564891,-3.08806985612478,-0.0428749499807556,0.261831282767456,2.13602559331862
4.88,0.0141854510303517,-0.00495992600917816,0.0596105762902791,-0.225905689051797,-3.04763595186402,-0.0094390076640129,0.0404286016960882,0.74601411974415
4.89,0.0306835052424492,-0.00694382190704346,-0.0650538235383004,-0.866507791011503,3.19679699267538,0.0516324386304466,0.187041740223048,-2.12226886824997
4.9,0.0623765804462775,-0.00929908454418182,-0.0653672890338104,-2.47366431596727,3.27070662478027,0.0802709524946268,0.27546308131723,-3.69235309358156
4.91,-0.00941854552298637,-0.00914067029953003,-0.0022170986579284,0.833516293568454,0.10364472262381,-0.00832414518802954,0.218489365327355,0.783097145788448
4.92,0.0322898633697458,-0.000336408615112305,-0.00157758235633555,-0.800253363145142,0.073394246192156,0.0314973936625165,-0.231243257071322,-0.644122635316026
4.93,-0.0383052605390079,-0.011028841137886,0.0587648181553997,2.35758031493881,-3.04299569589553,-0.0515673163066121,0.0708226279130073,2.57902821667044
4.94,0.0706148814617317,-0.0170378088951111,0.00111808784209198,-3.5369300902302,-0.0651121413174528,0.0686680712677663,0.0535935996608973,-3.52808851674165
4.95,0.0161732884652567,-0.00825922191143036,0.0580778611034866,-0.35186447216839,-2.93140275684598,0.00481435601099592,-0.121790681140593,0.126386392717897
4.96,0.0495990602036448,-0.0064321905374527,0.0616188431982206,-1.93262631555707,-3.08750668940873,0.038889136108961,-0.554596613089721,-0.967701478133864
4.97,-0.0195776388663412,-0.0106267780065536,0.00315095467105491,1.28782395438204,-0.20295008705729,-0.0198240478444339,-0.371620129111309,1.05948699977486
4.98,0.00931250342364596,-0.00863423943519592,0.00285411066188263,-0.0210513072863852,-0.097392114984413,0.00895008587669369,-0.0275213894957426,-0.341189677761851
4.99,-0.0431855760233415,-0.00714325904846191,-0.0254076494243498,2.67798060753764,1.29519843020236,-0.0410036432532699,-0.285052866115806,3.00748945135228
5,-0.0196112030544539,-0.0118087828159332,0.00484582677420388,1.12878292854241,-0.261198471590232,-0.0198398864058133,0.240516450084747,1.22217174927362
5.01,0.023380127624543,-0.00151267647743225,0.00849978756699384,-0.47932740548285,-0.441538367016292,0.0231537655474483,0.122364649290061,0.0496938442780021
5.02,-0.0453211558735882,-0.00550751388072968,0.0551346880638534,2.75215697157196,-2.69006563733476,-0.0452530390179756,0.282181169710025,2.24209984197484
5.03,0.0963322441285288,-0.00187547504901886,0.0151716814619387,-4.10138109452003,-0.746491708836635,0.0967218786465969,-0.206985297826165,-4.18855943546166
5.04,-0.0699883892367127,-0.00571127235889435,-0.00529778949083665,4.00118974232465,0.291173117581572,-0.0701741935746176,0.297758747119543,4.61520549194658
5.05,-0.0315043576036008,-0.00449681282043457,0.00655406184271639,2.06334086155457,-0.306191752705445,-0.0308616610444431,-0.11265646902683,2.02498346222813
5.06,0.0236110493785387,-0.000550791621208191,-0.0521881464968927,-0.269995865389508,2.6560192948866,0.0178407505841874,-1.23633897402399,0.385490944207122
5.07,-0.0292492426329425,-0.00499016046524048,-0.0280304151989321,2.10454583645426,1.42047952498713,-0.032752439362335,-0.241841889492722,2.13005741737443
5.08,-0.0111753536178844,-0.00872009992599487,0.0122399026232343,0.874330160085302,-0.59340555714262,-0.00905725219050273,-0.0194948725756209,0.827981961623839
5.09,-0.0686196903994303,-0.00993472337722778,-0.0130950971778084,3.91954145051623,0.66059059547697,-0.0698580200120257,-0.740858989198304,3.92225340779714
5.1,-0.0328181701966691,-0.00688634812831879,0.00870050081934002,2.21234622105407,-0.329910123541009,-0.0301948248448616,0.255438544112044,1.59328540550739
5.11,0.0138495715111052,-0.00443252921104431,-0.0458898231783517,-0.0549531571637931,2.34257753295489,0.00240743083916983,0.249015330778187,0.493828940013125
5.12,0.049493598768108,-0.00617587566375732,0.0252603343313869,-1.93739779519038,-1.45212463737786,0.0544342614546542,0.398015334063662,-2.26122435813981
5.13,-0.025658614513471,-0.0127673447132111,-0.00468952698219317,1.55561715402384,0.0589552249389367,-0.0259089603045253,0.431404773858821,1.33858046866694
5.14,-0.0724563327533142,-0.00857590138912201,-0.0228244314415533,4.11379558268951,1.12061519829493,-0.075954014702484,0.193307330646179,4.29745222332045
5.15,0.0709199738573627,-0.00370673835277557,-0.0165199337792549,-3.00474960292587,0.827036961284854,0.0609639798327744,-0.448679966644288,-2.29087584676278
5.16,0.00246909243697399,-0.0040944367647171,-0.0253889854050208,0.579936791065916,1.26707604477905,-0.00703394913508604,-0.337067884512445,0.73650744782361
5.17,-0.060407273222097,-0.00533150136470795,-0.0169145957201453,3.59358444429717,0.807326329530793,-0.0622034246667511,-0.210774649365172,3.40585406947338
5.18,-0.00191506060454097,-0.00737401843070984,-0.0277958824275856,0.527506527293926,1.38615797496413,-0.0133120395633115,0.0477698358517966,1.26990563561414
5.19,-0.0605921482227705,-0.00607606768608093,-0.0168080972201431,3.51555249886013,0.855380226841518,-0.0618049076493294,-1.81313721371165,3.79330450598292
5.2,-0.001389416769622,-0.0064597874879837,-0.0259369453889421,0.414556310540605,1.26935543954247,-0.0132579100006847,0.0475504525080082,0.898913758891022
5.21,-0.0593538884555844,-0.00503091514110565,-0.0167109798121231,3.61794744516166,0.816382006585427,-0.0599839162334063,-0.0779813263347042,3.64985709115028
5.22,-0.000938980434535502,-0.0057891309261322,-0.0240327604077447,0.530961673625952,1.23647042856277,-0.0130488636537128,0.0256423200854407,0.820555422306213
5.23,-0.0607857641619909,-0.00488100945949554,-0.0196405882053533,3.45465492446401,1.01851683771842,-0.0619226090971752,0.0507670562369571,3.44442592332744
5.24,-0.00366090950288051,-0.00498457252979279,-0.02094470333263,0.833588166396305,1.05026901658816,-0.014643822192627,0.425454617248501,1.46568082251176
5.25,-0.0542131254693882,4.51207160949707e-05,-0.0142934233543225,3.56144458336816,0.720715015213996,-0.0525762445340056,-0.193067065936864,3.18418549176949
5.26,-0.0115670377575534,-0.0093226283788681,-0.0113123643359619,1.01653391047277,0.434010520062313,-0.0160293938362228,-0.264296227254594,1.16950729248644
5.27,0.037219948215485,-0.00384072959423065,-0.00425400280113629,-1.19033165063492,0.201332990443179,0.0266759926559447,-0.15680419152379,-0.837295690577832
5.28,-0.0324390627547545,-0.0132147967815399,0.00101831214322485,1.84418304280774,-0.103472695217912,-0.0243434624104948,-0.168564028352609,1.36233259593924
5.29,0.00814243036610124,-0.010973185300827,-0.000248205229042223,-0.0248536003576909,0.0503563766731737,0.00597050879118932,0.262155622853898,-0.0504214254694579
5.3,-0.0429135356698583,-0.0082763284444809,0.000611126118551786,2.50213477324683,-0.133426345488947,-0.0311544330043115,-0.494480642153121,1.57194700549128
5.31,-0.0169003980555091,-0.0158009231090546,6.56560050914592e-05,0.86401449323675,0.086908221036152,-0.0120773539154422,-0.577406657470227,0.380635154403535
5.32,0.0430913455889157,-0.00114740431308746,0.000633443330240398,-1.47622005503246,0.012247912692482,0.0305643238356617,-0.237411888286655,-1.05427172836617
5.33,-0.0296545949939475,-0.0136713534593582,-0.00083916851784452,1.67171150500555,0.0282894310507726,-0.020769530259167,-0.112285466076278,1.30207770560767
5.34,0.0174543713544982,-0.00810234248638153,0.000860504162371505,-0.549400462630216,-0.0796548764876966,0.0121710843930359,-0.0656564127052052,-1.15434657068995
5.35,-0.0389132250802748,-0.0106126815080643,-0.00166752078706173,2.35772670748771,0.0237429979954039,-0.0261969015093086,-0.519584163920569,1.55387082178337
5.36,-0.0024015972697612,-0.0135769993066788,0.00117391389014975,0.204877832696268,-0.183984344104322,-0.000567919185848289,-0.174900512135694,0.257530675538048
5.37,-0.0509805724902578,-0.00760781764984131,-0.00182660512387774,2.80108142641135,0.0527345372234782,-0.0320070795666683,0.147908398822577,2.01435097933213
5.38,-0.0152256567076254,-0.0156121253967285,0.00214726037896969,0.830083481392777,-0.136310742825328,-0.00704615944599796,-0.0567854977161439,0.396873924184571
5.39,0.0511787751319505,-0.00412316620349884,0.0101674125971762,-2.09326075407352,-0.530357430703455,0.0369260549526708,-0.379901232639005,-1.95637119405437
5.4,-0.0200705682404663,-0.0156011432409286,0.00308256500708945,0.988986641886852,-0.0626326176586524,-0.00811951732560883,0.130578951392614,0.988171832132921
5.41,0.0497017859534768,-0.00302512943744659,0.0132886233041242,-1.85639617512125,-0.709891852596016,0.0368727006016578,0.480294673735452,-1.29620190528959
5.42,-0.0188437668681047,-0.0146912336349487,0.00480338559007676,1.03139366924676,-0.248800579434698,-0.00503982339640404,-0.441987140635522,0.509406269036071
5.43,0.0491051954722512,-0.00409074127674103,0.0163992595518256,-1.69905070109575,-0.784004073814606,0.0374274683370188,0.0861668558840699,-0.789384988741603
5.44,-0.0184159067497144,-0.0157816857099533,0.00629633829180358,1.00382231402559,-0.293776073011549,-0.00252667681321068,0.116211847863124,0.211647675152585
5.45,-0.0578735785330557,-0.00371965765953064,0.0153495874320185,3.58854378090377,-0.652188035697745,-0.0104380406255526,-0.07343751211888,0.774607992227521
5.46,0.0168544293779701,-0.000464558601379395,0.0399312546121227,-0.128788529070174,-2.01650267131309,0.0433402818356887,0.434021603303764,-1.86505870466487
5.47,-0.0233237208586547,-0.00385686755180359,0.0189744257506942,1.93981139713523,-0.946110919357934,0.00882717893051511,0.107479492415114,-0.028431634570252
5.48,-0.00428554610172811,-0.0085093230009079,-0.0181121924741254,0.582154527770145,0.959489981151779,-0.018460315829461,0.979424746881203,1.03066656061053
5.49,0.0402536617862391,-0.00663615763187408,-0.0810581056480397,-1.65196418214361,4.06473489709463,-0.0633171204278127,0.612295443564494,3.03729023318252
5.5,-0.0112994359100762,-0.00610165297985077,-0.0593310245036423,1.09580275735055,2.99464966266953,-0.0599465721068275,0.236291506165021,2.92742768588052
