t,iq,id,vq,vd,omega,r
0,-0.00464105132025594,-0.00464105132025594,-0.027848879358281,-0.0557772798034009,-0.144963141214248,-0.144962106987042
0.01,0,0,0,0,-0.144963141214248,-0.144963141214248
0.02,0,0,0,0,-0.144963141214248,-0.144963141214248
0.03,0,0,0,0,-0.144963141214248,-0.144963141214248
0.04,0,0,0,0,-0.144963141214248,-0.144963141214248
0.05,0,0,0,0,-0.144963141214248,-0.144963141214248
0.06,0,0,0,0,-0.144963141214248,-0.144963141214248
0.07,0,0,0,0,-0.144963141214248,-0.144963141214248
0.08,0,0,0,0,-0.144963141214248,-0.144963141214248
0.09,0,0,0,0,-0.144963141214248,-0.144963141214248
0.1,0,0,0,0,-0.144963141214248,-0.144963141214248
0.11,0,0,0,0,-0.144963141214248,-0.144963141214248
0.12,0,0,0,0,-0.144963141214248,-0.144963141214248
0.13,0,0,0,0,-0.144963141214248,-0.144963141214248
0.14,0,0,0,0,-0.144963141214248,-0.144963141214248
0.15,0,0,0,0,-0.144963141214248,-0.144963141214248
0.16,0,0,0,0,-0.144963141214248,499.748984876529
0.17,0,0,0,0,-0.144963141214248,499.748984876529
0.18,0,0,0,0,-0.144963141214248,499.748984876529
0.19,0,0,0,0,166.791538425151,499.748984876529
0.2,0,0,0,0,305.95615399053,499.748984876529
0.21,0,0,0,0,396.901451004747,499.748984876529
0.22,0,0,0,0,412.771100148168,499.748984876529
0.23,0,0,0,0,501.870739412977,499.748984876529
0.24,0,0,0,0,380.726616300876,499.748984876529
0.25,0,0,0,0,472.884407325068,499.748984876529
0.26,0,0,0,0,496.697129272025,499.748984876529
0.27,0,0,0,0,516.839376261752,499.748984876529
0.28,0,0,0,0,530.87791204247,499.748984876529
0.29,0,0,0,0,530.87791204247,499.748984876529
0.3,0,0,0,0,522.94308747076,499.748984876529
0.31,0,0,0,0,514.703077338599,499.748984876529
0.32,0,0,0,0,496.699182165589,499.748984876529
0.33,0,0,0,0,482.963779051758,499.748984876529
0.34,0,0,0,0,475.944511161399,499.748984876529
0.35,0,0,0,0,472.892655556895,499.748984876529
0.36,0,0,0,0,475.944511161399,499.748984876529
0.37,0,0,0,0,485.707702425137,499.748984876529
0.38,0,0,0,0,496.697129272025,499.748984876529
0.39,0,0,0,0,509.820108371392,499.748984876529
0.4,0,0,0,0,514.700330668625,499.748984876529
0.41,0,0,0,0,511.956407294545,499.748984876529
0.42,0,0,0,0,503.722500870557,499.748984876529
0.43,0,0,0,0,503.716397162384,499.748984876529
0.44,0,0,0,0,498.831291896387,499.748984876529
0.45,0,0,0,0,488.762304700315,499.748984876529
0.46,0,0,0,0,488.762304700315,499.748984876529
0.47,0,0,0,0,485.710449095811,499.748984876529
0.48,0,0,0,0,488.762304700315,499.748984876529
0.49,0,0,0,0,490.898603623468,499.748984876529
0.5,0,0,0,0,496.697129272025,499.748984876529
0.51,0,0,0,0,503.716397162384,499.748984876529
0.52,0,0,0,0,503.716397162384,499.748984876529
0.53,0,0,0,0,503.716397162384,499.748984876529
0.54,0,0,0,0,501.885283799682,499.748984876529
0.55,0,0,0,0,501.885283799682,499.748984876529
0.56,0,0,0,0,496.697129272025,499.748984876529
0.57,0,0,0,0,493.953205898146,499.748984876529
0.58,0,0,0,0,493.950459227972,499.748984876529
0.59,0,0,0,0,490.898603623468,499.748984876529
0.6,0,0,0,0,490.898603623468,499.748984876529
0.61,0,0,0,0,493.950459227972,499.748984876529
0.62,0,0,0,0,496.697129272025,499.748984876529
0.63,0,0,0,0,501.885283799682,499.748984876529
0.64,0,0,0,0,501.885283799682,499.748984876529
0.65,0,0,0,0,498.836480050705,499.748984876529
0.66,0,0,0,0,498.833428195178,499.748984876529
0.67,0,0,0,0,498.833428195178,499.748984876529
0.68,0,0,0,0,496.697129272025,499.748984876529
0.69,0,0,0,0,496.697129272025,499.748984876529
0.7,0,0,0,0,496.697129272025,499.748984876529
0.71,0,0,0,0,496.69438260345,499.748984876529
0.72,0,0,0,0,496.697129272025,499.748984876529
0.73,0,0,0,0,493.953205897746,499.748984876529
0.74,0,0,0,0,496.697129272025,499.748984876529
0.75,0,0,0,0,498.831291897473,499.748984876529
0.76,0,0,0,0,498.833428195178,499.748984876529
0.77,0,0,0,0,496.699265570661,499.748984876529
0.78,0,0,0,0,498.833428195178,499.748984876529
0.79,0,0,0,0,498.831291897551,499.748984876529
0.8,0,0,0,0,498.833428195178,499.748984876529
0.81,0,0,0,0,496.699265570583,499.748984876529
0.82,0,0,0,0,496.697129272025,499.748984876529
0.83,0,0,0,0,496.694382601252,499.748984876529
0.84,0,0,0,0,496.697129272025,499.748984876529
0.85,0,0,0,0,493.953205897446,499.748984876529
0.86,0,0,0,0,496.697129272025,499.748984876529
0.87,0,0,0,0,498.831291895766,499.748984876529
0.88,0,0,0,0,498.833428195178,499.748984876529
0.89,0,0,0,0,496.699265570428,499.748984876529
0.9,0,0,0,0,496.697129272025,499.748984876529
0.91,0,0,0,0,498.831291895843,499.748984876529
0.92,0,0,0,0,496.697129272025,499.748984876529
0.93,0,0,0,0,496.699265570352,499.748984876529
0.94,0,0,0,0,498.833428195178,499.748984876529
0.95,0,0,0,0,498.831291895921,499.748984876529
0.96,0,0,0,0,496.697129272025,499.748984876529
0.97,0,0,0,0,496.697129272025,499.748984876529
0.98,0,0,0,0,496.697129272025,499.748984876529
0.99,0,0,0,0,498.831291895999,499.748984876529
1,0,0,0,0,498.833428195178,499.748984876529
1.01,0,0,0,0,496.699265572138,499.748984876529
1.02,0,0,0,0,496.697129272025,499.748984876529
1.03,0,0,0,0,498.828545225803,499.748984876529
1.04,0,0,0,0,496.697129272025,499.748984876529
1.05,0,0,0,0,496.69926557206,499.748984876529
1.06,0,0,0,0,498.833428195178,499.748984876529
1.07,0,0,0,0,498.831291896154,499.748984876529
1.08,0,0,0,0,498.833428195178,499.748984876529
1.09,0,0,0,0,496.699265571982,499.748984876529
1.1,0,0,0,0,498.833428195178,499.748984876529
1.11,0,0,0,0,498.831291896232,499.748984876529
1.12,0,0,0,0,498.833428195178,499.748984876529
1.13,0,0,0,0,496.699265569963,499.748984876529
1.14,0,0,0,0,496.697129272025,499.748984876529
1.15,0,0,0,0,498.828545226336,499.748984876529
1.16,0,0,0,0,496.697129272025,499.748984876529
1.17,0,0,0,0,496.699265569886,499.748984876529
1.18,0,0,0,0,498.833428195178,2200.85329882702
1.19,0,0,0,0,516.839376261752,2200.85329882702
1.2,0,0,0,0,590.983292613962,2200.85329882702
1.21,0,0,0,0,736.842153469576,2200.85329882702
1.22,0,0,0,0,953.839158062285,2200.85329882702
1.23,0,0,0,0,1126.879370832,2200.85329882702
1.24,0,0,0,0,1312.75538309085,2200.85329882702
1.25,0,0,0,0,1471.74698897323,2200.85329882702
1.26,0,0,0,0,1649.97718738506,2200.85329882702
1.27,0,0,0,0,1814.77250705644,2200.85329882702
1.28,0,0,0,0,1976.83397447623,2200.85329882702
1.29,0,0,0,0,2112.93086480665,2200.85329882702
1.3,0,0,0,0,2151.72147544892,2200.85329882702
1.31,0,0,0,0,2177.9591936396,2200.85329882702
1.32,0,0,0,0,2172.7893502453,2200.85329882702
1.33,0,0,0,0,2196.86177689739,2200.85329882702
1.34,0,0,0,0,2170.96311984328,2200.85329882702
1.35,0,0,0,0,2159.96942040456,2200.85329882702
1.36,0,0,0,0,2175.81221322077,2200.85329882702
1.37,0,0,0,0,2185.88913523915,2200.85329882702
1.38,0,0,0,0,2185.88120042519,2200.85329882702
1.39,0,0,0,0,2167.90912794365,2200.85329882702
1.4,0,0,0,0,2175.81709619019,2200.85329882702
1.41,0,0,0,0,2167.90119312448,2200.85329882702
1.42,0,0,0,0,2175.83601769071,2200.85329882702
1.43,0,0,0,0,2167.90607608833,2200.85329882702
1.44,0,0,0,0,2162.71334378034,2200.85329882702
1.45,0,0,0,0,2175.82319990036,2200.85329882702
1.46,0,0,0,0,2164.87527830378,2200.85329882702
1.47,0,0,0,0,2175.81221322595,2200.85329882702
1.48,0,0,0,0,2167.89814126686,2200.85329882702
1.49,0,0,0,0,2185.87814855875,2200.85329882702
1.5,0,0,0,0,2170.95213317315,2200.85329882702
1.51,0,0,0,0,2180.7012859028,2200.85329882702
1.52,0,0,0,0,2191.68399866514,2200.85329882702
1.53,0,0,0,0,2175.83601769532,2200.85329882702
1.54,0,0,0,0,2167.8963101549,2200.85329882702
1.55,0,0,0,0,2164.84933752257,2200.85329882702
1.56,0,0,0,0,2196.86177688599,2200.85329882702
1.57,0,0,0,0,2164.87833014843,2200.85329882702
1.58,0,0,0,0,2175.83296584035,2200.85329882702
1.59,0,0,0,0,2167.89814126971,2200.85329882702
1.6,0,0,0,0,2180.6982340464,2200.85329882702
1.61,0,0,0,0,2175.83601769474,2200.85329882702
1.62,0,0,0,0,2183.76809559751,2200.85329882702
1.63,0,0,0,0,2191.68674532842,2200.85329882702
1.64,0,0,0,0,2175.83815400029,2200.85329882702
1.65,0,0,0,0,2167.89631015391,2200.85329882702
1.66,0,0,0,0,2164.85727234607,2200.85329882702
1.67,0,0,0,0,2198.69376737358,2200.85329882702
1.68,0,0,0,0,2167.93184903885,2200.85329882702
1.69,0,0,0,0,2177.96733466091,2200.85329882702
1.7,0,0,0,0,2170.94713746934,2200.85329882702
1.71,0,0,0,0,2180.69650194433,2200.85329882702
1.72,0,0,0,0,2175.83732822807,2200.85329882702
1.73,0,0,0,0,2185.9061367168,2200.85329882702
1.74,0,0,0,0,2191.68427089246,2200.85329882702
1.75,0,0,0,0,2177.97434199538,2200.85329882702
1.76,0,0,0,0,2170.94511390288,2200.85329882702
1.77,0,0,0,0,2167.91011768787,2200.85329882702
1.78,0,0,0,0,2201.73395631851,2200.85329882702
1.79,0,0,0,0,2167.94404728004,2200.85329882702
1.8,0,0,0,0,2177.9725310513,2200.85329882702
1.81,0,0,0,0,2170.95212307068,2200.85329882702
1.82,0,0,0,0,2183.73965108367,2200.85329882702
1.83,0,0,0,0,2177.97305343741,2200.85329882702
1.84,0,0,0,0,2185.90805213784,2200.85329882702
1.85,0,0,0,0,2193.81836479179,2200.85329882702
1.86,0,0,0,0,2177.97696309786,2200.85329882702
1.87,0,0,0,0,2170.94807227055,2200.85329882702
1.88,0,0,0,0,2167.90631617297,2200.85329882702
1.89,0,0,0,0,2198.67864560776,2200.85329882702
1.9,0,0,0,0,2167.95624548768,2200.85329882702
1.91,0,0,0,0,2177.97444647233,2200.85329882702
1.92,0,0,0,0,2172.7816161118,2200.85329882702
1.93,0,0,0,0,2191.66046466177,2200.85329882702
1.94,0,0,0,0,2175.84257043302,2200.85329882702
1.95,0,0,0,0,2185.88051586109,2200.85329882702
1.96,0,0,0,0,2196.86113816751,2200.85329882702
1.97,0,0,0,0,2180.72683895983,2200.85329882702
1.98,0,0,0,0,2172.80176380075,2200.85329882702
1.99,0,0,0,0,2167.90893727544,2200.85329882702
2,0,0,0,0,2180.7013151954,2200.85329882702
2.01,0,0,0,0,2171.01584018236,2200.85329882702
2.02,0,0,0,0,2183.73221648751,2200.85329882702
2.03,0,0,0,0,2191.6715849529,2200.85329882702
2.04,0,0,0,0,2191.66227539627,2200.85329882702
2.05,0,0,0,0,2175.85227967239,2200.85329882702
2.06,0,0,0,0,2183.74297958907,2200.85329882702
2.07,0,0,0,0,2175.84223692161,2200.85329882702
2.08,0,0,0,0,2183.78056976799,2200.85329882702
2.09,0,0,0,0,2175.85070332702,2200.85329882702
2.1,0,0,0,0,2201.72853788968,2200.85329882702
2.11,0,0,0,0,2180.70292819442,2200.85329882702
2.12,0,0,0,0,2167.90971087114,2200.85329882702
2.13,0,0,0,0,2183.73745873432,2200.85329882702
2.14,0,0,0,0,2193.81818323603,2200.85329882702
2.15,0,0,0,0,2193.82649384091,2200.85329882702
2.16,0,0,0,0,2175.85210187257,2200.85329882702
2.17,0,0,0,0,2185.87702215268,2200.85329882702
2.18,0,0,0,0,2175.8396158054,2200.85329882702
2.19,0,0,0,0,2188.94367700681,2200.85329882702
2.2,0,0,0,0,2177.98649451759,2200.85329882702
2.21,0,0,0,0,2204.7878407843,2200.85329882702
2.22,0,0,0,0,2180.73505983648,2200.85329882702
2.23,0,0,0,0,2167.90638406066,2200.85329882702
2.24,0,0,0,0,2177.94767260462,2200.85329882702
2.25,0,0,0,0,2193.81771583737,2200.85329882702
2.26,0,0,0,0,2198.70848401481,2200.85329882702
2.27,0,0,0,0,2183.77482345982,2200.85329882702
2.28,0,0,0,0,2188.94754270358,2200.85329882702
2.29,0,0,0,0,2175.84830582788,2200.85329882702
2.3,0,0,0,0,2180.71105183729,2200.85329882702
2.31,0,0,0,0,2177.97898124495,2200.85329882702
2.32,0,0,0,0,2206.9248527337,2200.85329882702
2.33,0,0,0,0,2175.85716263624,2200.85329882702
2.34,0,0,0,0,2185.89707006694,2200.85329882702
2.35,0,0,0,0,2177.96712846271,2200.85329882702
2.36,0,0,0,0,2188.93793899021,2200.85329882702
2.37,0,0,0,0,2172.7924020893,2200.85329882702
2.38,0,0,0,0,2185.89707006701,2200.85329882702
2.39,0,0,0,0,2193.83189463826,2200.85329882702
2.4,0,0,0,0,2188.95899679382,2200.85329882702
2.41,0,0,0,0,2177.97018031474,2200.85329882702
2.42,0,0,0,0,2204.79171849908,2200.85329882702
2.43,0,0,0,0,2185.88608338953,2200.85329882702
2.44,0,0,0,0,2175.85707549654,2200.85329882702
2.45,0,0,0,0,2188.93488713222,2200.85329882702
2.46,0,0,0,0,2188.94801011548,2200.85329882702
2.47,0,0,0,0,2193.83403093666,2200.85329882702
2.48,0,0,0,0,2172.80033692249,2200.85329882702
2.49,0,0,0,0,2191.68399866164,2200.85329882702
2.5,0,0,0,0,2180.71623998886,2200.85329882702
2.51,0,0,0,0,2188.94007529316,2200.85329882702
2.52,0,0,0,0,2183.7708422653,2200.85329882702
2.53,0,0,0,0,2209.67468744942,2200.85329882702
2.54,0,0,0,0,2185.91812787541,2200.85329882702
2.55,0,0,0,0,2180.71105183729,2200.85329882702
2.56,0,0,0,0,2175.82319990196,2200.85329882702
2.57,0,0,0,0,2191.68979718856,2200.85329882702
2.58,0,0,0,0,2180.72905779014,2200.85329882702
2.59,0,0,0,0,2188.96387975755,2200.85329882702
2.6,0,0,0,0,2193.82395981525,2200.85329882702
2.61,0,0,0,0,2191.69773201351,2200.85329882702
2.62,0,0,0,0,2180.70616886721,2200.85329882702
2.63,0,0,0,0,2177.96712846451,2200.85329882702
2.64,0,0,0,0,2209.6698044911,2200.85329882702
2.65,0,0,0,0,2172.81315471746,2200.85329882702
2.66,0,0,0,0,2185.88913523951,2200.85329882702
2.67,0,0,0,0,2191.69498534233,2200.85329882702
2.68,0,0,0,0,2193.82090796123,2200.85329882702
2.69,0,0,0,0,2175.84395251825,2200.85329882702
2.7,0,0,0,0,2185.88913523988,2200.85329882702
2.71,0,0,0,0,2185.9022582217,2200.85329882702
2.72,0,0,0,0,2196.87489986446,2200.85329882702
2.73,0,0,0,0,2185.90500489003,2200.85329882702
2.74,0,0,0,0,2204.79965330668,2200.85329882702
2.75,0,0,0,0,2180.73729780437,2200.85329882702
2.76,0,0,0,0,2167.9112642401,2200.85329882702
2.77,0,0,0,0,2180.70616886898,2200.85329882702
2.78,0,0,0,0,2193.82090795647,2200.85329882702
2.79,0,0,0,0,2201.7609206814,2200.85329882702
2.8,0,0,0,0,2193.83891390373,2200.85329882702
2.81,0,0,0,0,2198.7072339676,2200.85329882702
2.82,0,0,0,0,2185.9071411899,2200.85329882702
2.83,0,0,0,0,2177.96438179324,2200.85329882702
2.84,0,0,0,0,2175.83815398931,2200.85329882702
2.85,0,0,0,0,2209.67773931282,2200.85329882702
2.86,0,0,0,0,2178.00130924646,2200.85329882702
2.87,0,0,0,0,2188.93488713104,2200.85329882702
2.88,0,0,0,0,2196.87489986605,2200.85329882702
2.89,0,0,0,0,2198.69624729082,2200.85329882702
2.9,0,0,0,0,2180.72722667159,2200.85329882702
2.91,0,0,0,0,2193.81816128446,2200.85329882702
2.92,0,0,0,0,2180.722038512,2200.85329882702
2.93,0,0,0,0,2191.69498534423,2200.85329882702
2.94,0,0,0,0,2180.72905778425,2200.85329882702
2.95,0,0,0,0,2209.68292745873,2200.85329882702
2.96,0,0,0,0,2185.9181278596,2200.85329882702
2.97,0,0,0,0,2188.94587381657,2200.85329882702
2.98,0,0,0,0,2180.70128590032,2200.85329882702
2.99,0,0,0,0,2198.70204580961,2200.85329882702
3,0,0,0,0,2180.72737234018,2200.85329882702
3.01,0,0,0,0,2188.96438011424,2200.85329882702
3.02,0,0,0,0,2196.88262390762,2200.85329882702
3.03,0,0,0,0,2188.9617956662,2200.85329882702
3.04,0,0,0,0,2180.71690991306,2200.85329882702
3.05,0,0,0,0,2177.96438179324,2200.85329882702
3.06,0,0,0,0,2191.68140050971,2200.85329882702
3.07,0,0,0,0,2180.74640009994,2200.85329882702
3.08,0,0,0,0,2193.81420585117,2200.85329882702
3.09,0,0,0,0,2193.83129802247,2200.85329882702
3.1,0,0,0,0,2196.88588654116,2200.85329882702
3.11,0,0,0,0,2177.99217649748,2200.85329882702
3.12,0,0,0,0,2196.86791639744,2200.85329882702
3.13,0,0,0,0,2183.7770009164,2200.85329882702
3.14,0,0,0,0,2193.81963501884,2200.85329882702
3.15,0,0,0,0,2188.9581884431,2200.85329882702
3.16,0,0,0,0,2214.84546854206,2200.85329882702
3.17,0,0,0,0,2172.83558520991,2200.85329882702
3.18,0,0,0,0,2185.90393535104,2200.85329882702
3.19,0,0,0,0,2177.98173607124,2200.85329882702
3.2,0,0,0,0,2198.69292973448,2200.85329882702
3.21,0,0,0,0,2180.73757264591,2200.85329882702
3.22,0,0,0,0,2193.81211996153,2200.85329882702
3.23,0,0,0,0,2191.69773201351,2200.85329882702
3.24,0,0,0,0,2198.70010752311,2200.85329882702
3.25,0,0,0,0,2188.95965479453,2200.85329882702
3.26,0,0,0,0,2206.91549760205,2200.85329882702
3.27,0,0,0,0,2183.81011481874,2200.85329882702
3.28,0,0,0,0,2172.81122909117,2200.85329882702
3.29,0,0,0,0,2183.75200694719,2200.85329882702
3.3,0,0,0,0,2196.86082290806,2200.85329882702
3.31,0,0,0,0,2188.96645500574,2200.85329882702
3.32,0,0,0,0,2196.89550581358,2200.85329882702
3.33,0,0,0,0,2204.79446523751,2200.85329882702
3.34,0,0,0,0,2188.96669337726,2200.85329882702
3.35,0,0,0,0,2180.71697227131,2200.85329882702
3.36,0,0,0,0,2177.97953663512,2200.85329882702
3.37,0,0,0,0,2191.68683144858,2200.85329882702
3.38,0,0,0,0,2180.77428133373,2200.85329882702
3.39,0,0,0,0,2193.80126326843,2200.85329882702
3.4,0,0,0,0,2201.75083026102,2200.85329882702
3.41,0,0,0,0,2201.76026263239,2200.85329882702
3.42,0,0,0,0,2185.92137775159,2200.85329882702
3.43,0,0,0,0,2193.81172574919,2200.85329882702
3.44,0,0,0,0,2180.74621150641,2200.85329882702
3.45,0,0,0,0,2191.69322845103,2200.85329882702
3.46,0,0,0,0,2183.79189006863,2200.85329882702
3.47,0,0,0,0,2214.83784317399,2200.85329882702
3.48,0,0,0,0,2180.75928779077,2200.85329882702
3.49,0,0,0,0,2193.82661115048,2200.85329882702
3.5,0,0,0,0,2183.77063516658,2200.85329882702
3.51,0,0,0,0,2196.86227996074,2200.85329882702
3.52,0,0,0,0,2177.99840871506,2200.85329882702
3.53,0,0,0,0,2191.68961753684,2200.85329882702
3.54,0,0,0,0,2188.96192770359,2200.85329882702
3.55,0,0,0,0,2196.87117160378,2200.85329882702
3.56,0,0,0,0,2185.90959553316,2200.85329882702
3.57,0,0,0,0,2214.85474482155,2200.85329882702
3.58,0,0,0,0,2193.85385614123,2200.85329882702
3.59,0,0,0,0,2185.90292725561,2200.85329882702
3.6,0,0,0,0,2180.70524504569,2200.85329882702
3.61,0,0,0,0,2196.87668879137,2200.85329882702
3.62,0,0,0,0,2185.92057125599,2200.85329882702
3.63,0,0,0,0,2196.87381105581,2200.85329882702
3.64,0,0,0,0,2191.69773201351,2200.85329882702
3.65,0,0,0,0,2198.71699990387,2200.85329882702
3.66,0,0,0,0,2188.9559889426,2200.85329882702
3.67,0,0,0,0,2206.93381594497,2200.85329882702
3.68,0,0,0,0,2185.92514713032,2200.85329882702
3.69,0,0,0,0,2175.84608881704,2200.85329882702
3.7,0,0,0,0,2188.94587381412,2200.85329882702
3.71,0,0,0,0,2201.7658036544,2200.85329882702
3.72,0,0,0,0,2204.81277629082,2200.85329882702
3.73,0,0,0,0,2196.89076950965,2200.85329882702
3.74,0,0,0,0,2204.8075881322,2200.85329882702
3.75,0,0,0,0,2188.96082790182,2200.85329882702
3.76,0,0,0,0,2183.7629074418,2200.85329882702
3.77,0,0,0,0,2180.71929184632,2200.85329882702
3.78,0,0,0,0,2193.82914796729,2200.85329882702
3.79,0,0,0,0,2180.74828445308,2200.85329882702
3.8,0,0,0,0,2193.8181612937,2200.85329882702
3.81,0,0,0,0,2201.7587843866,2200.85329882702
3.82,0,0,0,0,2204.81277628793,2200.85329882702
3.83,0,0,0,0,2188.96387975475,2200.85329882702
3.84,0,0,0,0,2196.86971171334,2200.85329882702
3.85,0,0,0,0,2183.7839652411,2200.85329882702
3.86,0,0,0,0,2188.95106196945,2200.85329882702
3.87,0,0,0,0,2185.91507600331,2200.85329882702
3.88,0,0,0,0,2217.90950944526,2200.85329882702
3.89,0,0,0,0,2183.79098450651,2200.85329882702
3.9,0,0,0,0,2196.8669650369,2200.85329882702
3.91,0,0,0,0,2185.90500488645,2200.85329882702
3.92,0,0,0,0,2198.70204581886,2200.85329882702
3.93,0,0,0,0,2180.73210963506,2200.85329882702
3.94,0,0,0,0,2201.75603771562,2200.85329882702
3.95,0,0,0,0,2191.70292016413,2200.85329882702
3.96,0,0,0,0,2198.70723397115,2200.85329882702
3.97,0,0,0,0,2191.70475127917,2200.85329882702
3.98,0,0,0,0,2217.91164573154,2200.85329882702
3.99,0,0,0,0,2196.90084062183,2200.85329882702
4,0,0,0,0,2188.95106196945,2200.85329882702
4.01,0,0,0,0,2180.72417481176,2200.85329882702
4.02,0,0,0,0,2201.75298586137,2200.85329882702
4.03,0,0,0,0,2183.78091337501,2200.85329882702
4.04,0,0,0,0,2196.87489986766,2200.85329882702
4.05,0,0,0,0,2193.83403093666,2200.85329882702
4.06,0,0,0,0,2201.7587843866,2200.85329882702
4.07,0,0,0,0,2191.70292016828,2200.85329882702
4.08,0,0,0,0,2209.68292747532,2200.85329882702
4.09,0,0,0,0,2188.97395087675,2200.85329882702
4.1,0,0,0,0,2191.69986831199,2200.85329882702
4.11,0,0,0,0,2185.89401821037,2200.85329882702
4.12,0,0,0,0,2198.70418211904,2200.85329882702
4.13,0,0,0,0,2193.83891390337,2200.85329882702
4.14,0,0,0,0,2201.75878438733,2200.85329882702
4.15,0,0,0,0,2188.95899679382,2200.85329882702
4.16,0,0,0,0,2193.84501761895,2200.85329882702
4.17,0,0,0,0,2185.91202415211,2200.85329882702
4.18,0,0,0,0,2211.8170900926,2200.85329882702
4.19,0,0,0,0,2188.97181458627,2200.85329882702
4.2,0,0,0,0,2177.97536847513,2200.85329882702
4.21,0,0,0,0,2191.68399867062,2200.85329882702
4.22,0,0,0,0,2206.94175076283,2200.85329882702
4.23,0,0,0,0,2188.96387976173,2200.85329882702
4.24,0,0,0,0,2196.89595766587,2200.85329882702
4.25,0,0,0,0,2201.76580365173,2200.85329882702
4.26,0,0,0,0,2196.89382136294,2200.85329882702
4.27,0,0,0,0,2185.90500488981,2200.85329882702
4.28,0,0,0,0,2214.86070567797,2200.85329882702
4.29,0,0,0,0,2196.86971170158,2200.85329882702
4.3,0,0,0,0,2183.77297856138,2200.85329882702
4.31,0,0,0,0,2188.94587381582,2200.85329882702
4.32,0,0,0,0,2201.76580365262,2200.85329882702
4.33,0,0,0,0,2206.95701003603,2200.85329882702
4.34,0,0,0,0,2196.89595766953,2200.85329882702
4.35,0,0,0,0,2201.75878438697,2200.85329882702
4.36,0,0,0,0,2198.71699990387,2200.85329882702
4.37,0,0,0,0,2188.94587381374,2200.85329882702
4.38,0,0,0,0,2185.90225822192,2200.85329882702
4.39,0,0,0,0,2191.69193348927,2200.85329882702
4.4,0,0,0,0,2180.72905778489,2200.85329882702
4.41,0,0,0,0,2196.87795171506,2200.85329882702
4.42,0,0,0,0,2201.76580365151,2200.85329882702
4.43,0,0,0,0,2206.9487700282,2200.85329882702
4.44,0,0,0,0,2196.89076950983,2200.85329882702
4.45,0,0,0,0,2204.80972443098,2200.85329882702
4.46,0,0,0,0,2188.96387975615,2200.85329882702
4.47,0,0,0,0,2185.90225821959,2200.85329882702
4.48,0,0,0,0,2183.77084226559,2200.85329882702
4.49,0,0,0,0,2196.88069838601,2200.85329882702
4.5,0,0,0,0,2185.93613379671,2200.85329882702
4.51,0,0,0,0,2196.86971171216,2200.85329882702
4.52,0,0,0,0,2204.80972443418,2200.85329882702
4.53,0,0,0,0,2206.94877002521,2200.85329882702
4.54,0,0,0,0,2191.71085498465,2200.85329882702
4.55,0,0,0,0,2198.70204581722,2200.85329882702
4.56,0,0,0,0,2185.91812786645,2200.85329882702
4.57,0,0,0,0,2188.95380863963,2200.85329882702
4.58,0,0,0,0,2185.91812785753,2200.85329882702
4.59,0,0,0,0,2219.74092799215,2200.85329882702
4.6,0,0,0,0,2185.93125084213,2200.85329882702
4.61,0,0,0,0,2198.70204581125,2200.85329882702
4.62,0,0,0,0,2196.88283468763,2200.85329882702
4.63,0,0,0,0,2201.76885550837,2200.85329882702
4.64,0,0,0,0,2180.7351614907,2200.85329882702
4.65,0,0,0,0,2201.75298585964,2200.85329882702
4.66,0,0,0,0,2188.9608279004,2200.85329882702
4.67,0,0,0,0,2193.82914797013,2200.85329882702
4.68,0,0,0,0,2193.84196575901,2200.85329882702
4.69,0,0,0,0,2222.79553025422,2200.85329882702
4.7,0,0,0,0,2180.74828448149,2200.85329882702
4.71,0,0,0,0,2193.82395981854,2200.85329882702
4.72,0,0,0,0,2198.71516879108,2200.85329882702
4.73,0,0,0,0,2204.8048414653,2200.85329882702
4.74,0,0,0,0,2183.77786153605,2200.85329882702
4.75,0,0,0,0,2206.93381594666,2200.85329882702
4.76,0,0,0,0,2191.71085498798,2200.85329882702
4.77,0,0,0,0,2204.80972443418,2200.85329882702
4.78,0,0,0,0,2185.91507601542,2200.85329882702
4.79,0,0,0,0,2217.91958054569,2200.85329882702
4.8,0,0,0,0,2183.79891932395,2200.85329882702
4.81,0,0,0,0,2193.81816129024,2200.85329882702
4.82,0,0,0,0,2185.90500489087,2200.85329882702
4.83,0,0,0,0,2204.79965330361,2200.85329882702
4.84,0,0,0,0,2188.96693161186,2200.85329882702
4.85,0,0,0,0,2201.75298586253,2200.85329882702
4.86,0,0,0,0,2188.97181458778,2200.85329882702
4.87,0,0,0,0,2198.71516879008,2200.85329882702
4.88,0,0,0,0,2188.96906792558,2200.85329882702
4.89,0,0,0,0,2217.91164573616,2200.85329882702
4.9,0,0,0,0,2183.79403636816,2200.85329882702
4.91,0,0,0,0,2196.88069838564,2200.85329882702
4.92,0,0,0,0,2188.95594494043,2200.85329882702
4.93,0,0,0,0,2198.7041821139,2200.85329882702
4.94,0,0,0,0,2183.78396524416,2200.85329882702
4.95,0,0,0,0,2204.80758813172,2200.85329882702
4.96,0,0,0,0,2193.84196576421,2200.85329882702
4.97,0,0,0,0,2201.7587843789,2200.85329882702
4.98,0,0,0,0,2193.83891390515,2200.85329882702
4.99,0,0,0,0,2222.79278357818,2200.85329882702
5,0,0,0,0,2180.74996126497,2200.85329882702
5.01,0,0,0,0,2191.70015697955,2200.85329882702
5.02,0,0,0,0,2183.77898590314,2200.85329882702
5.03,0,0,0,0,2204.79983770494,2200.85329882702
5.04,0,0,0,0,2185.92150946013,2200.85329882702
5.05,0,0,0,0,2209.66808090648,2200.85329882702
5.06,0,0,0,0,2196.88878990304,2200.85329882702
5.07,0,0,0,0,2206.93502037976,2200.85329882702
5.08,0,0,0,0,2185.92722819465,2200.85329882702
5.09,0,0,0,0,2214.84879008298,2200.85329882702
5.1,0,0,0,0,2183.83298402049,2200.85329882702
5.11,0,0,0,0,2193.84024456962,2200.85329882702
5.12,0,0,0,0,2185.91153465329,2200.85329882702
5.13,0,0,0,0,2206.90560733976,2200.85329882702
5.14,0,0,0,0,2188.98766190816,2200.85329882702
5.15,0,0,0,0,2198.69359705714,2200.85329882702
5.16,0,0,0,0,2191.71518517126,2200.85329882702
5.17,0,0,0,0,2201.75627427747,2200.85329882702
5.18,0,0,0,0,2188.99338065708,2200.85329882702
5.19,0,0,0,0,2217.85535214764,2200.85329882702
5.2,0,0,0,0,2183.85152591997,2200.85329882702
5.21,0,0,0,0,2196.87064939705,2200.85329882702
5.22,0,0,0,0,2188.96584271474,2200.85329882702
5.23,0,0,0,0,2201.71938839896,2200.85329882702
5.24,0,0,0,0,2185.96674249897,2200.85329882702
5.25,0,0,0,0,2196.87582375581,2200.85329882702
5.26,0,0,0,0,2196.9024269015,2200.85329882702
5.27,0,0,0,0,2201.7338337228,2200.85329882702
5.28,0,0,0,0,2193.8514511001,2200.85329882702
5.29,0,0,0,0,2219.66206190071,2200.85329882702
5.3,0,0,0,0,2196.95336768412,2200.85329882702
5.31,0,0,0,0,2191.69773201351,2200.85329882702
5.32,0,0,0,0,2185.94236086654,2200.85329882702
5.33,0,0,0,0,2204.75751788046,2200.85329882702
5.34,0,0,0,0,2185.97284747537,2200.85329882702
5.35,0,0,0,0,2198.67987140794,2200.85329882702
5.36,0,0,0,0,2196.8926831664,2200.85329882702
5.37,0,0,0,0,2206.92053591069,2200.85329882702
5.38,0,0,0,0,2185.95525103815,2200.85329882702
5.39,0,0,0,0,2214.81201275372,2200.85329882702
5.4,0,0,0,0,2191.78569222914,2200.85329882702
5.41,0,0,0,0,2193.84398392523,2200.85329882702
5.42,0,0,0,0,2185.91759464537,2200.85329882702
5.43,0,0,0,0,2206.89212865395,2200.85329882702
5.44,0,0,0,0,2191.71872677085,2200.85329882702
5.45,0,0,0,0,2201.73963991826,2200.85329882702
5.46,0,0,0,0,2191.72604029015,2200.85329882702
5.47,0,0,0,0,2201.7555701929,2200.85329882702
5.48,0,0,0,0,2188.99842938739,2200.85329882702
5.49,0,0,0,0,2217.88243809591,2200.85329882702
5.5,0,0,0,0,2193.88563249142,2200.85329882702
5.51,0,0,0,0,2196.87364051854,2200.85329882702
5.52,0,0,0,0,2188.96214772824,2200.85329882702
5.53,0,0,0,0,2201.74091016579,2200.85329882702
5.54,0,0,0,0,2185.93237565445,2200.85329882702
5.55,0,0,0,0,2198.7072338782,2200.85329882702
5.56,0,0,0,0,2196.90104147262,2200.85329882702
5.57,0,0,0,0,2201.75441542994,2200.85329882702
5.58,0,0,0,0,2193.8424772292,2200.85329882702
5.59,0,0,0,0,2219.72426331035,2200.85329882702
5.6,0,0,0,0,2198.7467928755,2200.85329882702
5.61,0,0,0,0,2191.70084988325,2200.85329882702
5.62,0,0,0,0,2185.91425131716,2200.85329882702
5.63,0,0,0,0,2204.80040922131,2200.85329882702
5.64,0,0,0,0,2188.96993414052,2200.85329882702
5.65,0,0,0,0,2198.70626607926,2200.85329882702
5.66,0,0,0,0,2198.71699990387,2200.85329882702
5.67,0,0,0,0,2206.94693891755,2200.85329882702
5.68,0,0,0,0,2188.96387975941,2200.85329882702
5.69,0,0,0,0,2196.86971170747,-0.144963141214248
5.7,0,0,0,0,2094.9328515629,-0.144963141214248
5.71,0,0,0,0,1924.97043514622,-0.144963141214248
5.72,0,0,0,0,1746.75519081921,-0.144963141214248
5.73,0,0,0,0,1599.95574809247,-0.144963141214248
5.74,0,0,0,0,1450.73130088021,-0.144963141214248
5.75,0,0,0,0,1296.9147265646,-0.144963141214248
5.76,0,0,0,0,1173.90388791145,-0.144963141214248
5.77,0,0,0,0,998.766439959383,-0.144963141214248
5.78,0,0,0,0,862.919801812497,-0.144963141214248
5.79,0,0,0,0,757.935969017562,-0.144963141214248
5.8,0,0,0,0,650.815837299474,-0.144963141214248
5.81,0,0,0,0,556.818684680753,-0.144963141214248
5.82,0,0,0,0,451.834851885817,-0.144963141214248
5.83,0,0,0,0,391.71329647709,-0.144963141214248
5.84,0,0,0,0,391.71329647709,-0.144963141214248
5.85,0,0,0,0,323.962102057103,-0.144963141214248
5.86,0,0,0,0,265.976845571528,-0.144963141214248
5.87,0,0,0,0,265.976845571528,-0.144963141214248
5.88,0,0,0,0,231.796062801084,-0.144963141214248
5.89,0,0,0,0,231.796062801084,-0.144963141214248
5.9,0,0,0,0,183.015202817432,-0.144963141214248
5.91,0,0,0,0,182.966373129021,-0.144963141214248
5.92,0,0,0,0,182.966373129021,-0.144963141214248
5.93,0,0,0,0,155.804858248936,-0.144963141214248
5.94,0,0,0,0,155.804858248936,-0.144963141214248
5.95,0,0,0,0,155.804858248936,-0.144963141214248
5.96,0,0,0,0,155.804858248936,-0.144963141214248
5.97,0,0,0,0,121.929261038943,-0.144963141214248
5.98,0,0,0,0,114.909993148584,-0.144963141214248
5.99,0,0,0,0,114.909993148584,-0.144963141214248
6,0,0,0,0,114.909993148584,-0.144963141214248
6.01,0,0,0,0,114.909993148584,-0.144963141214248
6.02,0,0,0,0,114.909993148584,-0.144963141214248
6.03,0,0,0,0,114.909993148584,-0.144963141214248
6.04,0,0,0,0,90.8003338730032,-0.144963141214248
6.05,0,0,0,0,90.8003338730032,-0.144963141214248
6.06,0,0,0,0,82.8655093012931,-0.144963141214248
6.07,0,0,0,0,-107.074964246203,-0.144963141214248
6.08,0,0,0,0,148.785590358578,-0.144963141214248
6.09,0,0,0,0,148.785590358578,-0.144963141214248
6.1,0,0,0,0,-94.1421157599352,-0.144963141214248
6.11,0,0,0,0,129.864085610653,-0.144963141214248
6.12,0,0,0,0,129.864085610653,-0.144963141214248
6.13,0,0,0,0,-68.2013431216519,-0.144963141214248
6.14,0,0,0,0,114.909993148584,-0.144963141214248
6.15,0,0,0,0,114.909993148584,-0.144963141214248
6.16,0,0,0,0,-70.032456484354,-0.144963141214248
6.17,0,0,0,0,106.975168576873,-0.144963141214248
6.18,0,0,0,0,106.975168576873,-0.144963141214248
6.19,0,0,0,0,-64.9773628717659,-0.144963141214248
6.2,0,0,0,0,-65.1494875171475,-0.144963141214248
6.21,0,0,0,0,108.806281939576,-0.144963141214248
6.22,0,0,0,0,108.806281939576,-0.144963141214248
6.23,0,0,0,0,-73.0843120888576,-0.144963141214248
6.24,0,0,0,0,108.806281939576,-0.144963141214248
6.25,0,0,0,0,108.806281939576,-0.144963141214248
6.26,0,0,0,0,-65.1494875171475,-0.144963141214248
6.27,0,0,0,0,98.5712738208869,-0.144963141214248
6.28,0,0,0,0,98.7351584447133,-0.144963141214248
6.29,0,0,0,0,98.7351584447133,-0.144963141214248
6.3,0,0,0,0,-57.2146629454373,-0.144963141214248
6.31,0,0,0,0,95.9884884006597,-0.144963141214248
6.32,0,0,0,0,95.9884884006597,-0.144963141214248
6.33,0,0,0,0,-60.1102636434763,-0.144963141214248
6.34,0,0,0,0,-60.2665185499418,-0.144963141214248
6.35,0,0,0,0,95.9884884006597,-0.144963141214248
6.36,0,0,0,0,95.9884884006597,-0.144963141214248
6.37,0,0,0,0,-60.2665185499418,-0.144963141214248
6.38,0,0,0,0,-60.2665185499418,-0.144963141214248
6.39,0,0,0,0,95.9884884006597,-0.144963141214248
6.4,0,0,0,0,95.9884884006597,-0.144963141214248
6.41,0,0,0,0,-62.0976319126439,-0.144963141214248
6.42,0,0,0,0,93.8521894775067,-0.144963141214248
6.43,0,0,0,0,93.8521894775067,-0.144963141214248
6.44,0,0,0,0,93.8521894775067,-0.144963141214248
6.45,0,0,0,0,-60.2665185499418,-0.144963141214248
6.46,0,0,0,0,90.8003338730032,-0.144963141214248
6.47,0,0,0,0,90.8003338730032,-0.144963141214248
6.48,0,0,0,0,-62.0976319126439,-0.144963141214248
6.49,0,0,0,0,-62.0976319126439,-0.144963141214248
6.5,0,0,0,0,98.7351584447133,-0.144963141214248
6.51,0,0,0,0,98.7351584447133,-0.144963141214248
6.52,0,0,0,0,-75.2206110120105,-0.144963141214248
6.53,0,0,0,0,111.85813754408,-0.144963141214248
6.54,0,0,0,0,111.85813754408,-0.144963141214248
6.55,0,0,0,0,-78.272466616515,-0.144963141214248
6.56,0,0,0,0,98.7351584447133,-0.144963141214248
6.57,0,0,0,0,98.7351584447133,-0.144963141214248
6.58,0,0,0,0,-60.2665185499418,-0.144963141214248
6.59,0,0,0,0,-60.2665185499418,-0.144963141214248
6.6,0,0,0,0,85.9173649057966,-0.144963141214248
6.61,0,0,0,0,85.9173649057966,-0.144963141214248
6.62,0,0,0,0,-54.0227271365966,-0.144963141214248
6.63,0,0,0,0,-54.1628073409338,-0.144963141214248
6.64,0,0,0,0,77.9825403340865,-0.144963141214248
6.65,0,0,0,0,77.9825403340865,-0.144963141214248
6.66,0,0,0,0,77.9825403340865,-0.144963141214248
6.67,0,0,0,0,-54.1628073409338,-0.144963141214248
6.68,0,0,0,0,85.9173649057966,-0.144963141214248
6.69,0,0,0,0,85.9173649057966,-0.144963141214248
6.7,0,0,0,0,85.9173649057966,-0.144963141214248
6.71,0,0,0,0,-60.2665185499418,-0.144963141214248
6.72,0,0,0,0,77.9825403340865,-0.144963141214248
6.73,0,0,0,0,77.9825403340865,-0.144963141214248
6.74,0,0,0,0,77.9825403340865,-0.144963141214248
6.75,0,0,0,0,-54.1628073409338,-0.144963141214248
6.76,0,0,0,0,-54.1628073409338,-0.144963141214248
6.77,0,0,0,0,80.7292103781401,-0.144963141214248
6.78,0,0,0,0,80.7292103781401,-0.144963141214248
6.79,0,0,0,0,-60.2665185499418,-0.144963141214248
6.8,0,0,0,0,-60.2665185499418,-0.144963141214248
6.81,0,0,0,0,85.9173649057966,-0.144963141214248
6.82,0,0,0,0,85.9173649057966,-0.144963141214248
6.83,0,0,0,0,-57.2146629454373,-0.144963141214248
6.84,0,0,0,0,-57.2146629454373,-0.144963141214248
6.85,0,0,0,0,77.9825403340865,-0.144963141214248
6.86,0,0,0,0,77.9825403340865,-0.144963141214248
6.87,0,0,0,0,-54.1628073409338,-0.144963141214248
6.88,0,0,0,0,-54.1628073409338,-0.144963141214248
6.89,0,0,0,0,72.79438580643,-0.144963141214248
6.9,0,0,0,0,72.79438580643,-0.144963141214248
6.91,0,0,0,0,72.79438580643,-0.144963141214248
6.92,0,0,0,0,-49.2798383737272,-0.144963141214248
6.93,0,0,0,0,-49.2798383737272,-0.144963141214248
6.94,0,0,0,0,67.9114168392234,-0.144963141214248
6.95,0,0,0,0,67.9114168392234,-0.144963141214248
6.96,0,0,0,0,67.9114168392234,-0.144963141214248
6.97,0,0,0,0,-49.2798383737272,-0.144963141214248
6.98,0,0,0,0,-49.2798383737272,-0.144963141214248
6.99,0,0,0,0,69.7425302019255,-0.144963141214248
7,0,0,0,0,69.7425302019255,-0.144963141214248
7.01,0,0,0,0,-49.1608160471273,-0.144963141214248
7.02,0,0,0,0,-49.2798383737272,-0.144963141214248
7.03,0,0,0,0,69.6235078234205,-0.144963141214248
7.04,0,0,0,0,69.7425302019255,-0.144963141214248
7.05,0,0,0,0,69.7425302019255,-0.144963141214248
7.06,0,0,0,0,-52.0265084177809,-0.144963141214248
7.07,0,0,0,0,-52.0265084177809,-0.144963141214248
7.08,0,0,0,0,69.7425302019255,-0.144963141214248
7.09,0,0,0,0,69.7425302019255,-0.144963141214248
7.1,0,0,0,0,69.7425302019255,-0.144963141214248
7.11,0,0,0,0,-54.1628073409338,-0.144963141214248
7.12,0,0,0,0,72.6674285841985,-0.144963141214248
7.13,0,0,0,0,72.79438580643,-0.144963141214248
7.14,0,0,0,0,72.79438580643,-0.144963141214248
7.15,0,0,0,0,-52.0265084177809,-0.144963141214248
7.16,0,0,0,0,-52.0265084177809,-0.144963141214248
7.17,0,0,0,0,67.9114168392234,-0.144963141214248
7.18,0,0,0,0,67.9114168392234,-0.144963141214248
7.19,0,0,0,0,67.9114168392234,-0.144963141214248
7.2,0,0,0,0,-52.0265084177809,-0.144963141214248
7.21,0,0,0,0,-52.0265084177809,-0.144963141214248
7.22,0,0,0,0,69.7425302019255,-0.144963141214248
7.23,0,0,0,0,69.7425302019255,-0.144963141214248
7.24,0,0,0,0,-52.0265084177809,-0.144963141214248
7.25,0,0,0,0,-52.0265084177809,-0.144963141214248
7.26,0,0,0,0,67.7914788471821,-0.144963141214248
7.27,0,0,0,0,67.9114168392234,-0.144963141214248
7.28,0,0,0,0,67.9114168392234,-0.144963141214248
7.29,0,0,0,0,-49.2798383737272,-0.144963141214248
7.3,0,0,0,0,-49.2798383737272,-0.144963141214248
7.31,0,0,0,0,64.8595612347199,-0.144963141214248
7.32,0,0,0,0,64.8595612347199,-0.144963141214248
7.33,0,0,0,0,64.8595612347199,-0.144963141214248
7.34,0,0,0,0,-47.1435394505743,-0.144963141214248
7.35,0,0,0,0,-47.1435394505743,-0.144963141214248
7.36,0,0,0,0,61.8077056302154,-0.144963141214248
7.37,0,0,0,0,61.8077056302154,-0.144963141214248
7.38,0,0,0,0,61.8077056302154,-0.144963141214248
7.39,0,0,0,0,-49.2798383737272,-0.144963141214248
7.4,0,0,0,0,-49.2798383737272,-0.144963141214248
7.41,0,0,0,0,67.9114168392234,-0.144963141214248
7.42,0,0,0,0,67.9114168392234,-0.144963141214248
7.43,0,0,0,0,67.9114168392234,-0.144963141214248
7.44,0,0,0,0,-54.1628073409338,-0.144963141214248
7.45,0,0,0,0,-54.1628073409338,-0.144963141214248
7.46,0,0,0,0,67.9114168392234,-0.144963141214248
7.47,0,0,0,0,67.9114168392234,-0.144963141214248
7.48,0,0,0,0,-52.0265084177809,-0.144963141214248
7.49,0,0,0,0,-52.0265084177809,-0.144963141214248
7.5,0,0,0,0,-52.0265084177809,-0.144963141214248
7.51,0,0,0,0,64.8595612347199,-0.144963141214248
7.52,0,0,0,0,64.8595612347199,-0.144963141214248
7.53,0,0,0,0,-49.2798383737272,-0.144963141214248
7.54,0,0,0,0,-49.2798383737272,-0.144963141214248
7.55,0,0,0,0,-49.2798383737272,-0.144963141214248
7.56,0,0,0,0,56.9247366630098,-0.144963141214248
7.57,0,0,0,0,56.9247366630098,-0.144963141214248
7.58,0,0,0,0,56.9247366630098,-0.144963141214248
7.59,0,0,0,0,-41.0398282415672,-0.144963141214248
7.6,0,0,0,0,-41.0398282415672,-0.144963141214248
7.61,0,0,0,0,-41.0398282415672,-0.144963141214248
7.62,0,0,0,0,53.8728810585053,-0.144963141214248
7.63,0,0,0,0,53.8728810585053,-0.144963141214248
7.64,0,0,0,0,53.8728810585053,-0.144963141214248
7.65,0,0,0,0,-41.0398282415672,-0.144963141214248
7.66,0,0,0,0,-41.0398282415672,-0.144963141214248
7.67,0,0,0,0,53.8728810585053,-0.144963141214248
7.68,0,0,0,0,53.8728810585053,-0.144963141214248
7.69,0,0,0,0,53.8728810585053,-0.144963141214248
7.7,0,0,0,0,-47.1435394505743,-0.144963141214248
7.71,0,0,0,0,-47.1435394505743,-0.144963141214248
7.72,0,0,0,0,-47.1435394505743,-0.144963141214248
7.73,0,0,0,0,61.8077056302154,-0.144963141214248
7.74,0,0,0,0,61.8077056302154,-0.144963141214248
7.75,0,0,0,0,-54.1628073409338,-0.144963141214248
7.76,0,0,0,0,-54.1628073409338,-0.144963141214248
7.77,0,0,0,0,64.8595612347199,-0.144963141214248
7.78,0,0,0,0,64.8595612347199,-0.144963141214248
7.79,0,0,0,0,64.8595612347199,-0.144963141214248
7.8,0,0,0,0,-52.0265084177809,-0.144963141214248
7.81,0,0,0,0,-52.0265084177809,-0.144963141214248
7.82,0,0,0,0,61.8077056302154,-0.144963141214248
7.83,0,0,0,0,61.8077056302154,-0.144963141214248
7.84,0,0,0,0,61.8077056302154,-0.144963141214248
7.85,0,0,0,0,-52.0265084177809,-0.144963141214248
7.86,0,0,0,0,-52.0265084177809,-0.144963141214248
7.87,0,0,0,0,61.8077056302154,-0.144963141214248
7.88,0,0,0,0,61.8077056302154,-0.144963141214248
7.89,0,0,0,0,61.8077056302154,-0.144963141214248
7.9,0,0,0,0,-52.0265084177809,-0.144963141214248
7.91,0,0,0,0,-52.0265084177809,-0.144963141214248
7.92,0,0,0,0,59.9765922675133,-0.144963141214248
7.93,0,0,0,0,59.9765922675133,-0.144963141214248
7.94,0,0,0,0,59.9765922675133,-0.144963141214248
7.95,0,0,0,0,-49.2798383737272,-0.144963141214248
7.96,0,0,0,0,-49.2798383737272,-0.144963141214248
7.97,0,0,0,0,59.9765922675133,-0.144963141214248
7.98,0,0,0,0,59.9765922675133,-0.144963141214248
7.99,0,0,0,0,59.9765922675133,-0.144963141214248
8,0,0,0,0,-52.0265084177809,-0.144963141214248
8.01,0,0,0,0,-52.0265084177809,-0.144963141214248
8.02,0,0,0,0,61.8077056302154,-0.144963141214248
8.03,0,0,0,0,61.8077056302154,-0.144963141214248
8.04,0,0,0,0,-51.9126742728936,-0.144963141214248
8.05,0,0,0,0,-52.0265084177809,-0.144963141214248
8.06,0,0,0,0,-52.0265084177809,-0.144963141214248
8.07,0,0,0,0,61.8077056302154,-0.144963141214248
8.08,0,0,0,0,61.8077056302154,-0.144963141214248
8.09,0,0,0,0,-49.1687508769912,-0.144963141214248
8.1,0,0,0,0,-49.2798383737272,-0.144963141214248
8.11,0,0,0,0,-49.2798383737272,-0.144963141214248
8.12,0,0,0,0,56.9247366630098,-0.144963141214248
8.13,0,0,0,0,56.9247366630098,-0.144963141214248
8.14,0,0,0,0,56.9247366630098,-0.144963141214248
8.15,0,0,0,0,-47.1435394505743,-0.144963141214248
8.16,0,0,0,0,-47.1435394505743,-0.144963141214248
8.17,0,0,0,0,53.8728810585053,-0.144963141214248
8.18,0,0,0,0,53.8728810585053,-0.144963141214248
8.19,0,0,0,0,53.8728810585053,-0.144963141214248
8.2,0,0,0,0,-47.1435394505743,-0.144963141214248
8.21,0,0,0,0,-47.1435394505743,-0.144963141214248
8.22,0,0,0,0,-47.1435394505743,-0.144963141214248
8.23,0,0,0,0,53.8728810585053,-0.144963141214248
8.24,0,0,0,0,53.8728810585053,-0.144963141214248
8.25,0,0,0,0,53.8728810585053,-0.144963141214248
8.26,0,0,0,0,-47.1435394505743,-0.144963141214248
8.27,0,0,0,0,-47.1435394505743,-0.144963141214248
8.28,0,0,0,0,51.6377020054296,-0.144963141214248
8.29,0,0,0,0,51.7365821353524,-0.144963141214248
8.3,0,0,0,0,51.7365821353524,-0.144963141214248
8.31,0,0,0,0,51.7365821353524,-0.144963141214248
8.32,0,0,0,0,-44.0916838460707,-0.144963141214248
8.33,0,0,0,0,-44.0916838460707,-0.144963141214248
8.34,0,0,0,0,48.9899120912987,-0.144963141214248
8.35,0,0,0,0,48.9899120912987,-0.144963141214248
8.36,0,0,0,0,48.9899120912987,-0.144963141214248
8.37,0,0,0,0,48.9899120912987,-0.144963141214248
8.38,0,0,0,0,-41.0398282415672,-0.144963141214248
8.39,0,0,0,0,-41.0398282415672,-0.144963141214248
8.4,0,0,0,0,48.8998823532905,-0.144963141214248
8.41,0,0,0,0,48.9899120912987,-0.144963141214248
8.42,0,0,0,0,48.9899120912987,-0.144963141214248
8.43,0,0,0,0,48.9899120912987,-0.144963141214248
8.44,0,0,0,0,-44.0916838460707,-0.144963141214248
8.45,0,0,0,0,-44.0916838460707,-0.144963141214248
8.46,0,0,0,0,51.7365821353524,-0.144963141214248
8.47,0,0,0,0,51.7365821353524,-0.144963141214248
8.48,0,0,0,0,51.7365821353524,-0.144963141214248
8.49,0,0,0,0,-49.2798383737272,-0.144963141214248
8.5,0,0,0,0,-49.2798383737272,-0.144963141214248
8.51,0,0,0,0,59.9765922675133,-0.144963141214248
8.52,0,0,0,0,59.9765922675133,-0.144963141214248
8.53,0,0,0,0,59.9765922675133,-0.144963141214248
8.54,0,0,0,0,-52.0265084177809,-0.144963141214248
8.55,0,0,0,0,-52.0265084177809,-0.144963141214248
8.56,0,0,0,0,56.9247366630098,-0.144963141214248
8.57,0,0,0,0,56.9247366630098,-0.144963141214248
8.58,0,0,0,0,56.9247366630098,-0.144963141214248
8.59,0,0,0,0,-49.2798383737272,-0.144963141214248
8.6,0,0,0,0,-49.2798383737272,-0.144963141214248
8.61,0,0,0,0,-49.2798383737272,-0.144963141214248
8.62,0,0,0,0,53.8728810585053,-0.144963141214248
8.63,0,0,0,0,53.8728810585053,-0.144963141214248
8.64,0,0,0,0,53.8728810585053,-0.144963141214248
8.65,0,0,0,0,-47.1435394505743,-0.144963141214248
8.66,0,0,0,0,-47.1435394505743,-0.144963141214248
8.67,0,0,0,0,48.9899120912987,-0.144963141214248
8.68,0,0,0,0,48.9899120912987,-0.144963141214248
8.69,0,0,0,0,48.9899120912987,-0.144963141214248
8.7,0,0,0,0,48.9899120912987,-0.144963141214248
8.71,0,0,0,0,-41.0398282415672,-0.144963141214248
8.72,0,0,0,0,-41.0398282415672,-0.144963141214248
8.73,0,0,0,0,-41.0398282415672,-0.144963141214248
8.74,0,0,0,0,46.8536131681467,-0.144963141214248
8.75,0,0,0,0,46.8536131681467,-0.144963141214248
8.76,0,0,0,0,46.8536131681467,-0.144963141214248
8.77,0,0,0,0,-44.0916838460707,-0.144963141214248
8.78,0,0,0,0,-44.0916838460707,-0.144963141214248
8.79,0,0,0,0,51.7365821353524,-0.144963141214248
8.8,0,0,0,0,51.7365821353524,-0.144963141214248
8.81,0,0,0,0,51.7365821353524,-0.144963141214248
8.82,0,0,0,0,-47.1435394505743,-0.144963141214248
8.83,0,0,0,0,-47.1435394505743,-0.144963141214248
8.84,0,0,0,0,-47.1435394505743,-0.144963141214248
8.85,0,0,0,0,51.7365821353524,-0.144963141214248
8.86,0,0,0,0,51.7365821353524,-0.144963141214248
8.87,0,0,0,0,51.7365821353524,-0.144963141214248
8.88,0,0,0,0,-44.0916838460707,-0.144963141214248
8.89,0,0,0,0,-44.0916838460707,-0.144963141214248
8.9,0,0,0,0,-44.0916838460707,-0.144963141214248
8.91,0,0,0,0,46.8536131681467,-0.144963141214248
8.92,0,0,0,0,46.8536131681467,-0.144963141214248
8.93,0,0,0,0,46.8536131681467,-0.144963141214248
8.94,0,0,0,0,-41.0398282415672,-0.144963141214248
8.95,0,0,0,0,-41.0398282415672,-0.144963141214248
8.96,0,0,0,0,-41.0398282415672,-0.144963141214248
8.97,0,0,0,0,46.8536131681467,-0.144963141214248
8.98,0,0,0,0,46.8536131681467,-0.144963141214248
8.99,0,0,0,0,46.8536131681467,-0.144963141214248
9,0,0,0,0,0,-0.144963141214248
9.01,0,0,0,0,0,-0.144963141214248
9.02,0,0,0,0,0,-0.144963141214248
9.03,0,0,0,0,0,-0.144963141214248
9.04,0,0,0,0,0,-0.144963141214248
9.05,0,0,0,0,0,-0.144963141214248
9.06,0,0,0,0,0,-0.144963141214248
9.07,0,0,0,0,0,-0.144963141214248
9.08,0,0,0,0,0,-0.144963141214248
9.09,0,0,0,0,0,-0.144963141214248
9.1,0,0,0,0,0,-0.144963141214248
9.11,0,0,0,0,0,-0.144963141214248
9.12,0,0,0,0,0,-0.144963141214248
9.13,0,0,0,0,0,-0.144963141214248
9.14,0,0,0,0,0,-0.144963141214248
9.15,0,0,0,0,0,-0.144963141214248
9.16,0,0,0,0,0,-0.144963141214248
9.17,0,0,0,0,0,-0.144963141214248
9.18,0,0,0,0,0,-0.144963141214248
9.19,0,0,0,0,0,-0.144963141214248
9.2,0,0,0,0,0,-0.144963141214248
9.21,0,0,0,0,0,-0.144963141214248
9.22,0,0,0,0,0,-0.144963141214248
9.23,0,0,0,0,0,-0.144963141214248
9.24,0,0,0,0,0,-0.144963141214248
9.25,0,0,0,0,0,-0.144963141214248
9.26,0,0,0,0,0,0
9.27,0,0,0,0,0,0
9.28,0,0,0,0,0,0
9.29,0,0,0,0,0,0
9.3,0,0,0,0,0,0
9.31,0,0,0,0,0,0
9.32,0,0,0,0,0,0
9.33,0,0,0,0,0,0
9.34,0,0,0,0,0,0
9.35,0,0,0,0,0,0
9.36,0,0,0,0,0,0
9.37,0,0,0,0,0,0
9.38,0,0,0,0,0,0
9.39,0,0,0,0,0,0
9.4,0,0,0,0,0,0
9.41,0,0,0,0,0,0
9.42,0,0,0,0,0,0
9.43,0,0,0,0,0,0
9.44,0,0,0,0,0,0
9.45,0,0,0,0,0,0
9.46,0,0,0,0,0,0
9.47,0,0,0,0,0,0
9.48,0,0,0,0,0,0
9.49,0,0,0,0,0,0
9.5,0,0,0,0,0,0
9.51,0,0,0,0,0,0
9.52,0,0,0,0,0,0
9.53,0,0,0,0,0,0
9.54,0,0,0,0,0,0
9.55,0,0,0,0,0,0
9.56,0,0,0,0,0,0
9.57,0,0,0,0,0,0
9.58,0,0,0,0,0,0
9.59,0,0,0,0,0,0
9.6,0,0,0,0,0,0
9.61,0,0,0,0,0,0
9.62,0,0,0,0,0,0
9.63,0,0,0,0,0,0
9.64,0,0,0,0,0,0
9.65,0,0,0,0,0,0
9.66,0,0,0,0,0,0
9.67,0,0,0,0,0,0
9.68,0,0,0,0,0,0
9.69,0,0,0,0,0,0
9.7,0,0,0,0,0,0
9.71,0,0,0,0,0,0
9.72,0,0,0,0,0,0
9.73,0,0,0,0,0,0
9.74,0,0,0,0,0,0
9.75,0,0,0,0,0,0
9.76,0,0,0,0,0,0
9.77,0,0,0,0,0,0
9.78,0,0,0,0,0,0
9.79,0,0,0,0,0,0
9.8,0,0,0,0,0,0
9.81,0,0,0,0,0,0
9.82,0,0,0,0,0,0
9.83,0,0,0,0,0,0
9.84,0,0,0,0,0,0
9.85,0,0,0,0,0,0
9.86,0,0,0,0,0,0
9.87,0,0,0,0,0,0
9.88,0,0,0,0,0,0
9.89,0,0,0,0,0,0
9.9,0,0,0,0,0,0
9.91,0,0,0,0,0,0
9.92,0,0,0,0,0,0
9.93,0,0,0,0,0,0
9.94,0,0,0,0,0,0
9.95,0,0,0,0,0,0
9.96,0,0,0,0,0,0
9.97,0,0,0,0,0,0
9.98,0,0,0,0,0,0
9.99,0,0,0,0,0,0
10,0,0,0,0,0,0
10.01,0,0,0,0,0,0
10.02,0,0,0,0,0,0
10.03,0,0,0,0,0,0
10.04,0,0,0,0,0,0
10.05,0,0,0,0,0,0
10.06,0,0,0,0,0,0
10.07,0,0,0,0,0,0
10.08,0,0,0,0,0,0
10.09,0,0,0,0,0,0
10.1,0,0,0,0,0,0
10.11,0,0,0,0,0,0
10.12,0,0,0,0,0,0
10.13,0,0,0,0,0,0
10.14,0,0,0,0,0,0
10.15,0,0,0,0,0,0
10.16,0,0,0,0,0,0
10.17,0,0,0,0,0,0
10.18,0,0,0,0,0,0
10.19,0,0,0,0,0,0
10.2,0,0,0,0,0,0
10.21,0,0,0,0,0,0
10.22,0,0,0,0,0,0
10.23,0,0,0,0,0,0
10.24,0,0,0,0,0,0
10.25,0,0,0,0,0,0
10.26,0,0,0,0,0,0
10.27,0,0,0,0,0,0
10.28,0,0,0,0,0,0
10.29,0,0,0,0,0,0
10.3,0,0,0,0,0,0
10.31,0,0,0,0,0,0
10.32,0,0,0,0,0,0
10.33,0,0,0,0,0,0
10.34,0,0,0,0,0,0
10.35,0,0,0,0,0,0
10.36,0,0,0,0,0,0
10.37,0,0,0,0,0,0
10.38,0,0,0,0,0,0
10.39,0,0,0,0,0,0
10.4,0,0,0,0,0,0
10.41,0,0,0,0,0,0
10.42,0,0,0,0,0,0
10.43,0,0,0,0,0,0
10.44,0,0,0,0,0,0
10.45,0,0,0,0,0,0
10.46,0,0,0,0,0,0
10.47,0,0,0,0,0,0
10.48,0,0,0,0,0,0
10.49,0,0,0,0,0,0
10.5,0,0,0,0,0,0
10.51,0,0,0,0,0,0
10.52,0,0,0,0,0,0
10.53,0,0,0,0,0,0
10.54,0,0,0,0,0,0
10.55,0,0,0,0,0,0
10.56,0,0,0,0,0,0
10.57,0,0,0,0,0,0
10.58,0,0,0,0,0,0
10.59,0,0,0,0,0,0
10.6,0,0,0,0,0,0
10.61,0,0,0,0,0,0
10.62,0,0,0,0,0,0
10.63,0,0,0,0,0,0
10.64,0,0,0,0,0,0
10.65,0,0,0,0,0,0
10.66,0,0,0,0,0,0
10.67,0,0,0,0,0,0
10.68,0,0,0,0,0,0
10.69,0,0,0,0,0,0
10.7,0,0,0,0,0,0
10.71,0,0,0,0,0,0
10.72,0,0,0,0,0,0
10.73,0,0,0,0,0,0
10.74,0,0,0,0,0,0
10.75,0,0,0,0,0,0
10.76,0,0,0,0,0,0
10.77,0,0,0,0,0,0
10.78,0,0,0,0,0,0
10.79,0,0,0,0,0,0
10.8,0,0,0,0,0,0
10.81,0,0,0,0,0,0
10.82,0,0,0,0,0,0
10.83,0,0,0,0,0,0
10.84,0,0,0,0,0,0
10.85,0,0,0,0,0,0
10.86,0,0,0,0,0,0
10.87,0,0,0,0,0,0
10.88,0,0,0,0,0,0
10.89,0,0,0,0,0,0
10.9,0,0,0,0,0,0
10.91,0,0,0,0,0,0
10.92,0,0,0,0,0,0
10.93,0,0,0,0,0,0
10.94,0,0,0,0,0,0
10.95,0,0,0,0,0,0
10.96,0,0,0,0,0,0
10.97,0,0,0,0,0,0
10.98,0,0,0,0,0,0
10.99,0,0,0,0,0,0
11,0,0,0,0,0,0
11.01,0,0,0,0,0,0
11.02,0,0,0,0,0,0
11.03,0,0,0,0,0,0
11.04,0,0,0,0,0,0
11.05,0,0,0,0,0,0
11.06,0,0,0,0,0,0
11.07,0,0,0,0,0,0
11.08,0,0,0,0,0,0
11.09,0,0,0,0,0,0
11.1,0,0,0,0,0,0
11.11,0,0,0,0,0,0
11.12,0,0,0,0,0,0
11.13,0,0,0,0,0,0
11.14,0,0,0,0,0,0
11.15,0,0,0,0,0,0
11.16,0,0,0,0,0,0
11.17,0,0,0,0,0,0
11.18,0,0,0,0,0,0
11.19,0,0,0,0,0,0
11.2,0,0,0,0,0,0
11.21,0,0,0,0,0,0
11.22,0,0,0,0,0,0
11.23,0,0,0,0,0,0
11.24,0,0,0,0,0,0
11.25,0,0,0,0,0,0
11.26,0,0,0,0,0,0
11.27,0,0,0,0,0,0
11.28,0,0,0,0,0,0
11.29,0,0,0,0,0,0
11.3,0,0,0,0,0,0
11.31,0,0,0,0,0,0
11.32,0,0,0,0,0,0
11.33,0,0,0,0,0,0
11.34,0,0,0,0,0,0
11.35,0,0,0,0,0,0
11.36,0,0,0,0,0,0
11.37,0,0,0,0,0,0
11.38,0,0,0,0,0,0
11.39,0,0,0,0,0,0
11.4,0,0,0,0,0,0
11.41,0,0,0,0,0,0
11.42,0,0,0,0,0,0
11.43,0,0,0,0,0,0
11.44,0,0,0,0,0,0
11.45,0,0,0,0,0,0
11.46,0,0,0,0,0,0
11.47,0,0,0,0,0,0
11.48,0,0,0,0,0,0
11.49,0,0,0,0,0,0
11.5,0,0,0,0,0,0
11.51,0,0,0,0,0,0
11.52,0,0,0,0,0,0
11.53,0,0,0,0,0,0
11.54,0,0,0,0,0,0
11.55,0,0,0,0,0,0
11.56,0,0,0,0,0,0
11.57,0,0,0,0,0,0
11.58,0,0,0,0,0,0
11.59,0,0,0,0,0,0
11.6,0,0,0,0,0,0
11.61,0,0,0,0,0,0
11.62,0,0,0,0,0,0
11.63,0,0,0,0,0,0
11.64,0,0,0,0,0,0
11.65,0,0,0,0,0,0
11.66,0,0,0,0,0,0
11.67,0,0,0,0,0,0
11.68,0,0,0,0,0,0
11.69,0,0,0,0,0,0
11.7,0,0,0,0,0,0
11.71,0,0,0,0,0,0
11.72,0,0,0,0,0,0
11.73,0,0,0,0,0,0
11.74,0,0,0,0,0,0
11.75,0,0,0,0,0,0
11.76,0,0,0,0,0,0
11.77,0,0,0,0,0,0
11.78,0,0,0,0,0,0
11.79,0,0,0,0,0,0
11.8,0,0,0,0,0,0
11.81,0,0,0,0,0,0
11.82,0,0,0,0,0,0
11.83,0,0,0,0,0,0
11.84,0,0,0,0,0,0
11.85,0,0,0,0,0,0
11.86,0,0,0,0,0,0
11.87,0,0,0,0,0,0
11.88,0,0,0,0,0,0
11.89,0,0,0,0,0,0
11.9,0,0,0,0,0,0
11.91,0,0,0,0,0,0
11.92,0,0,0,0,0,0
11.93,0,0,0,0,0,0
11.94,0,0,0,0,0,0
11.95,0,0,0,0,0,0
11.96,0,0,0,0,0,0
11.97,0,0,0,0,0,0
11.98,0,0,0,0,0,0
11.99,0,0,0,0,0,0
12,0,0,0,0,0,0
12.01,0,0,0,0,0,0
12.02,0,0,0,0,0,0
12.03,0,0,0,0,0,0
12.04,0,0,0,0,0,0
12.05,0,0,0,0,0,0
12.06,0,0,0,0,0,0
12.07,0,0,0,0,0,0
12.08,0,0,0,0,0,0
12.09,0,0,0,0,0,0
12.1,0,0,0,0,0,0
12.11,0,0,0,0,0,0
12.12,0,0,0,0,0,0
12.13,0,0,0,0,0,0
12.14,0,0,0,0,0,0
12.15,0,0,0,0,0,0
12.16,0,0,0,0,0,0
12.17,0,0,0,0,0,0
12.18,0,0,0,0,0,0
12.19,0,0,0,0,0,0
12.2,0,0,0,0,0,0
12.21,0,0,0,0,0,0
12.22,0,0,0,0,0,0
12.23,0,0,0,0,0,0
12.24,0,0,0,0,0,0
12.25,0,0,0,0,0,0
12.26,0,0,0,0,0,0
12.27,0,0,0,0,0,0
12.28,0,0,0,0,0,0
12.29,0,0,0,0,0,0
12.3,0,0,0,0,0,0
12.31,0,0,0,0,0,0
12.32,0,0,0,0,0,0
12.33,0,0,0,0,0,0
12.34,0,0,0,0,0,0
12.35,0,0,0,0,0,0
12.36,0,0,0,0,0,0
12.37,0,0,0,0,0,0
12.38,0,0,0,0,0,0
12.39,0,0,0,0,0,0
12.4,0,0,0,0,0,0
12.41,0,0,0,0,0,0
12.42,0,0,0,0,0,0
12.43,0,0,0,0,0,0
12.44,0,0,0,0,0,0
12.45,0,0,0,0,0,0
12.46,0,0,0,0,0,0
12.47,0,0,0,0,0,0
12.48,0,0,0,0,0,0
12.49,0,0,0,0,0,0
12.5,0,0,0,0,0,0
12.51,0,0,0,0,0,0
12.52,0,0,0,0,0,0
12.53,0,0,0,0,0,0
12.54,0,0,0,0,0,0
12.55,0,0,0,0,0,0
12.56,0,0,0,0,0,0
12.57,0,0,0,0,0,0
12.58,0,0,0,0,0,0
12.59,0,0,0,0,0,0
12.6,0,0,0,0,0,0
12.61,0,0,0,0,0,0
12.62,0,0,0,0,0,0
12.63,0,0,0,0,0,0
12.64,0,0,0,0,0,0
12.65,0,0,0,0,0,0
12.66,0,0,0,0,0,0
12.67,0,0,0,0,0,0
12.68,0,0,0,0,0,0
12.69,0,0,0,0,0,0
12.7,0,0,0,0,0,0
12.71,0,0,0,0,0,0
12.72,0,0,0,0,0,0
12.73,0,0,0,0,0,0
12.74,0,0,0,0,0,0
12.75,0,0,0,0,0,0
12.76,0,0,0,0,0,0
12.77,0,0,0,0,0,0
12.78,0,0,0,0,0,0
12.79,0,0,0,0,0,0
12.8,0,0,0,0,0,0
12.81,0,0,0,0,0,0
12.82,0,0,0,0,0,0
12.83,0,0,0,0,0,0
12.84,0,0,0,0,0,0
12.85,0,0,0,0,0,0
12.86,0,0,0,0,0,0
12.87,0,0,0,0,0,0
12.88,0,0,0,0,0,0
12.89,0,0,0,0,0,0
12.9,0,0,0,0,0,0
12.91,0,0,0,0,0,0
12.92,0,0,0,0,0,0
12.93,0,0,0,0,0,0
12.94,0,0,0,0,0,0
12.95,0,0,0,0,0,0
12.96,0,0,0,0,0,0
12.97,0,0,0,0,0,0
12.98,0,0,0,0,0,0
12.99,0,0,0,0,0,0
13,0,0,0,0,0,0
13.01,0,0,0,0,0,0
13.02,0,0,0,0,0,0
13.03,0,0,0,0,0,0
13.04,0,0,0,0,0,0
13.05,0,0,0,0,0,0
13.06,0,0,0,0,0,0
13.07,0,0,0,0,0,0
13.08,0,0,0,0,0,0
13.09,0,0,0,0,0,0
13.1,0,0,0,0,0,0
13.11,0,0,0,0,0,0
13.12,0,0,0,0,0,0
13.13,0,0,0,0,0,0
13.14,0,0,0,0,0,0
13.15,0,0,0,0,0,0
13.16,0,0,0,0,0,0
13.17,0,0,0,0,0,0
13.18,0,0,0,0,0,0
13.19,0,0,0,0,0,0
13.2,0,0,0,0,0,0
13.21,0,0,0,0,0,0
13.22,0,0,0,0,0,0
13.23,0,0,0,0,0,0
13.24,0,0,0,0,0,0
13.25,0,0,0,0,0,0
13.26,0,0,0,0,0,0
13.27,0,0,0,0,0,0
13.28,0,0,0,0,0,0
13.29,0,0,0,0,0,0
13.3,0,0,0,0,0,0
13.31,0,0,0,0,0,0
13.32,0,0,0,0,0,0
13.33,0,0,0,0,0,0
13.34,0,0,0,0,0,0
13.35,0,0,0,0,0,0
13.36,0,0,0,0,0,0
13.37,0,0,0,0,0,0
13.38,0,0,0,0,0,0
13.39,0,0,0,0,0,0
13.4,0,0,0,0,0,0
13.41,0,0,0,0,0,0
13.42,0,0,0,0,0,0
13.43,0,0,0,0,0,0
13.44,0,0,0,0,0,0
13.45,0,0,0,0,0,0
13.46,0,0,0,0,0,0
13.47,0,0,0,0,0,0
13.48,0,0,0,0,0,0
13.49,0,0,0,0,0,0
13.5,0,0,0,0,0,0
13.51,0,0,0,0,0,0
13.52,0,0,0,0,0,0
13.53,0,0,0,0,0,0
13.54,0,0,0,0,0,0
13.55,0,0,0,0,0,0
13.56,0,0,0,0,0,0
13.57,0,0,0,0,0,0
13.58,0,0,0,0,0,0
13.59,0,0,0,0,0,0
13.6,0,0,0,0,0,0
13.61,0,0,0,0,0,0
13.62,0,0,0,0,0,0
13.63,0,0,0,0,0,0
13.64,0,0,0,0,0,0
13.65,0,0,0,0,0,0
13.66,0,0,0,0,0,0
13.67,0,0,0,0,0,0
13.68,0,0,0,0,0,0
13.69,0,0,0,0,0,0
13.7,0,0,0,0,0,0
13.71,0,0,0,0,0,0
13.72,0,0,0,0,0,0
13.73,0,0,0,0,0,0
13.74,0,0,0,0,0,0
13.75,0,0,0,0,0,0
13.76,0,0,0,0,0,0
13.77,0,0,0,0,0,0
13.78,0,0,0,0,0,0
13.79,0,0,0,0,0,0
13.8,0,0,0,0,0,0
13.81,0,0,0,0,0,0
13.82,0,0,0,0,0,0
13.83,0,0,0,0,0,0
13.84,0,0,0,0,0,0
13.85,0,0,0,0,0,0
13.86,0,0,0,0,0,0
13.87,0,0,0,0,0,0
13.88,0,0,0,0,0,0
13.89,0,0,0,0,0,0
13.9,0,0,0,0,0,0
13.91,0,0,0,0,0,0
13.92,0,0,0,0,0,0
13.93,0,0,0,0,0,0
13.94,0,0,0,0,0,0
13.95,0,0,0,0,0,0
13.96,0,0,0,0,0,0
13.97,0,0,0,0,0,0
13.98,0,0,0,0,0,0
13.99,0,0,0,0,0,0
14,0,0,0,0,0,0
14.01,0,0,0,0,0,0
14.02,0,0,0,0,0,0
14.03,0,0,0,0,0,0
14.04,0,0,0,0,0,0
14.05,0,0,0,0,0,0
14.06,0,0,0,0,0,0
14.07,0,0,0,0,0,0
14.08,0,0,0,0,0,0
14.09,0,0,0,0,0,0
14.1,0,0,0,0,0,0
14.11,0,0,0,0,0,0
14.12,0,0,0,0,0,0
14.13,0,0,0,0,0,0
14.14,0,0,0,0,0,0
14.15,0,0,0,0,0,0
14.16,0,0,0,0,0,0
14.17,0,0,0,0,0,0
14.18,0,0,0,0,0,0
14.19,0,0,0,0,0,0
14.2,0,0,0,0,0,0
14.21,0,0,0,0,0,0
14.22,0,0,0,0,0,0
14.23,0,0,0,0,0,0
14.24,0,0,0,0,0,0
14.25,0,0,0,0,0,0
14.26,0,0,0,0,0,0
14.27,0,0,0,0,0,0
14.28,0,0,0,0,0,0
14.29,0,0,0,0,0,0
14.3,0,0,0,0,0,0
14.31,0,0,0,0,0,0
14.32,0,0,0,0,0,0
14.33,0,0,0,0,0,0
14.34,0,0,0,0,0,0
14.35,0,0,0,0,0,0
14.36,0,0,0,0,0,0
14.37,0,0,0,0,0,0
14.38,0,0,0,0,0,0
14.39,0,0,0,0,0,0
14.4,0,0,0,0,0,0
14.41,0,0,0,0,0,0
14.42,0,0,0,0,0,0
14.43,0,0,0,0,0,0
14.44,0,0,0,0,0,0
14.45,0,0,0,0,0,0
14.46,0,0,0,0,0,0
14.47,0,0,0,0,0,0
14.48,0,0,0,0,0,0
14.49,0,0,0,0,0,0
14.5,0,0,0,0,0,0
14.51,0,0,0,0,0,0
14.52,0,0,0,0,0,0
14.53,0,0,0,0,0,0
14.54,0,0,0,0,0,0
14.55,0,0,0,0,0,0
14.56,0,0,0,0,0,0
14.57,0,0,0,0,0,0
14.58,0,0,0,0,0,0
14.59,0,0,0,0,0,0
14.6,0,0,0,0,0,0
14.61,0,0,0,0,0,0
14.62,0,0,0,0,0,0
14.63,0,0,0,0,0,0
14.64,0,0,0,0,0,0
14.65,0,0,0,0,0,0
14.66,0,0,0,0,0,0
14.67,0,0,0,0,0,0
14.68,0,0,0,0,0,0
14.69,0,0,0,0,0,0
14.7,0,0,0,0,0,0
14.71,0,0,0,0,0,0
14.72,0,0,0,0,0,0
14.73,0,0,0,0,0,0
14.74,0,0,0,0,0,0
14.75,0,0,0,0,0,0
14.76,0,0,0,0,0,0
14.77,0,0,0,0,0,0
14.78,0,0,0,0,0,0
14.79,0,0,0,0,0,0
14.8,0,0,0,0,0,0
14.81,0,0,0,0,0,0
14.82,0,0,0,0,0,0
14.83,0,0,0,0,0,0
14.84,0,0,0,0,0,0
14.85,0,0,0,0,0,0
14.86,0,0,0,0,0,0
14.87,0,0,0,0,0,0
14.88,0,0,0,0,0,0
14.89,0,0,0,0,0,0
14.9,0,0,0,0,0,0
14.91,0,0,0,0,0,0
14.92,0,0,0,0,0,0
14.93,0,0,0,0,0,0
14.94,0,0,0,0,0,0
14.95,0,0,0,0,0,0
14.96,0,0,0,0,0,0
14.97,0,0,0,0,0,0
14.98,0,0,0,0,0,0
14.99,0,0,0,0,0,0
15,0,0,0,0,0,0
15.01,0,0,0,0,0,0
15.02,0,0,0,0,0,0
15.03,0,0,0,0,0,0
15.04,0,0,0,0,0,0
15.05,0,0,0,0,0,0
15.06,0,0,0,0,0,0
15.07,0,0,0,0,0,0
15.08,0,0,0,0,0,0
15.09,0,0,0,0,0,0
15.1,0,0,0,0,0,0
15.11,0,0,0,0,0,0
15.12,0,0,0,0,0,0
15.13,0,0,0,0,0,0
15.14,0,0,0,0,0,0
15.15,0,0,0,0,0,0
15.16,0,0,0,0,0,0
15.17,0,0,0,0,0,0
15.18,0,0,0,0,0,0
15.19,0,0,0,0,0,0
15.2,0,0,0,0,0,0
15.21,0,0,0,0,0,0
15.22,0,0,0,0,0,0
15.23,0,0,0,0,0,0
15.24,0,0,0,0,0,0
15.25,0,0,0,0,0,0
15.26,0,0,0,0,0,0
15.27,0,0,0,0,0,0
15.28,0,0,0,0,0,0
15.29,0,0,0,0,0,0
15.3,0,0,0,0,0,0
15.31,0,0,0,0,0,0
15.32,0,0,0,0,0,0
15.33,0,0,0,0,0,0
15.34,0,0,0,0,0,0
15.35,0,0,0,0,0,0
15.36,0,0,0,0,0,0
15.37,0,0,0,0,0,0
15.38,0,0,0,0,0,0
15.39,0,0,0,0,0,0
15.4,0,0,0,0,0,0
15.41,0,0,0,0,0,0
15.42,0,0,0,0,0,0
15.43,0,0,0,0,0,0
15.44,0,0,0,0,0,0
15.45,0,0,0,0,0,0
15.46,0,0,0,0,0,0
15.47,0,0,0,0,0,0
15.48,0,0,0,0,0,0
15.49,0,0,0,0,0,0
15.5,0,0,0,0,0,0
15.51,0,0,0,0,0,0
15.52,0,0,0,0,0,0
15.53,0,0,0,0,0,0
15.54,0,0,0,0,0,0
15.55,0,0,0,0,0,0
15.56,0,0,0,0,0,0
15.57,0,0,0,0,0,0
15.58,0,0,0,0,0,0
15.59,0,0,0,0,0,0
15.6,0,0,0,0,0,0
15.61,0,0,0,0,0,0
15.62,0,0,0,0,0,0
15.63,0,0,0,0,0,0
15.64,0,0,0,0,0,0
15.65,0,0,0,0,0,0
15.66,0,0,0,0,0,0
15.67,0,0,0,0,0,0
15.68,0,0,0,0,0,0
15.69,0,0,0,0,0,0
15.7,0,0,0,0,0,0
15.71,0,0,0,0,0,0
15.72,0,0,0,0,0,0
15.73,0,0,0,0,0,0
15.74,0,0,0,0,0,0
15.75,0,0,0,0,0,0
15.76,0,0,0,0,0,0
15.77,0,0,0,0,0,0
15.78,0,0,0,0,0,0
15.79,0,0,0,0,0,0
15.8,0,0,0,0,0,0
15.81,0,0,0,0,0,0
15.82,0,0,0,0,0,0
15.83,0,0,0,0,0,0
15.84,0,0,0,0,0,0
15.85,0,0,0,0,0,0
15.86,0,0,0,0,0,0
15.87,0,0,0,0,0,0
15.88,0,0,0,0,0,0
15.89,0,0,0,0,0,0
15.9,0,0,0,0,0,0
15.91,0,0,0,0,0,0
15.92,0,0,0,0,0,0
15.93,0,0,0,0,0,0
15.94,0,0,0,0,0,0
15.95,0,0,0,0,0,0
15.96,0,0,0,0,0,0
15.97,0,0,0,0,0,0
15.98,0,0,0,0,0,0
15.99,0,0,0,0,0,0
16,0,0,0,0,0,0
16.01,0,0,0,0,0,0
16.02,0,0,0,0,0,0
16.03,0,0,0,0,0,0
16.04,0,0,0,0,0,0
16.05,0,0,0,0,0,0
16.06,0,0,0,0,0,0
16.07,0,0,0,0,0,0
16.08,0,0,0,0,0,0
16.09,0,0,0,0,0,0
16.1,0,0,0,0,0,0
16.11,0,0,0,0,0,0
16.12,0,0,0,0,0,0
16.13,0,0,0,0,0,0
16.14,0,0,0,0,0,0
16.15,0,0,0,0,0,0
16.16,0,0,0,0,0,0
16.17,0,0,0,0,0,0
16.18,0,0,0,0,0,0
16.19,0,0,0,0,0,0
16.2,0,0,0,0,0,0
16.21,0,0,0,0,0,0
16.22,0,0,0,0,0,0
16.23,0,0,0,0,0,0
16.24,0,0,0,0,0,0
16.25,0,0,0,0,0,0
16.26,0,0,0,0,0,0
16.27,0,0,0,0,0,0
16.28,0,0,0,0,0,0
16.29,0,0,0,0,0,0
16.3,0,0,0,0,0,0
16.31,0,0,0,0,0,0
16.32,0,0,0,0,0,0
16.33,0,0,0,0,0,0
16.34,0,0,0,0,0,0
16.35,0,0,0,0,0,0
16.36,0,0,0,0,0,0
16.37,0,0,0,0,0,0
16.38,0,0,0,0,0,0
16.39,0,0,0,0,0,0
16.4,0,0,0,0,0,0
16.41,0,0,0,0,0,0
16.42,0,0,0,0,0,0
16.43,0,0,0,0,0,0
16.44,0,0,0,0,0,0
16.45,0,0,0,0,0,0
16.46,0,0,0,0,0,0
16.47,0,0,0,0,0,0
16.48,0,0,0,0,0,0
16.49,0,0,0,0,0,0
16.5,0,0,0,0,0,0
16.51,0,0,0,0,0,0
16.52,0,0,0,0,0,0
16.53,0,0,0,0,0,0
16.54,0,0,0,0,0,0
16.55,0,0,0,0,0,0
16.56,0,0,0,0,0,0
16.57,0,0,0,0,0,0
16.58,0,0,0,0,0,0
16.59,0,0,0,0,0,0
16.6,0,0,0,0,0,0
16.61,0,0,0,0,0,0
16.62,0,0,0,0,0,0
16.63,0,0,0,0,0,0
16.64,0,0,0,0,0,0
16.65,0,0,0,0,0,0
16.66,0,0,0,0,0,0
16.67,0,0,0,0,0,0
16.68,0,0,0,0,0,0
16.69,0,0,0,0,0,0
16.7,0,0,0,0,0,0
16.71,0,0,0,0,0,0
16.72,0,0,0,0,0,0
16.73,0,0,0,0,0,0
16.74,0,0,0,0,0,0
16.75,0,0,0,0,0,0
16.76,0,0,0,0,0,0
16.77,0,0,0,0,0,0
16.78,0,0,0,0,0,0
16.79,0,0,0,0,0,0
16.8,0,0,0,0,0,0
16.81,0,0,0,0,0,0
16.82,0,0,0,0,0,0
16.83,0,0,0,0,0,0
16.84,0,0,0,0,0,0
16.85,0,0,0,0,0,0
16.86,0,0,0,0,0,0
16.87,0,0,0,0,0,0
16.88,0,0,0,0,0,0
16.89,0,0,0,0,0,0
16.9,0,0,0,0,0,0
16.91,0,0,0,0,0,0
16.92,0,0,0,0,0,0
16.93,0,0,0,0,0,0
16.94,0,0,0,0,0,0
16.95,0,0,0,0,0,0
16.96,0,0,0,0,0,0
16.97,0,0,0,0,0,0
16.98,0,0,0,0,0,0
16.99,0,0,0,0,0,0
17,0,0,0,0,0,0
17.01,0,0,0,0,0,0
17.02,0,0,0,0,0,0
17.03,0,0,0,0,0,0
17.04,0,0,0,0,0,0
17.05,0,0,0,0,0,0
17.06,0,0,0,0,0,0
17.07,0,0,0,0,0,0
17.08,0,0,0,0,0,0
17.09,0,0,0,0,0,0
17.1,0,0,0,0,0,0
17.11,0,0,0,0,0,0
17.12,0,0,0,0,0,0
17.13,0,0,0,0,0,0
17.14,0,0,0,0,0,0
17.15,0,0,0,0,0,0
17.16,0,0,0,0,0,0
17.17,0,0,0,0,0,0
17.18,0,0,0,0,0,0
17.19,0,0,0,0,0,0
17.2,0,0,0,0,0,0
17.21,0,0,0,0,0,0
17.22,0,0,0,0,0,0
17.23,0,0,0,0,0,0
17.24,0,0,0,0,0,0
17.25,0,0,0,0,0,0
17.26,0,0,0,0,0,0
17.27,0,0,0,0,0,0
17.28,0,0,0,0,0,0
17.29,0,0,0,0,0,0
17.3,0,0,0,0,0,0
17.31,0,0,0,0,0,0
17.32,0,0,0,0,0,0
17.33,0,0,0,0,0,0
17.34,0,0,0,0,0,0
17.35,0,0,0,0,0,0
17.36,0,0,0,0,0,0
17.37,0,0,0,0,0,0
17.38,0,0,0,0,0,0
17.39,0,0,0,0,0,0
17.4,0,0,0,0,0,0
17.41,0,0,0,0,0,0
17.42,0,0,0,0,0,0
17.43,0,0,0,0,0,0
17.44,0,0,0,0,0,0
17.45,0,0,0,0,0,0
17.46,0,0,0,0,0,0
17.47,0,0,0,0,0,0
17.48,0,0,0,0,0,0
17.49,0,0,0,0,0,0
17.5,0,0,0,0,0,0
17.51,0,0,0,0,0,0
17.52,0,0,0,0,0,0
17.53,0,0,0,0,0,0
17.54,0,0,0,0,0,0
17.55,0,0,0,0,0,0
17.56,0,0,0,0,0,0
17.57,0,0,0,0,0,0
17.58,0,0,0,0,0,0
17.59,0,0,0,0,0,0
17.6,0,0,0,0,0,0
17.61,0,0,0,0,0,0
17.62,0,0,0,0,0,0
17.63,0,0,0,0,0,0
17.64,0,0,0,0,0,0
17.65,0,0,0,0,0,0
17.66,0,0,0,0,0,0
17.67,0,0,0,0,0,0
17.68,0,0,0,0,0,0
17.69,0,0,0,0,0,0
17.7,0,0,0,0,0,0
17.71,0,0,0,0,0,0
17.72,0,0,0,0,0,0
17.73,0,0,0,0,0,0
17.74,0,0,0,0,0,0
17.75,0,0,0,0,0,0
17.76,0,0,0,0,0,0
17.77,0,0,0,0,0,0
17.78,0,0,0,0,0,0
17.79,0,0,0,0,0,0
17.8,0,0,0,0,0,0
17.81,0,0,0,0,0,0
17.82,0,0,0,0,0,0
17.83,0,0,0,0,0,0
17.84,0,0,0,0,0,0
17.85,0,0,0,0,0,0
17.86,0,0,0,0,0,0
17.87,0,0,0,0,0,0
17.88,0,0,0,0,0,0
17.89,0,0,0,0,0,0
17.9,0,0,0,0,0,0
17.91,0,0,0,0,0,0
17.92,0,0,0,0,0,0
17.93,0,0,0,0,0,0
17.94,0,0,0,0,0,0
17.95,0,0,0,0,0,0
17.96,0,0,0,0,0,0
17.97,0,0,0,0,0,0
17.98,0,0,0,0,0,0
17.99,0,0,0,0,0,0
18,0,0,0,0,0,0
18.01,0,0,0,0,0,0
18.02,0,0,0,0,0,0
18.03,0,0,0,0,0,0
18.04,0,0,0,0,0,0
18.05,0,0,0,0,0,0
18.06,0,0,0,0,0,0
18.07,0,0,0,0,0,0
18.08,0,0,0,0,0,0
18.09,0,0,0,0,0,0
18.1,0,0,0,0,0,0
18.11,0,0,0,0,0,0
18.12,0,0,0,0,0,0
18.13,0,0,0,0,0,0
18.14,0,0,0,0,0,0
18.15,0,0,0,0,0,0
18.16,0,0,0,0,0,0
18.17,0,0,0,0,0,0
18.18,0,0,0,0,0,0
18.19,0,0,0,0,0,0
18.2,0,0,0,0,0,0
18.21,0,0,0,0,0,0
18.22,0,0,0,0,0,0
18.23,0,0,0,0,0,0
18.24,0,0,0,0,0,0
18.25,0,0,0,0,0,0
18.26,0,0,0,0,0,0
18.27,0,0,0,0,0,0
18.28,0,0,0,0,0,0
18.29,0,0,0,0,0,0
18.3,0,0,0,0,0,0
18.31,0,0,0,0,0,0
18.32,0,0,0,0,0,0
18.33,0,0,0,0,0,0
18.34,0,0,0,0,0,0
18.35,0,0,0,0,0,0
18.36,0,0,0,0,0,0
18.37,0,0,0,0,0,0
18.38,0,0,0,0,0,0
18.39,0,0,0,0,0,0
18.4,0,0,0,0,0,0
18.41,0,0,0,0,0,0
18.42,0,0,0,0,0,0
18.43,0,0,0,0,0,0
18.44,0,0,0,0,0,0
18.45,0,0,0,0,0,0
18.46,0,0,0,0,0,0
18.47,0,0,0,0,0,0
18.48,0,0,0,0,0,0
18.49,0,0,0,0,0,0
18.5,0,0,0,0,0,0
18.51,0,0,0,0,0,0
18.52,0,0,0,0,0,0
18.53,0,0,0,0,0,0
18.54,0,0,0,0,0,0
18.55,0,0,0,0,0,0
18.56,0,0,0,0,0,0
18.57,0,0,0,0,0,0
18.58,0,0,0,0,0,0
18.59,0,0,0,0,0,0
18.6,0,0,0,0,0,0
18.61,0,0,0,0,0,0
18.62,0,0,0,0,0,0
18.63,0,0,0,0,0,0
18.64,0,0,0,0,0,0
18.65,0,0,0,0,0,0
18.66,0,0,0,0,0,0
18.67,0,0,0,0,0,0
18.68,0,0,0,0,0,0
18.69,0,0,0,0,0,0
18.7,0,0,0,0,0,0
18.71,0,0,0,0,0,0
18.72,0,0,0,0,0,0
18.73,0,0,0,0,0,0
18.74,0,0,0,0,0,0
18.75,0,0,0,0,0,0
18.76,0,0,0,0,0,0
18.77,0,0,0,0,0,0
18.78,0,0,0,0,0,0
18.79,0,0,0,0,0,0
18.8,0,0,0,0,0,0
18.81,0,0,0,0,0,0
18.82,0,0,0,0,0,0
18.83,0,0,0,0,0,0
18.84,0,0,0,0,0,0
18.85,0,0,0,0,0,0
18.86,0,0,0,0,0,0
18.87,0,0,0,0,0,0
18.88,0,0,0,0,0,0
18.89,0,0,0,0,0,0
18.9,0,0,0,0,0,0
18.91,0,0,0,0,0,0
18.92,0,0,0,0,0,0
18.93,0,0,0,0,0,0
18.94,0,0,0,0,0,0
18.95,0,0,0,0,0,0
18.96,0,0,0,0,0,0
18.97,0,0,0,0,0,0
18.98,0,0,0,0,0,0
18.99,0,0,0,0,0,0
19,0,0,0,0,0,0
19.01,0,0,0,0,0,0
19.02,0,0,0,0,0,0
19.03,0,0,0,0,0,0
19.04,0,0,0,0,0,0
19.05,0,0,0,0,0,0
19.06,0,0,0,0,0,0
19.07,0,0,0,0,0,0
19.08,0,0,0,0,0,0
19.09,0,0,0,0,0,0
19.1,0,0,0,0,0,0
19.11,0,0,0,0,0,0
19.12,0,0,0,0,0,0
19.13,0,0,0,0,0,0
19.14,0,0,0,0,0,0
19.15,0,0,0,0,0,0
19.16,0,0,0,0,0,0
19.17,0,0,0,0,0,0
19.18,0,0,0,0,0,0
19.19,0,0,0,0,0,0
19.2,0,0,0,0,0,0
19.21,0,0,0,0,0,0
19.22,0,0,0,0,0,0
19.23,0,0,0,0,0,0
19.24,0,0,0,0,0,0
19.25,0,0,0,0,0,0
19.26,0,0,0,0,0,0
19.27,0,0,0,0,0,0
19.28,0,0,0,0,0,0
19.29,0,0,0,0,0,0
19.3,0,0,0,0,0,0
19.31,0,0,0,0,0,0
19.32,0,0,0,0,0,0
19.33,0,0,0,0,0,0
19.34,0,0,0,0,0,0
19.35,0,0,0,0,0,0
19.36,0,0,0,0,0,0
19.37,0,0,0,0,0,0
19.38,0,0,0,0,0,0
19.39,0,0,0,0,0,0
19.4,0,0,0,0,0,0
19.41,0,0,0,0,0,0
19.42,0,0,0,0,0,0
19.43,0,0,0,0,0,0
19.44,0,0,0,0,0,0
19.45,0,0,0,0,0,0
19.46,0,0,0,0,0,0
19.47,0,0,0,0,0,0
19.48,0,0,0,0,0,0
19.49,0,0,0,0,0,0
19.5,0,0,0,0,0,0
19.51,0,0,0,0,0,0
19.52,0,0,0,0,0,0
19.53,0,0,0,0,0,0
19.54,0,0,0,0,0,0
19.55,0,0,0,0,0,0
19.56,0,0,0,0,0,0
19.57,0,0,0,0,0,0
19.58,0,0,0,0,0,0
19.59,0,0,0,0,0,0
19.6,0,0,0,0,0,0
19.61,0,0,0,0,0,0
19.62,0,0,0,0,0,0
19.63,0,0,0,0,0,0
19.64,0,0,0,0,0,0
19.65,0,0,0,0,0,0
19.66,0,0,0,0,0,0
19.67,0,0,0,0,0,0
19.68,0,0,0,0,0,0
19.69,0,0,0,0,0,0
19.7,0,0,0,0,0,0
19.71,0,0,0,0,0,0
19.72,0,0,0,0,0,0
19.73,0,0,0,0,0,0
19.74,0,0,0,0,0,0
19.75,0,0,0,0,0,0
19.76,0,0,0,0,0,0
19.77,0,0,0,0,0,0
19.78,0,0,0,0,0,0
19.79,0,0,0,0,0,0
19.8,0,0,0,0,0,0
19.81,0,0,0,0,0,0
19.82,0,0,0,0,0,0
19.83,0,0,0,0,0,0
19.84,0,0,0,0,0,0
19.85,0,0,0,0,0,0
19.86,0,0,0,0,0,0
19.87,0,0,0,0,0,0
19.88,0,0,0,0,0,0
19.89,0,0,0,0,0,0
19.9,0,0,0,0,0,0
19.91,0,0,0,0,0,0
19.92,0,0,0,0,0,0
19.93,0,0,0,0,0,0
19.94,0,0,0,0,0,0
19.95,0,0,0,0,0,0
19.96,0,0,0,0,0,0
19.97,0,0,0,0,0,0
19.98,0,0,0,0,0,0
19.99,0,0,0,0,0,0
20,0,0,0,0,0,0
20.01,0,0,0,0,0,0
20.02,0,0,0,0,0,0
20.03,0,0,0,0,0,0
20.04,0,0,0,0,0,0
20.05,0,0,0,0,0,0
20.06,0,0,0,0,0,0
20.07,0,0,0,0,0,0
20.08,0,0,0,0,0,0
20.09,0,0,0,0,0,0
20.1,0,0,0,0,0,0
20.11,0,0,0,0,0,0
20.12,0,0,0,0,0,0
20.13,0,0,0,0,0,0
20.14,0,0,0,0,0,0
20.15,0,0,0,0,0,0
20.16,0,0,0,0,0,0
20.17,0,0,0,0,0,0
20.18,0,0,0,0,0,0
20.19,0,0,0,0,0,0
20.2,0,0,0,0,0,0
20.21,0,0,0,0,0,0
20.22,0,0,0,0,0,0
20.23,0,0,0,0,0,0
20.24,0,0,0,0,0,0
20.25,0,0,0,0,0,0
20.26,0,0,0,0,0,0
20.27,0,0,0,0,0,0
20.28,0,0,0,0,0,0
20.29,0,0,0,0,0,0
20.3,0,0,0,0,0,0
20.31,0,0,0,0,0,0
20.32,0,0,0,0,0,0
20.33,0,0,0,0,0,0
20.34,0,0,0,0,0,0
20.35,0,0,0,0,0,0
20.36,0,0,0,0,0,0
20.37,0,0,0,0,0,0
20.38,0,0,0,0,0,0
20.39,0,0,0,0,0,0
20.4,0,0,0,0,0,0
20.41,0,0,0,0,0,0
20.42,0,0,0,0,0,0
20.43,0,0,0,0,0,0
20.44,0,0,0,0,0,0
20.45,0,0,0,0,0,0
20.46,0,0,0,0,0,0
20.47,0,0,0,0,0,0
20.48,0,0,0,0,0,0
20.49,0,0,0,0,0,0
20.5,0,0,0,0,0,0
20.51,0,0,0,0,0,0
20.52,0,0,0,0,0,0
20.53,0,0,0,0,0,0
20.54,0,0,0,0,0,0
20.55,0,0,0,0,0,0
20.56,0,0,0,0,0,0
20.57,0,0,0,0,0,0
20.58,0,0,0,0,0,0
20.59,0,0,0,0,0,0
20.6,0,0,0,0,0,0
20.61,0,0,0,0,0,0
20.62,0,0,0,0,0,0
20.63,0,0,0,0,0,0
20.64,0,0,0,0,0,0
20.65,0,0,0,0,0,0
20.66,0,0,0,0,0,0
20.67,0,0,0,0,0,0
20.68,0,0,0,0,0,0
20.69,0,0,0,0,0,0
20.7,0,0,0,0,0,0
20.71,0,0,0,0,0,0
20.72,0,0,0,0,0,0
20.73,0,0,0,0,0,0
20.74,0,0,0,0,0,0
20.75,0,0,0,0,0,0
20.76,0,0,0,0,0,0
20.77,0,0,0,0,0,0
20.78,0,0,0,0,0,0
20.79,0,0,0,0,0,0
20.8,0,0,0,0,0,0
20.81,0,0,0,0,0,0
20.82,0,0,0,0,0,0
20.83,0,0,0,0,0,0
20.84,0,0,0,0,0,0
20.85,0,0,0,0,0,0
20.86,0,0,0,0,0,0
20.87,0,0,0,0,0,0
20.88,0,0,0,0,0,0
20.89,0,0,0,0,0,0
20.9,0,0,0,0,0,0
20.91,0,0,0,0,0,0
20.92,0,0,0,0,0,0
20.93,0,0,0,0,0,0
20.94,0,0,0,0,0,0
20.95,0,0,0,0,0,0
20.96,0,0,0,0,0,0
20.97,0,0,0,0,0,0
20.98,0,0,0,0,0,0
20.99,0,0,0,0,0,0
21,0,0,0,0,0,0
21.01,0,0,0,0,0,0
21.02,0,0,0,0,0,0
21.03,0,0,0,0,0,0
21.04,0,0,0,0,0,0
21.05,0,0,0,0,0,0
21.06,0,0,0,0,0,0
21.07,0,0,0,0,0,0
21.08,0,0,0,0,0,0
21.09,0,0,0,0,0,0
21.1,0,0,0,0,0,0
21.11,0,0,0,0,0,0
21.12,0,0,0,0,0,0
21.13,0,0,0,0,0,0
21.14,0,0,0,0,0,0
21.15,0,0,0,0,0,0
21.16,0,0,0,0,0,0
21.17,0,0,0,0,0,0
21.18,0,0,0,0,0,0
21.19,0,0,0,0,0,0
21.2,0,0,0,0,0,0
21.21,0,0,0,0,0,0
21.22,0,0,0,0,0,0
21.23,0,0,0,0,0,0
21.24,0,0,0,0,0,0
21.25,0,0,0,0,0,0
21.26,0,0,0,0,0,0
21.27,0,0,0,0,0,0
21.28,0,0,0,0,0,0
21.29,0,0,0,0,0,0
21.3,0,0,0,0,0,0
21.31,0,0,0,0,0,0
21.32,0,0,0,0,0,0
21.33,0,0,0,0,0,0
21.34,0,0,0,0,0,0
21.35,0,0,0,0,0,0
21.36,0,0,0,0,0,0
21.37,0,0,0,0,0,0
21.38,0,0,0,0,0,0
21.39,0,0,0,0,0,0
21.4,0,0,0,0,0,0
21.41,0,0,0,0,0,0
21.42,0,0,0,0,0,0
21.43,0,0,0,0,0,0
21.44,0,0,0,0,0,0
21.45,0,0,0,0,0,0
21.46,0,0,0,0,0,0
21.47,0,0,0,0,0,0
21.48,0,0,0,0,0,0
21.49,0,0,0,0,0,0
21.5,0,0,0,0,0,0
21.51,0,0,0,0,0,0
21.52,0,0,0,0,0,0
21.53,0,0,0,0,0,0
21.54,0,0,0,0,0,0
21.55,0,0,0,0,0,0
21.56,0,0,0,0,0,0
21.57,0,0,0,0,0,0
21.58,0,0,0,0,0,0
21.59,0,0,0,0,0,0
21.6,0,0,0,0,0,0
21.61,0,0,0,0,0,0
21.62,0,0,0,0,0,0
21.63,0,0,0,0,0,0
21.64,0,0,0,0,0,0
21.65,0,0,0,0,0,0
21.66,0,0,0,0,0,0
21.67,0,0,0,0,0,0
21.68,0,0,0,0,0,0
21.69,0,0,0,0,0,0
21.7,0,0,0,0,0,0
21.71,0,0,0,0,0,0
21.72,0,0,0,0,0,0
21.73,0,0,0,0,0,0
21.74,0,0,0,0,0,0
21.75,0,0,0,0,0,0
21.76,0,0,0,0,0,0
21.77,0,0,0,0,0,0
21.78,0,0,0,0,0,0
21.79,0,0,0,0,0,0
21.8,0,0,0,0,0,0
21.81,0,0,0,0,0,0
21.82,0,0,0,0,0,0
21.83,0,0,0,0,0,0
21.84,0,0,0,0,0,0
21.85,0,0,0,0,0,0
21.86,0,0,0,0,0,0
21.87,0,0,0,0,0,0
21.88,0,0,0,0,0,0
21.89,0,0,0,0,0,0
21.9,0,0,0,0,0,0
21.91,0,0,0,0,0,0
21.92,0,0,0,0,0,0
21.93,0,0,0,0,0,0
21.94,0,0,0,0,0,0
21.95,0,0,0,0,0,0
21.96,0,0,0,0,0,0
21.97,0,0,0,0,0,0
21.98,0,0,0,0,0,0
21.99,0,0,0,0,0,0
22,0,0,0,0,0,0
22.01,0,0,0,0,0,0
22.02,0,0,0,0,0,0
22.03,0,0,0,0,0,0
22.04,0,0,0,0,0,0
22.05,0,0,0,0,0,0
22.06,0,0,0,0,0,0
22.07,0,0,0,0,0,0
22.08,0,0,0,0,0,0
22.09,0,0,0,0,0,0
22.1,0,0,0,0,0,0
22.11,0,0,0,0,0,0
22.12,0,0,0,0,0,0
22.13,0,0,0,0,0,0
22.14,0,0,0,0,0,0
22.15,0,0,0,0,0,0
22.16,0,0,0,0,0,0
22.17,0,0,0,0,0,0
22.18,0,0,0,0,0,0
22.19,0,0,0,0,0,0
22.2,0,0,0,0,0,0
22.21,0,0,0,0,0,0
22.22,0,0,0,0,0,0
22.23,0,0,0,0,0,0
22.24,0,0,0,0,0,0
22.25,0,0,0,0,0,0
22.26,0,0,0,0,0,0
22.27,0,0,0,0,0,0
22.28,0,0,0,0,0,0
22.29,0,0,0,0,0,0
22.3,0,0,0,0,0,0
22.31,0,0,0,0,0,0
22.32,0,0,0,0,0,0
22.33,0,0,0,0,0,0
22.34,0,0,0,0,0,0
22.35,0,0,0,0,0,0
22.36,0,0,0,0,0,0
22.37,0,0,0,0,0,0
22.38,0,0,0,0,0,0
22.39,0,0,0,0,0,0
22.4,0,0,0,0,0,0
22.41,0,0,0,0,0,0
22.42,0,0,0,0,0,0
22.43,0,0,0,0,0,0
22.44,0,0,0,0,0,0
22.45,0,0,0,0,0,0
22.46,0,0,0,0,0,0
22.47,0,0,0,0,0,0
22.48,0,0,0,0,0,0
22.49,0,0,0,0,0,0
22.5,0,0,0,0,0,0
22.51,0,0,0,0,0,0
22.52,0,0,0,0,0,0
22.53,0,0,0,0,0,0
22.54,0,0,0,0,0,0
22.55,0,0,0,0,0,0
22.56,0,0,0,0,0,0
22.57,0,0,0,0,0,0
22.58,0,0,0,0,0,0
22.59,0,0,0,0,0,0
22.6,0,0,0,0,0,0
22.61,0,0,0,0,0,0
22.62,0,0,0,0,0,0
22.63,0,0,0,0,0,0
22.64,0,0,0,0,0,0
22.65,0,0,0,0,0,0
22.66,0,0,0,0,0,0
22.67,0,0,0,0,0,0
22.68,0,0,0,0,0,0
22.69,0,0,0,0,0,0
22.7,0,0,0,0,0,0
22.71,0,0,0,0,0,0
22.72,0,0,0,0,0,0
22.73,0,0,0,0,0,0
22.74,0,0,0,0,0,0
22.75,0,0,0,0,0,0
22.76,0,0,0,0,0,0
22.77,0,0,0,0,0,0
22.78,0,0,0,0,0,0
22.79,0,0,0,0,0,0
22.8,0,0,0,0,0,0
22.81,0,0,0,0,0,0
22.82,0,0,0,0,0,0
22.83,0,0,0,0,0,0
22.84,0,0,0,0,0,0
22.85,0,0,0,0,0,0
22.86,0,0,0,0,0,0
22.87,0,0,0,0,0,0
22.88,0,0,0,0,0,0
22.89,0,0,0,0,0,0
22.9,0,0,0,0,0,0
22.91,0,0,0,0,0,0
22.92,0,0,0,0,0,0
22.93,0,0,0,0,0,0
22.94,0,0,0,0,0,0
22.95,0,0,0,0,0,0
22.96,0,0,0,0,0,0
22.97,0,0,0,0,0,0
22.98,0,0,0,0,0,0
22.99,0,0,0,0,0,0
23,0,0,0,0,0,0
23.01,0,0,0,0,0,0
23.02,0,0,0,0,0,0
23.03,0,0,0,0,0,0
23.04,0,0,0,0,0,0
23.05,0,0,0,0,0,0
23.06,0,0,0,0,0,0
23.07,0,0,0,0,0,0
23.08,0,0,0,0,0,0
23.09,0,0,0,0,0,0
23.1,0,0,0,0,0,0
23.11,0,0,0,0,0,0
23.12,0,0,0,0,0,0
23.13,0,0,0,0,0,0
23.14,0,0,0,0,0,0
23.15,0,0,0,0,0,0
23.16,0,0,0,0,0,0
23.17,0,0,0,0,0,0
23.18,0,0,0,0,0,0
23.19,0,0,0,0,0,0
23.2,0,0,0,0,0,0
23.21,0,0,0,0,0,0
23.22,0,0,0,0,0,0
23.23,0,0,0,0,0,0
23.24,0,0,0,0,0,0
23.25,0,0,0,0,0,0
23.26,0,0,0,0,0,0
23.27,0,0,0,0,0,0
23.28,0,0,0,0,0,0
23.29,0,0,0,0,0,0
23.3,0,0,0,0,0,0
23.31,0,0,0,0,0,0
23.32,0,0,0,0,0,0
23.33,0,0,0,0,0,0
23.34,0,0,0,0,0,0
23.35,0,0,0,0,0,0
23.36,0,0,0,0,0,0
23.37,0,0,0,0,0,0
23.38,0,0,0,0,0,0
23.39,0,0,0,0,0,0
23.4,0,0,0,0,0,0
23.41,0,0,0,0,0,0
23.42,0,0,0,0,0,0
23.43,0,0,0,0,0,0
23.44,0,0,0,0,0,0
23.45,0,0,0,0,0,0
23.46,0,0,0,0,0,0
23.47,0,0,0,0,0,0
23.48,0,0,0,0,0,0
23.49,0,0,0,0,0,0
23.5,0,0,0,0,0,0
23.51,0,0,0,0,0,0
23.52,0,0,0,0,0,0
23.53,0,0,0,0,0,0
23.54,0,0,0,0,0,0
23.55,0,0,0,0,0,0
23.56,0,0,0,0,0,0
23.57,0,0,0,0,0,0
23.58,0,0,0,0,0,0
23.59,0,0,0,0,0,0
23.6,0,0,0,0,0,0
23.61,0,0,0,0,0,0
23.62,0,0,0,0,0,0
23.63,0,0,0,0,0,0
23.64,0,0,0,0,0,0
23.65,0,0,0,0,0,0
23.66,0,0,0,0,0,0
23.67,0,0,0,0,0,0
23.68,0,0,0,0,0,0
23.69,0,0,0,0,0,0
23.7,0,0,0,0,0,0
23.71,0,0,0,0,0,0
23.72,0,0,0,0,0,0
23.73,0,0,0,0,0,0
23.74,0,0,0,0,0,0
23.75,0,0,0,0,0,0
23.76,0,0,0,0,0,0
23.77,0,0,0,0,0,0
23.78,0,0,0,0,0,0
23.79,0,0,0,0,0,0
23.8,0,0,0,0,0,0
23.81,0,0,0,0,0,0
23.82,0,0,0,0,0,0
23.83,0,0,0,0,0,0
23.84,0,0,0,0,0,0
23.85,0,0,0,0,0,0
23.86,0,0,0,0,0,0
23.87,0,0,0,0,0,0
23.88,0,0,0,0,0,0
23.89,0,0,0,0,0,0
23.9,0,0,0,0,0,0
23.91,0,0,0,0,0,0
23.92,0,0,0,0,0,0
23.93,0,0,0,0,0,0
23.94,0,0,0,0,0,0
23.95,0,0,0,0,0,0
23.96,0,0,0,0,0,0
23.97,0,0,0,0,0,0
23.98,0,0,0,0,0,0
23.99,0,0,0,0,0,0
24,0,0,0,0,0,0
24.01,0,0,0,0,0,0
24.02,0,0,0,0,0,0
24.03,0,0,0,0,0,0
24.04,0,0,0,0,0,0
24.05,0,0,0,0,0,0
24.06,0,0,0,0,0,0
24.07,0,0,0,0,0,0
24.08,0,0,0,0,0,0
24.09,0,0,0,0,0,0
24.1,0,0,0,0,0,0
24.11,0,0,0,0,0,0
24.12,0,0,0,0,0,0
24.13,0,0,0,0,0,0
24.14,0,0,0,0,0,0
24.15,0,0,0,0,0,0
24.16,0,0,0,0,0,0
24.17,0,0,0,0,0,0
24.18,0,0,0,0,0,0
24.19,0,0,0,0,0,0
24.2,0,0,0,0,0,0
24.21,0,0,0,0,0,0
24.22,0,0,0,0,0,0
24.23,0,0,0,0,0,0
24.24,0,0,0,0,0,0
24.25,0,0,0,0,0,0
24.26,0,0,0,0,0,0
24.27,0,0,0,0,0,0
24.28,0,0,0,0,0,0
24.29,0,0,0,0,0,0
24.3,0,0,0,0,0,0
24.31,0,0,0,0,0,0
24.32,0,0,0,0,0,0
24.33,0,0,0,0,0,0
24.34,0,0,0,0,0,0
24.35,0,0,0,0,0,0
24.36,0,0,0,0,0,0
24.37,0,0,0,0,0,0
24.38,0,0,0,0,0,0
24.39,0,0,0,0,0,0
24.4,0,0,0,0,0,0
24.41,0,0,0,0,0,0
24.42,0,0,0,0,0,0
24.43,0,0,0,0,0,0
24.44,0,0,0,0,0,0
24.45,0,0,0,0,0,0
24.46,0,0,0,0,0,0
24.47,0,0,0,0,0,0
24.48,0,0,0,0,0,0
24.49,0,0,0,0,0,0
24.5,0,0,0,0,0,0
24.51,0,0,0,0,0,0
24.52,0,0,0,0,0,0
24.53,0,0,0,0,0,0
24.54,0,0,0,0,0,0
24.55,0,0,0,0,0,0
24.56,0,0,0,0,0,0
24.57,0,0,0,0,0,0
24.58,0,0,0,0,0,0
24.59,0,0,0,0,0,0
24.6,0,0,0,0,0,0
24.61,0,0,0,0,0,0
24.62,0,0,0,0,0,0
24.63,0,0,0,0,0,0
24.64,0,0,0,0,0,0
24.65,0,0,0,0,0,0
24.66,0,0,0,0,0,0
24.67,0,0,0,0,0,0
24.68,0,0,0,0,0,0
24.69,0,0,0,0,0,0
24.7,0,0,0,0,0,0
24.71,0,0,0,0,0,0
24.72,0,0,0,0,0,0
24.73,0,0,0,0,0,0
24.74,0,0,0,0,0,0
24.75,0,0,0,0,0,0
24.76,0,0,0,0,0,0
24.77,0,0,0,0,0,0
24.78,0,0,0,0,0,0
24.79,0,0,0,0,0,0
24.8,0,0,0,0,0,0
24.81,0,0,0,0,0,0
24.82,0,0,0,0,0,0
24.83,0,0,0,0,0,0
24.84,0,0,0,0,0,0
24.85,0,0,0,0,0,0
24.86,0,0,0,0,0,0
24.87,0,0,0,0,0,0
24.88,0,0,0,0,0,0
24.89,0,0,0,0,0,0
24.9,0,0,0,0,0,0
24.91,0,0,0,0,0,0
24.92,0,0,0,0,0,0
24.93,0,0,0,0,0,0
24.94,0,0,0,0,0,0
24.95,0,0,0,0,0,0
24.96,0,0,0,0,0,0
24.97,0,0,0,0,0,0
24.98,0,0,0,0,0,0
24.99,0,0,0,0,0,0
