Motor Name,Nominal Voltage (V),Nominal Current (A),Nominal Power (W),Nominal Speed (rpm),Nominal Torque (mNm),Terminal Resistance (Ω),Terminal Inductance (mH),Torque Constant (mNm/A),Speed Constant (rpm/V),Rotor Inertia (gcm²),Number of Pole Pairs
ECX SPEED 4 M (3V),3,0.322,0.5,12100,0.229,6.23,0.0749,0.763,12500,0.00111,1
ECX SPEED 4 M (6V),6,0.167,1.0,13400,0.239,22.8,0.285,1.53,6240,0.00111,1
ECX SPEED 4 L (3V),3,0.482,0.5,10700,0.342,3.11,0.0374,0.763,12500,0.00111,1
ECX SPEED 4 L (6V),6,0.251,1.0,11900,0.357,12.1,0.142,1.53,6240,0.00111,1
ECX SPEED 6 M (3V),3,1.24,1.5,52300,0.413,0.766,0.0629,0.37,25800,0.00703,1
ECX SPEED 6 M (6V),6,0.517,3.0,44900,0.412,3.49,0.0301,0.882,10800,0.00703,1
ECX SPEED 6 M (12V),12,0.268,3.0,46800,0.425,12.4,0.116,1.75,5460,0.00703,1
ECX SPEED 8 M (6V),6,0.687,2.0,24200,0.917,3.02,0.039,1.53,6230,0.0249,1
ECX SPEED 8 M (12V),12,0.406,4.7,33100,0.874,7.8,0.106,2.51,3760,0.0249,1
ECX SPEED 8 M (24V),24,0.196,4.7,32300,0.877,31.8,0.447,5.19,1840,0.0249,1
ECX SPEED 10 M (9V),9,1.44,8.0,52300,1.83,0.82,0.00599,1.42,6700,0.0581,1
ECX SPEED 10 M (18V),18,0.728,10.7,53400,1.85,2.77,0.0239,2.85,3350,0.0581,1
ECX SPEED 10 M (36V),36,0.356,10.7,52800,1.83,11.3,0.0982,5.77,1650,0.0581,1
ECX SPEED 10 L (12V),12,1.74,16.0,50500,3.34,0.666,0.0214,2.02,4720,0.349,1
ECX SPEED 10 L (24V),24,0.889,19.1,51400,3.31,2.27,0.0955,4.05,2360,0.349,1
ECX SPEED 10 L (36V),36,0.604,19.1,51600,3.38,4.74,0.152,6.07,1570,0.349,1
ECX SPEED 13 M (18V),18,1.2,12.0,38400,4.21,2.4,0.0546,3.72,2570,0.244,1
ECX SPEED 13 M (24V),24,0.899,18.0,38400,4.23,4.22,0.0978,4.98,1920,0.244,1
ECX SPEED 13 M (36V),36,0.56,18.0,36900,4.05,10.9,0.232,7.66,1250,0.244,1
ECX SPEED 13 M (48V),48,0.419,18.0,37300,3.99,19.3,0.404,10.1,943,0.244,1
ECX SPEED 13 M High Power (18V),18,2.37,25.0,61400,5.88,0.576,0.0204,2.57,3720,0.244,1
ECX SPEED 13 M High Power (24V),24,1.76,36.0,61600,5.84,0.973,0.0362,3.42,2790,0.244,1
ECX SPEED 13 M High Power (36V),36,1.12,36.0,61600,5.52,2.33,0.0814,5.13,1860,0.244,1
ECX SPEED 13 M High Power (48V),48,0.831,36.0,59100,5.72,4.24,0.157,7.13,1340,0.244,1
ECX SPEED 13 M Sterilizable (18V),18,2.45,25.0,72500,4.92,0.576,0.0207,2.16,4420,0.13,1
ECX SPEED 13 M Sterilizable (24V),24,1.83,40.0,72800,4.89,0.973,0.0369,2.88,3310,0.13,1
ECX SPEED 13 M Sterilizable (36V),36,1.16,40.0,72800,4.67,2.33,0.0829,4.32,2210,0.13,1
ECX SPEED 13 M Sterilizable (48V),48,0.856,40.0,69800,4.77,4.24,0.16,6.0,1590,0.13,1
ECX SPEED 13 L (18V),18,4.23,25.0,43800,14.2,0.302,0.0231,3.6,2660,1.67,1
ECX SPEED 13 L (24V),24,3.37,25.0,45000,14.8,0.45,0.0365,4.71,2030,1.67,1
ECX SPEED 13 L (36V),36,2.28,25.0,46000,14.8,0.924,0.066,6.94,1380,1.67,1
ECX SPEED 13 L High Power (18V),18,3.33,50.0,63000,8.28,0.304,0.0166,2.55,3750,0.349,1
ECX SPEED 13 L High Power (24V),24,2.62,54.0,61700,8.57,0.512,0.005,3.48,2750,0.349,1
ECX SPEED 13 L High Power (36V),36,1.66,54.0,63300,8.27,1.13,0.0664,5.1,1870,0.349,1
ECX SPEED 13 L High Power (48V),48,1.17,54.0,57700,8.5,2.34,0.141,7.42,1290,0.349,1
ECX SPEED 13 L Sterilizable (18V),18,3.22,50.0,66400,7.29,0.344,0.0128,2.41,3960,0.315,1
ECX SPEED 13 L Sterilizable (24V),24,2.44,62.0,65300,7.57,0.552,0.0238,3.29,2910,0.315,1
ECX SPEED 13 L Sterilizable (36V),36,1.6,62.0,67100,7.26,1.17,0.0512,4.82,1980,0.315,1
ECX SPEED 13 L Sterilizable (48V),48,1.14,62.0,61200,7.56,2.38,0.108,7.01,1360,0.315,1
ECX SPEED 13 L Sterilizable Ceramic (18V),18,3.22,50.0,66400,7.29,0.344,0.0128,2.41,3960,0.315,1
ECX SPEED 13 L Sterilizable Ceramic (24V),24,2.44,59.0,65300,7.57,0.552,0.0238,3.29,2910,0.315,1
ECX SPEED 13 L Sterilizable Ceramic (36V),36,1.6,59.0,67100,7.26,1.17,0.0512,4.82,1980,0.315,1
ECX SPEED 13 L Sterilizable Ceramic (48V),48,1.14,59.0,61200,7.56,2.38,0.108,7.01,1360,0.315,1
ECX SPEED 16 M (18V),18,1.46,20.0,45000,4.34,1.07,0.0453,3.45,2760,0.806,1
ECX SPEED 16 M (24V),24,1.14,22.0,45200,4.54,1.73,0.0805,4.61,2070,0.806,1
ECX SPEED 16 M (36V),36,0.781,22.0,45400,4.68,3.62,0.181,6.91,1380,0.806,1
ECX SPEED 16 M (48V),48,0.553,22.0,45200,4.38,7.29,0.322,9.21,1040,0.806,1
ECX SPEED 16 M High Power (18V),18,2.78,40.0,47300,8.95,0.512,0.0336,3.3,2890,0.812,1
ECX SPEED 16 M High Power (24V),24,2.11,50.0,50300,8.56,0.841,0.0534,4.16,2300,0.812,1
ECX SPEED 16 M High Power (36V),36,1.4,50.0,48600,8.79,1.92,0.129,6.46,1480,0.812,1
ECX SPEED 16 M High Power (48V),48,1.05,50.0,48700,8.83,3.35,0.229,8.61,1110,0.812,1
ECX SPEED 16 M Sterilizable (18V),18,2.83,40.0,54600,7.63,0.512,0.033,2.85,3350,0.589,1
ECX SPEED 16 M Sterilizable (24V),24,2.16,48.0,58100,7.29,0.841,0.0524,3.59,2660,0.589,1
ECX SPEED 16 M Sterilizable (36V),36,1.28,48.0,50900,7.37,2.43,0.15,6.07,1570,0.589,1
ECX SPEED 16 M Sterilizable (48V),48,0.987,48.0,52200,7.4,4.06,0.255,7.93,1200,0.589,1
ECX SPEED 16 M Sterilizable Ceramic (18V),18,2.83,40.0,54600,7.63,0.512,0.033,2.85,3350,0.589,1
ECX SPEED 16 M Sterilizable Ceramic (24V),24,2.16,60.0,58100,7.29,0.841,0.0524,3.59,2660,0.589,1
ECX SPEED 16 M Sterilizable Ceramic (36V),36,1.28,60.0,50900,7.37,2.43,0.15,6.07,1570,0.589,1
ECX SPEED 16 M Sterilizable Ceramic (48V),48,0.987,60.0,52200,7.4,4.06,0.255,7.93,1200,0.589,1
ECX SPEED 16 L (18V),18,2.71,40.0,43100,9.01,0.453,0.0246,3.68,2590,0.997,1
ECX SPEED 16 L (24V),24,2.05,43.0,43200,9.1,0.765,0.0437,4.91,1940,0.997,1
ECX SPEED 16 L (36V),36,1.43,43.0,44200,9.37,1.49,0.095,7.25,1320,0.997,1
ECX SPEED 16 L (48V),48,1.1,43.0,44800,9.54,2.45,0.166,9.58,997,0.997,1
ECX SPEED 16 L High Power (18V),18,5.69,80.0,58000,15.5,0.138,0.012,2.8,3410,1.2,1
ECX SPEED 16 L High Power (24V),24,4.41,93.0,58300,16.1,0.208,0.0202,3.74,2550,1.2,1
ECX SPEED 16 L High Power (36V),36,2.83,93.0,58400,15.4,0.461,0.0454,5.61,1700,1.2,1
ECX SPEED 16 L High Power (48V),48,2.05,93.0,58400,14.8,0.858,0.0808,7.48,1280,1.2,1
ECX SPEED 16 L Sterilizable (18V),18,6.08,80.0,61200,15.0,0.138,0.01,2.65,3600,0.952,1
ECX SPEED 16 L Sterilizable (24V),24,4.71,103.0,61500,15.6,0.208,0.0178,3.53,2700,0.952,1
ECX SPEED 16 L Sterilizable (36V),36,3.03,103.0,61700,15.0,0.461,0.04,5.3,1800,0.952,1
ECX SPEED 16 L Sterilizable (48V),48,2.19,103.0,61700,14.4,0.858,0.0712,7.07,1350,0.952,1
ECX SPEED 16 L Sterilizable Ceramic (18V),18,6.08,80.0,61200,15.0,0.138,0.01,2.65,3600,0.952,1
ECX SPEED 16 L Sterilizable Ceramic (24V),24,4.71,109.0,61500,15.6,0.208,0.0178,3.53,2700,0.952,1
ECX SPEED 16 L Sterilizable Ceramic (36V),36,3.03,109.0,61700,15.0,0.461,0.04,5.3,1800,0.952,1
ECX SPEED 16 L Sterilizable Ceramic (48V),48,2.19,109.0,61700,14.4,0.858,0.0712,7.07,1350,0.952,1
ECX SPEED 19 M (18V),18,4.65,30.0,52400,13.7,0.266,0.0259,2.99,3190,1.31,1
ECX SPEED 19 M (24V),24,3.12,41.0,50900,12.5,0.566,0.0486,4.1,2330,1.31,1
ECX SPEED 19 M (36V),36,2.14,41.0,51100,12.9,1.16,0.109,6.15,1550,1.31,1
ECX SPEED 19 M (48V),48,1.61,41.0,50200,13.2,2.04,0.202,8.35,1140,1.31,1
ECX SPEED 19 M High Power (18V),18,4.49,60.0,59600,11.6,0.266,0.0235,2.64,3610,1.15,1
ECX SPEED 19 M High Power (24V),24,3.0,73.0,59200,10.3,0.566,0.0439,3.53,2700,1.15,1
ECX SPEED 19 M High Power (36V),36,2.06,73.0,59500,10.7,1.16,0.0989,5.3,1800,1.15,1
ECX SPEED 19 M High Power (48V),48,1.55,73.0,58400,10.9,2.04,0.183,7.2,1330,1.15,1
ECX SPEED 19 M Sterilizable (18V),18,4.49,60.0,59600,11.6,0.266,0.0235,2.64,3610,1.15,1
ECX SPEED 19 M Sterilizable (24V),24,3.0,73.0,59200,10.3,0.566,0.0439,3.53,2700,1.15,1
ECX SPEED 19 M Sterilizable (36V),36,2.06,73.0,59500,10.7,1.16,0.0989,5.3,1800,1.15,1
ECX SPEED 19 M Sterilizable (48V),48,1.55,73.0,58400,10.9,2.04,0.183,7.2,1330,1.15,1
ECX SPEED 19 M Sterilizable Ceramic (18V),18,4.49,60.0,59600,11.6,0.266,0.0235,2.64,3610,1.15,1
ECX SPEED 19 M Sterilizable Ceramic (24V),24,3.0,92.0,59200,10.3,0.566,0.0439,3.53,2700,1.15,1
ECX SPEED 19 M Sterilizable Ceramic (36V),36,2.06,92.0,59500,10.7,1.16,0.0989,5.3,1800,1.15,1
ECX SPEED 19 M Sterilizable Ceramic (48V),48,1.55,92.0,58400,10.9,2.04,0.183,7.2,1330,1.15,1
ECX SPEED 19 L (18V),18,4.23,60.0,43800,14.2,0.302,0.0231,3.6,2660,1.67,1
ECX SPEED 19 L (24V),24,3.37,69.0,45000,14.8,0.45,0.0365,4.71,2030,1.67,1
ECX SPEED 19 L (36V),36,2.28,69.0,46000,14.8,0.924,0.066,6.94,1380,1.67,1
ECX SPEED 19 L High Power (18V),18,8.27,120.0,54500,24.0,0.0908,0.0124,2.97,3210,1.64,1
ECX SPEED 19 L High Power (24V),24,6.12,141.0,54700,23.7,0.151,0.0221,3.95,2410,1.64,1
ECX SPEED 19 L High Power (36V),36,4.02,141.0,51800,24.7,0.34,0.0555,6.28,1520,1.64,1
ECX SPEED 19 L High Power (48V),48,3.09,141.0,57400,22.8,0.518,0.0813,7.6,1260,1.64,1
ECX SPEED 19 L Sterilizable (18V),18,8.69,120.0,56600,24.3,0.101,0.0101,2.85,3350,1.79,1
ECX SPEED 19 L Sterilizable (24V),24,6.43,151.0,56900,24.0,0.161,0.018,3.8,2510,1.79,1
ECX SPEED 19 L Sterilizable (36V),36,4.2,151.0,54000,24.9,0.35,0.0451,6.01,1590,1.79,1
ECX SPEED 19 L Sterilizable (48V),48,3.26,151.0,59900,23.2,0.528,0.0662,7.28,1310,1.79,1
ECX SPEED 19 L Sterilizable Ceramic (18V),18,8.69,120.0,56600,24.3,0.101,0.0101,2.85,3350,1.79,1
ECX SPEED 19 L Sterilizable Ceramic (24V),24,6.43,165.0,56900,24.0,0.161,0.018,3.8,2510,1.79,1
ECX SPEED 19 L Sterilizable Ceramic (36V),36,4.2,165.0,54000,24.9,0.35,0.0451,6.01,1590,1.79,1
ECX SPEED 19 L Sterilizable Ceramic (48V),48,3.26,165.0,59900,23.2,0.528,0.0662,7.28,1310,1.79,1
ECX SPEED 22 M (18V),18,2.93,40.0,37200,10.4,0.493,0.0294,4.21,2270,2.13,1
ECX SPEED 22 M (24V),24,2.32,49.0,36900,11.3,0.779,0.0535,5.68,1680,2.13,1
ECX SPEED 22 M (36V),36,1.63,49.0,37600,11.7,1.54,0.117,8.42,1130,2.13,1
ECX SPEED 22 M (48V),48,1.2,49.0,37400,11.5,2.86,0.21,11.3,848,2.13,1
ECX SPEED 22 M High Power (18V),18,6.24,80.0,48700,20.2,0.133,0.012,3.33,2870,2.15,1
ECX SPEED 22 M High Power (24V),24,5.03,106.0,56300,18.9,0.172,0.0163,3.88,2460,2.15,1
ECX SPEED 22 M High Power (36V),36,3.29,106.0,53700,19.4,0.407,0.0403,6.1,1560,2.15,1
ECX SPEED 22 M High Power (48V),48,2.17,106.0,50400,18.0,0.983,0.0801,8.6,1110,2.15,1
ECX SPEED 22 M Sterilizable (18V),18,5.72,80.0,49300,18.0,0.172,0.0164,3.25,2940,1.91,1
ECX SPEED 22 M Sterilizable (24V),24,4.4,95.0,51400,17.8,0.274,0.0272,4.18,2290,1.91,1
ECX SPEED 22 M Sterilizable (36V),36,2.92,95.0,53500,17.0,0.591,0.0567,6.04,1580,1.91,1
ECX SPEED 22 M Sterilizable (48V),48,2.16,95.0,51500,17.4,1.1,0.109,8.36,1140,1.91,1
ECX SPEED 22 M Sterilizable Ceramic (18V),18,5.72,80.0,49300,18.0,0.172,0.0164,3.25,2940,1.91,1
ECX SPEED 22 M Sterilizable Ceramic (24V),24,4.4,107.0,51400,17.8,0.274,0.0272,4.18,2290,1.91,1
ECX SPEED 22 M Sterilizable Ceramic (36V),36,2.92,107.0,53500,17.0,0.591,0.0567,6.04,1580,1.91,1
ECX SPEED 22 M Sterilizable Ceramic (48V),48,2.16,107.0,51500,17.4,1.1,0.109,8.36,1140,1.91,1
ECX SPEED 22 L (18V),18,4.23,80.0,43800,14.2,0.302,0.0231,3.6,2660,1.67,1
ECX SPEED 22 L (24V),24,3.37,92.0,45000,14.8,0.45,0.0365,4.71,2030,1.67,1
ECX SPEED 22 L (36V),36,2.28,92.0,46000,14.8,0.924,0.066,6.94,1380,1.67,1
ECX SPEED 22 L High Power (24V),24,7.34,120.0,45700,34.3,0.103,0.0128,4.81,1980,3.94,1
ECX SPEED 22 L High Power (36V),36,5.11,170.0,47700,34.4,0.187,0.0266,6.95,1370,3.94,1
ECX SPEED 22 L High Power (48V),48,3.66,170.0,48700,32.2,0.341,0.0455,9.09,1050,3.94,1
ECX SPEED 22 L Sterilizable (24V),24,7.39,120.0,50600,30.8,0.105,0.0114,4.34,2200,2.36,1
ECX SPEED 22 L Sterilizable (36V),36,5.14,171.0,52800,31.0,0.189,0.0238,6.27,1520,2.36,1
ECX SPEED 22 L Sterilizable (48V),48,3.69,171.0,53900,28.9,0.343,0.0477,8.2,1160,2.36,1
ECX SPEED 22 L Sterilizable Ceramic (24V),24,7.39,120.0,50600,30.8,0.105,0.0114,4.34,2200,2.36,1
ECX SPEED 22 L Sterilizable Ceramic (36V),36,5.14,171.0,52800,31.0,0.189,0.0238,6.27,1520,2.36,1
ECX SPEED 22 L Sterilizable Ceramic (48V),48,3.69,171.0,53900,28.9,0.343,0.0477,8.2,1160,2.36,1
ECX PRIME 6 M (6V),6,0.458,1.6,29500,0.58,2.83,0.0187,1.52,6300,0.0119,2
ECX PRIME 6 M (12V),12,0.229,2.2,29500,0.58,11.3,0.0746,3.03,3150,0.0119,2
ECX PRIME 16 M (12V),12,2.07,25.0,12800,14.2,1.02,0.0485,7.29,1310,1.03,2
ECX PRIME 16 M (18V),18,1.35,32.0,12800,14.2,2.28,0.111,10.9,873,1.03,2
ECX PRIME 16 M (24V),24,1.04,32.0,12900,14.6,3.83,0.193,14.6,655,1.03,2
ECX PRIME 16 L (24V),24,1.99,50.0,16200,24.7,1.01,0.033,12.9,740,2.28,2
ECX PRIME 16 L (36V),36,1.45,53.0,18400,23.7,1.83,0.0586,17.2,555,2.28,2
ECX PRIME 16 L Sterilizable Ceramic (24V),24,1.99,60.0,16200,24.7,1.01,0.033,12.9,740,2.28,2
ECX PRIME 16 L Sterilizable Ceramic (36V),36,1.45,60.0,18400,23.7,1.83,0.0586,17.2,555,2.28,2
ECX PRIME 22 L (24V),24,3.37,90.0,45000,14.8,0.45,0.0365,4.71,2030,1.67,2
ECX PRIME 22 L (36V),36,2.28,100.0,46000,14.8,0.924,0.066,6.94,1380,1.67,2
ECX PRIME 22 L Sterilizable Ceramic (24V),24,3.37,100.0,45000,14.8,0.45,0.0365,4.71,2030,1.67,2
ECX PRIME 22 L Sterilizable Ceramic (36V),36,2.28,100.0,46000,14.8,0.924,0.066,6.94,1380,1.67,2
ECX TORQUE 22 M - 12V,12,3.18,30,10700,29.1,0.299,0.154,8.88,1080,1.72,4
ECX TORQUE 22 M - 18V,18,2.41,30,12200,29.4,0.486,0.274,11.8,806,1.72,4
ECX TORQUE 22 M - 24V,24,1.88,30,13100,28.5,0.763,0.428,14.8,645,1.72,4
ECX TORQUE 22 M - 36V,36,1.28,30,12900,29.7,1.64,0.988,22.5,424,1.72,4
ECX TORQUE 22 M - 48V,48,0.885,30,10900,32.4,3.63,2.38,34.9,273,1.72,4
ECX TORQUE 22 L - 12V,12,3.7,40,7930,45.7,0.275,0.148,12.1,789,3.06,4
ECX TORQUE 22 L - 18V,18,2.74,40,8840,46.2,0.473,0.275,16.5,579,3.06,4
ECX TORQUE 22 L - 24V,24,2.13,40,8850,48.1,0.771,0.49,22,434,3.06,4
ECX TORQUE 22 L - 36V,36,1.39,40,9190,45.2,1.78,1.03,31.9,299,3.06,4
ECX TORQUE 22 L - 48V,48,1.14,40,9380,48.8,2.62,1.77,41.8,228,3.06,4
ECX TORQUE 22 XL - 12V,12,4.15,45,5610,71.6,0.292,0.162,17,563,4.97,4
ECX TORQUE 22 XL - 18V,18,2.58,45,4990,74.5,0.757,0.449,28.3,338,4.97,4
ECX TORQUE 22 XL - 24V,24,2.01,45,5000,77.5,1.24,0.798,37.7,253,4.97,4
ECX TORQUE 22 XL - 36V,36,1.31,45,5190,73.2,2.87,1.68,54.6,175,4.97,4
ECX TORQUE 22 XL - 48V,48,1.08,45,5320,79.9,4.13,2.88,71.6,133,4.97,4
IDX 56 S - 24V,24,12.9,270,5660,470,0.0787,0.121,32.3,296,107,8
IDX 56 S - 48V,48,6.49,270,5660,475,0.299,0.485,64.6,148,107,8
IDX 56 M - 24V,24,15.2,330,4870,645,0.0592,0.0939,39.5,242,170,8
IDX 56 M - 48V,48,8.6,330,6350,563,0.144,0.234,62.4,153,170,8
IDX 56 L - 24V,24,14.8,400,2900,1040,0.0938,0.138,66.2,144,265,8
IDX 56 L - 48V,48,10.3,400,4800,897,0.146,0.221,83.6,114,265,8
IDX 70 S - 24V,24,29.2,600,4090,1520,0.024,0.058,47.7,200,568,8
IDX 70 S - 48V,48,14.6,600,4110,1510,0.0862,0.235,95,101,568,8
IDX 70 S - 60V,60,11.6,600,4310,1430,0.13,0.344,114,83.9,568,8
IDX 70 M - 48V,48,18.6,800,3130,2530,0.0715,0.246,124,76.9,1050,8
IDX 70 M - 60V,60,15.7,800,3170,2650,0.097,0.373,153,62.5,1050,8
IDX 70 L - 48V,48,21.3,900,2430,3750,0.0718,0.221,164,58.2,1530,8
IDX 70 L - 60V,60,17.1,900,2710,3360,0.101,0.287,186,51.4,1530,8
ECX FLAT 22 S - 9V,9,0.977,4.5,5240,7.95,3.16,0.6,8.23,1160,6.7,6
ECX FLAT 22 S - 18V,18,0.514,4.5,5650,7.99,11.5,2.18,15.7,610,6.7,6
ECX FLAT 22 S High Torque - 12V,12,1.75,17,10300,15.1,1.06,0.158,8.47,1130,4.84,6
ECX FLAT 22 S High Torque - 18V,18,1.08,17,9200,15.5,2.77,0.431,14,682,4.84,6
ECX FLAT 22 S High Torque - 24V,24,0.823,17,9650,15,4.73,0.706,17.9,533,4.84,6
ECX FLAT 22 L High Torque - 18V,18,1.89,37,9070,28.3,1.44,0.26,14.4,661,6.82,6
ECX FLAT 22 L High Torque - 36V,36,0.885,37,8520,28,6.34,1.16,30.6,313,6.82,6
ECX FLAT 32 S - 12V,12,3.03,35,7320,35,0.452,0.345,10.2,937,32.6,6
ECX FLAT 32 S - 24V,24,1.66,35,8380,33.6,1.38,1.12,18.3,521,32.6,6
ECX FLAT 32 S - 48V,48,0.905,35,9600,32.3,4.66,3.53,32.6,293,32.6,6
ECX FLAT 32 S High Torque - 18V,18,4.99,65,8740,81.5,0.365,0.194,14.4,662,24.4,6
ECX FLAT 32 S High Torque - 24V,24,4.05,65,9400,83.1,0.548,0.303,18,529,24.4,6
ECX FLAT 32 S High Torque - 48V,48,2.24,65,10400,84.9,1.75,1.05,33.7,284,24.4,6
ECX FLAT 32 L High Torque - 18V,18,5.25,100,8070,94.4,0.323,0.191,16,598,30.7,6
ECX FLAT 32 L High Torque - 24V,24,4.24,100,8100,103,0.465,0.339,21.3,448,30.7,6
ECX FLAT 32 L High Torque - 36V,36,3.46,100,9870,105,0.705,0.53,26.6,359,30.7,6
ECX FLAT 32 L High Torque - 48V,48,2.81,100,10700,106,1.07,0.805,32.8,291,30.7,6
ECX FLAT 42 S - 24V,24,2.17,40,6290,59.8,1.01,0.802,25.7,372,87.5,8
ECX FLAT 42 S - 48V,48,1.18,40,6540,63.5,3.26,3.02,49.8,192,87.5,8
ECX FLAT 42 S High Torque - 24V,24,5.2,100,7320,127,0.372,0.185,24.7,386,65.3,8
ECX FLAT 42 S High Torque - 48V,48,2.57,100,7020,133,1.41,0.807,51.7,185,65.3,8
ECX FLAT 42 M High Torque - 24V,24,7.34,150,6470,214,0.233,0.153,28.3,339,86.2,8
ECX FLAT 42 M High Torque - 48V,48,3.53,150,6070,221,0.934,0.698,60.1,159,86.2,8
EC 22 80W - 48V (25°C),48,1.72,80,11400,56.6,3.59,0.626,34.4,278,7.63,1
EC 22 80W - 48V (100°C),48,1.35,80,11700,44,4.64,0.626,33.5,285,7.63,1
EC 22 80W - 48V (150°C),48,1.03,80,12200,32.4,5.35,0.626,32.9,290,7.63,1
EC 22 80W - 48V (200°C),48,0.515,80,13200,14.9,6.05,0.626,32.3,296,7.63,1
EC 22 240W - 48V (25°C),48,4.48,240,8410,149,3.59,0.626,34.4,278,7.63,1
EC 22 240W - 48V (100°C),48,3.61,240,8510,120,4.64,0.626,33.5,285,7.63,1
EC 22 240W - 48V (150°C),48,2.88,240,9130,92.2,5.35,0.626,32.9,290,7.63,1
EC 22 240W - 48V (200°C),48,1.86,240,10600,55.8,6.05,0.626,32.3,296,7.63,1
EC 32 80W 12V,12,6.51,78.1,13400,44.6,0.21,0.03,7.48,1280,20,1
EC 32 80W 18V,18,4.15,74.7,12700,45.2,0.481,0.0752,11.8,806,20,1
EC 32 80W 18V-2,18,3.82,68.8,11500,45.9,0.573,0.09,13.0,737,20,1
EC 32 80W 24V,24,2.46,59.0,9450,47.2,1.39,0.226,20.5,465,20,1
EC 32 80W 36V,36,2.07,74.5,13200,43.8,1.83,0.285,23.1,414,20,1
EC 32 80W 48V,48,1.23,59.0,9740,45.9,5.43,0.856,40.0,239,20,1
EC 40 170W 15V,15,12.1,182,9090,169,0.0829,0.0329,14.5,659,53.8,1
EC 40 170W 24V,24,7.35,176,9130,163,0.209,0.0843,23.2,412,53.8,1
EC 40 170W 42V,42,4.21,177,9380,160,0.608,0.246,39.6,241,53.8,1
EC 40 170W 48V,48,3.67,176,9150,163,0.806,0.337,46.4,206,53.8,1
EC 45 150W 12V High Speed,12,16.2,194,8410,174,0.101,0.0266,11.5,827,119,1
EC 45 150W 12V Low Speed,12,9.65,116,4370,186,0.275,0.0797,20.0,478,119,1
EC 45 150W 18V High Speed,18,11.2,202,9000,171,0.193,0.0542,16.5,579,119,1
EC 45 150W 18V Low Speed,18,6.72,121,4680,184,0.552,0.163,28.6,334,119,1
EC 45 150W 24V High Speed,24,8.55,205,9290,169,0.321,0.0917,21.4,445,119,1
EC 45 150W 24V Low Speed,24,5.13,123,4840,183,0.936,0.275,37.1,257,119,1
EC 45 150W 36V High Speed,36,5.29,190,8150,179,0.836,0.263,36.3,263,119,1
EC 45 150W 36V Low Speed,36,3.14,113,4190,191,2.48,0.788,62.8,152,119,1
EC 45 150W 48V High Speed,48,4.21,202,8960,174,1.29,0.395,44.5,214,119,1
EC 45 150W 48V Low Speed,48,2.52,121,4640,187,3.85,1.19,77.1,124,119,1
EC 45 250W 24V High Speed,24,12.5,300,7970,311,0.143,0.0565,26.3,364,209,1
EC 45 250W 24V Low Speed,24,7.51,180,4300,331,0.43,0.17,45.5,210,209,1
EC 45 250W 36V High Speed,36,10.2,367,9730,312,0.206,0.0883,32.8,291,209,1
EC 45 250W 36V Low Speed,36,6.21,224,5320,341,0.617,0.265,56.9,168,209,1
EC 45 250W 48V High Speed,48,7.94,381,10000,316,0.336,0.149,42.7,224,209,1
EC 45 250W 48V Low Speed,48,4.86,233,5490,347,1.01,0.448,73.9,129,209,1
EC 60 400W 48V High Speed,48,9.56,459,4960,768,0.345,0.273,84.9,113,831,1
EC 60 400W 48V Low Speed,48,5.9,283,2680,843,1.03,0.82,147,65,831,1
EC-max 16 5W 4.5V,4.5,1.18,5.31,5170,3.33,2.38,0.0396,3.08,3100,0.428,1
EC-max 16 5W 6V,6,0.903,5.42,5690,3.2,4.04,0.0634,3.9,2450,0.428,1
EC-max 16 5W 9V,9,0.574,5.17,4920,3.29,9.99,0.163,6.26,1530,0.428,1
EC-max 16 5W 12V,12,0.456,5.47,5840,3.23,15.7,0.254,7.8,1220,0.428,1
EC-max 16 2-wire 5V,5,0.903,4.52,8280,2.19,3.06,N/A,3.06,3130,0.428,N/A
EC-max 16 2-wire 6V,6,0.714,4.28,7510,2.19,3.87,N/A,3.87,2470,0.428,N/A
EC-max 16 2-wire 9V,9,0.465,4.19,6970,2.28,6.21,N/A,6.21,1540,0.428,N/A
EC-max 16 2-wire 12V,12,0.37,4.44,8080,2.26,7.73,N/A,7.73,1230,0.428,N/A
EC-max 16 8W 6V,6,1.76,10.6,7120,7.66,1.44,0.034,4.61,2070,0.85,1
EC-max 16 8W 9V,9,1.17,10.5,7090,7.8,3.19,0.079,7.02,1360,0.85,1
EC-max 16 8W 12V,12,0.909,10.9,7300,8.02,5.3,0.14,9.32,1020,0.85,1
EC-max 16 8W 18V,18,0.593,10.7,7170,7.87,12.4,0.317,14,681,0.85,1
EC-max 16 8W 24V,24,0.461,11.1,7350,8.19,20.5,0.566,18.7,510,0.85,1
EC-max 22 12W 6V,6,2.61,15.7,7920,11,0.816,0.0315,4.61,2070,2.25,1
EC-max 22 12W 12V,12,1.25,15,8040,10.2,3.46,0.121,9.02,1060,2.25,1
EC-max 22 12W 18V,18,0.88,15.8,8250,10.9,6.93,0.275,13.6,701,2.25,1
EC-max 22 12W 24V,24,0.657,15.8,8250,10.8,12.4,0.488,18.1,526,2.25,1
EC-max 22 12W 36V,36,0.432,15.6,8210,10.6,28.7,1.09,27.2,352,2.25,1
EC-max 22 25W 12V,12,2.71,32.5,9800,23,0.955,0.05,9.1,1050,4.45,1
EC-max 22 25W 18V,18,1.8,32.4,10300,21.8,2.1,0.103,13,732,4.45,1
EC-max 22 25W 24V,24,1.4,33.6,10400,22.7,3.44,0.182,17.4,549,4.45,1
EC-max 22 25W 36V,36,0.872,31.4,9630,22.5,9.01,0.462,27.7,345,4.45,1
EC-max 22 25W 48V,48,0.716,34.4,10500,23.2,13.1,0.729,34.8,274,4.45,1
EC-max 30 40W 12V,12,2.88,34.6,6630,34.9,1.01,0.088,12.9,738,11,1
EC-max 30 40W 24V,24,1.49,35.8,7220,33.8,3.65,0.31,24.3,393,11,1
EC-max 30 40W 36V,36,0.97,34.9,7090,33.3,8.61,0.713,36.8,259,11,1
EC-max 30 40W 48V,48,0.738,35.4,7210,33.4,14.8,1.24,48.6,197,11,1
EC-max 30 60W 12V,12,4.72,56.6,6590,63.6,0.447,0.049,14.2,672,21.9,1
EC-max 30 60W 24V,24,2.66,63.8,8040,60.7,1.27,0.143,24.3,393,21.9,1
EC-max 30 60W 36V,36,1.88,67.7,8270,63.7,2.48,0.312,35.9,266,21.9,1
EC-max 30 60W 48V,48,1.4,67.2,8130,64.1,4.49,0.573,48.6,197,21.9,1
EC-max 40 70W 12V,12,6.88,82.6,6410,89.7,0.36,0.0464,14,682,51.2,1
EC-max 40 70W 24V,24,3.44,82.6,6520,89.6,1.35,0.186,28,341,51.2,1
EC-max 40 70W 36V,36,2.55,91.8,7030,95,2.42,0.379,40,239,51.2,1
EC-max 40 70W 48V,48,2.02,96.96,7610,94.2,3.78,0.592,50,191,51.2,1
EC-max 40 120W 48V High Speed,48,4.06,195,9250,170,1.03,0.204,44.8,213,101,1
EC-max 40 120W 48V Variant 2,48,3.1,149,6280,185,2.02,0.4,62.8,152,101,1
EC-max 40 120W 48V Variant 3,48,2.19,105,3770,203,4.4,0.937,96.1,99.4,101,1
EC-max 40 120W 48V Low Speed,48,1.74,83.5,2670,211,7.19,1.6,126,76.1,101,1
EC-4pole 22 90W 18V,18,4.32,77.8,14900,42.6,0.323,0.0283,10.5,907,5.54,2
EC-4pole 22 90W 24V,24,3.34,80.2,15000,45.1,0.527,0.0503,14,680,5.54,2
EC-4pole 22 90W 36V,36,2.16,77.8,14900,43.7,1.24,0.113,21.1,453,5.54,2
EC-4pole 22 90W 48V,48,1.58,75.8,14900,42.6,2.3,0.201,28.1,340,5.54,2
EC-4pole 22 90W 48V Low Speed,48,0.679,32.6,5550,43.9,13.5,1.11,66,145,5.54,2
EC-4pole 22 120W 18V,18,5.55,99.9,15700,54,0.209,0.017,10.2,940,8.91,2
EC-4pole 22 120W 24V,24,4.21,101,15800,54.6,0.341,0.031,13.5,705,8.91,2
EC-4pole 22 120W 36V,36,2.95,106,16800,54,0.634,0.062,19.2,497,8.91,2
EC-4pole 22 120W 48V,48,2.1,101,15800,54.5,1.27,0.123,27.1,352,8.91,2
EC-4pole 30 100W 18V,18,7.74,139,16300,72,0.135,0.0166,9.8,974,18.3,2
EC-4pole 30 100W 24V,24,5.56,133,16300,68.8,0.248,0.0295,13.1,731,18.3,2
EC-4pole 30 100W 36V,36,3.98,143,16400,74.3,0.466,0.0664,19.6,487,18.3,2
EC-4pole 30 100W 48V,48,2.95,142,16400,73.4,0.836,0.118,26.1,365,18.3,2
EC-4pole 30 150W Sterilizable 24V,24,7.23,174,16600,84.6,0.102,0.016,13.3,718,35.2,2
EC-4pole 30 150W Sterilizable 32V,32,4.9,157,12400,106,0.321,0.049,23.3,410,35.2,2
EC-4pole 30 200W 24V,24,7.61,183,16100,95.6,0.102,0.016,13.7,697,33.3,2
EC-4pole 30 200W 36V,36,5.06,182,16100,95.2,0.21,0.037,20.6,465,33.3,2
EC-4pole 30 200W 48V,48,3.68,177,16000,92.9,0.386,0.065,27.6,346,33.3,2
EC-4pole 32 HD 220W 48V 25C,48,4.87,234,5710,334,1.01,0.298,70.5,135,128,2
EC-4pole 32 HD 220W 48V 100C,48,3.85,185,5870,261,1.31,0.298,68.7,139,128,2
EC-4pole 32 HD 220W 48V 150C,48,2.98,143,6080,196,1.51,0.298,67.4,142,128,2
EC-4pole 32 HD 220W 48V 200C,48,1.67,80.2,6470,104,1.71,0.298,66.2,144,128,2
EC-4pole 32 HD 480W 48V 25C,48,11.4,547,4670,804,1.01,0.298,70.5,135,140,2
EC-4pole 32 HD 480W 48V 100C,48,10.9,523,4420,762,1.31,0.298,68.7,139,140,2
EC-4pole 32 HD 480W 48V 150C,48,8.75,420,4700,596,1.51,0.298,67.4,142,140,2
EC-4pole 32 HD 480W 48V 200C,48,5.78,277,5340,379,1.71,0.298,66.2,144,140,2
EC-i 30 20W 24V Config1,24,1.19,28.6,6000,32.6,N/A,N/A,N/A,600,6.69,N/A
EC-i 30 20W 24V Config2,24,1.19,28.6,6000,32.6,N/A,N/A,N/A,600,6.69,N/A
EC-i 30 30W 12V,12,3.03,36.4,7720,36.9,0.435,0.279,12.3,775,7.3,2
EC-i 30 30W 24V,24,1.51,36.2,7770,36.8,1.65,1.12,24.6,387,7.3,2
EC-i 30 30W 36V,36,0.976,35.1,7760,35.4,3.95,2.51,37,258,7.3,2
EC-i 30 30W 48V,48,0.744,35.7,7600,36.9,6.78,4.66,50.3,190,7.3,2
EC-i 30 45W HT 12V,12,4.49,53.9,6730,64.9,0.222,0.199,13.7,696,8.1,4
EC-i 30 45W HT 18V,18,3.08,55.4,6780,67.1,0.435,0.449,20.6,464,8.1,4
EC-i 30 45W HT 24V,24,2.27,54.5,7050,63.3,0.775,0.749,26.6,359,8.1,4
EC-i 30 45W HT 36V,36,1.54,55.4,6810,67.1,1.65,1.8,41.2,232,8.1,4
EC-i 30 45W HT 48V,48,1.13,54.2,7070,63.2,3.01,3,53.2,180,8.1,4
EC-i 30 50W 12V,12,4.95,59.4,8730,55.3,0.206,0.119,11.4,837,13.8,2
EC-i 30 50W 24V,24,2.47,59.3,8830,55.2,0.735,0.475,22.8,418,13.8,2
EC-i 30 50W 36V,36,1.64,59.0,9140,53.2,1.6,1.01,33.2,288,13.8,2
EC-i 30 50W 48V,48,1.34,64.3,9100,58.7,2.39,1.82,44.6,214,13.8,2
EC-i 30 75W HT 12V,12,7.34,88.1,6760,108,0.117,0.0975,14.3,668,15.5,4
EC-i 30 75W HT 18V,18,4.98,89.6,6840,110,0.216,0.219,21.4,446,15.5,4
EC-i 30 75W HT 24V,24,3.65,87.6,6870,107,0.376,0.39,28.6,334,15.5,4
EC-i 30 75W HT 36V,36,2.48,89.3,6890,110,0.773,0.877,42.9,223,15.5,4
EC-i 30 75W HT 48V,48,1.84,88.3,7150,104,1.37,1.46,55.4,173,15.5,4
EC-i 40 50W 12V,12,4.58,55.0,9640,43.9,0.224,0.109,8.95,1070,15.5,7
EC-i 40 50W 24V,24,2.83,67.9,10200,53.6,0.493,0.39,16.9,565,15.5,7
EC-i 40 50W HT 9V,9,5.95,53.6,6390,65.7,0.135,0.064,10.8,881,12.8,7
EC-i 40 50W HT 18V,18,2.95,53.1,6520,65.2,0.448,0.255,21.7,440,12.8,7
EC-i 40 50W HT 36V,36,1.62,58.3,6080,78.9,1.42,1.15,46.1,207,12.8,7
EC-i 40 50W HT 48V,48,1.19,57.1,6310,73.9,2.59,1.93,59.6,160,12.8,7
EC-i 40 70W 18V,18,3.98,71.6,8220,69.8,0.338,0.18,16.7,572,24.2,7
EC-i 40 70W 36V,36,2.47,88.9,8720,84.8,0.766,0.644,31.5,303,24.2,7
EC-i 40 70W HT 18V,18,4.9,88.2,6890,105,0.196,0.113,21.7,441,23,7
EC-i 40 70W HT 36V,36,2.74,98.6,6450,130,0.582,0.512,46.1,207,23,7
EC-i 40 70W HT 48V,48,1.56,74.9,4100,152,2.24,2.05,92.1,104,23,7
EC-i 40 100W HT 18V,18,5.5,99.0,3920,209,0.233,0.169,37.5,255,44,7
EC-i 40 100W HT 36V,36,2.76,99.4,3950,210,0.829,0.675,74.9,127,44,7
EC-i 40 100W HT 48V,48,2.41,116,4390,224,0.994,0.995,91,105,44,7
EC-i 40 130W HT 18V,18,7.44,134,3920,278,0.195,0.128,36.4,262,78,8
EC-i 40 130W HT 24V,24,6.05,145,3990,301,0.277,0.222,47.9,199,78,8
EC-i 40 130W HT 36V,36,4.3,155,3940,330,0.521,0.512,72.8,131,78,8
EC-i 40 130W HT 48V,48,3.31,159,3910,343,0.862,0.922,97.8,97.7,78,8
EC-i 52 180W HT 18V,18,11.5,207,4360,399,0.0604,0.0653,35,273,170,8
EC-i 52 180W HT 24V,24,9.03,217,4210,438,0.0935,0.123,48.1,198,170,8
EC-i 52 180W HT 36V,36,6.33,228,4370,448,0.162,0.261,70,136,170,8
EC-i 52 180W HT 48V,48,4.59,220,4470,423,0.284,0.45,91.9,104,170,8
EC-i 52 200W HT 24V,24,9.42,226,2970,646,0.117,0.149,68,140,264,8
EC-i 52 200W HT 36V,36,6.98,251,3300,655,0.176,0.28,93.1,103,264,8
EC-i 52 200W HT 48V,48,5.48,263,3610,627,0.236,0.424,115,83.3,264,8
EC-i 52 250W Open 18V,18,14.7,265,3770,596,0.0658,0.0826,38.2,250,170,8
EC-i 52 250W Open 24V,24,12.3,295,4140,612,0.0863,0.123,46.7,204,170,8
EC-i 52 250W Open 36V,36,8.86,319,4280,646,0.155,0.261,68,140,170,8
EC-i 52 250W Open 48V,48,6.55,314,4370,623,0.276,0.45,89.2,107,170,8
EC-i 52 420W Ventilated 18V,18,21,378,3470,904,0.0658,0.0826,38.2,250,170,8
EC-i 52 420W Ventilated 24V,24,18.3,439,3800,972,0.0863,0.123,46.7,204,170,8
EC-i 52 420W Ventilated 36V,36,13.3,479,3910,1050,0.155,0.261,68,140,170,8
EC-i 52 420W Ventilated 48V,48,9.94,477,3990,1020,0.276,0.45,89.2,107,170,8
EC 9.2 flat 0.5W 3V,3,0.418,1.25,3950,0.734,5.14,0.127,1.86,5120,0.237,4
EC 9.2 flat 0.5W 4.5V,4.5,0.27,1.22,3620,0.702,12.4,0.281,2.77,3450,0.237,4
EC 9.2 flat 0.5W 6V,6,0.222,1.33,5240,0.684,18.1,0.4,3.3,2890,0.237,4
EC 14 flat 1.5W 6V,6,0.794,4.76,9600,1.8,4.01,0.107,2.53,3770,1.1,4
EC 14 flat 1.5W 12V,12,0.402,4.82,9680,1.83,15.7,0.428,5.06,1890,1.1,4
EC 14 flat 1.5W 18V,18,0.256,4.61,9390,1.74,38,0.962,7.6,1260,1.1,4
EC 14 flat 1.5W 24V,24,0.199,4.78,9590,1.81,64.1,1.71,10.1,942,1.1,4
EC 60 flat 100W 12V,12,8.79,105,3210,263,0.106,0.0911,30,318,835,7
EC 60 flat 100W 24V,24,5.18,124,3730,272,0.288,0.279,52.5,182,835,7
EC 60 flat 100W 48V,48,2.63,126,3460,301,1.09,1.28,113,84.8,835,7
EC 60 flat 150W Open 12V,12,12.1,145,2990,381,0.106,0.0911,30,318,810,7
EC 60 flat 150W Open 24V,24,7.29,175,3480,405,0.288,0.279,52.5,182,810,7
EC 60 flat 150W Open 48V,48,3.66,176,3230,441,1.09,1.28,113,84.8,810,7
EC 60 flat 200W Ventilated 12V,12,15.2,182,2790,496,0.106,0.0911,30,318,832,7
EC 60 flat 200W Ventilated 24V,24,9.34,224,3240,540,0.288,0.279,52.5,182,832,7
EC 60 flat 200W Ventilated 48V,48,4.63,222,3020,581,1.09,1.28,113,84.8,832,7
EC 90 flat 160W 12V,12,12.9,155,2700,462,0.0569,0.058,35.6,268,3170,11
EC 90 flat 160W 24V,24,6.44,155,2720,462,0.213,0.232,71.2,134,3170,11
EC 90 flat 160W 36V,36,4.12,148,2630,457,0.514,0.554,110,86.8,3170,11
EC 90 flat 160W 60V,60,2.11,127,2200,464,2,2.15,217,44.1,3170,11
EC 90 flat 220W Open 24V,24,9.5,228,2490,735,0.213,0.232,71.2,134,2875,11
EC 90 flat 220W Open 36V,36,6.04,217,2420,721,0.514,0.554,110,86.8,2875,11
EC 90 flat 220W Open 60V,60,2.98,179,2020,697,2,2.15,217,44.1,2875,11
EC 90 flat 360W Ventilated 12V,12,24.1,289,2310,958,0.0569,0.058,35.1,272,3210,11
EC 90 flat 360W Ventilated 24V,24,12,288,2340,961,0.213,0.232,70.1,136,3210,11
EC 90 flat 360W Ventilated 36V,36,7.66,276,2270,941,0.514,0.554,108,88.1,3210,11
EC 90 flat 360W Ventilated 60V,60,3.75,225,1890,901,2,2.15,214,44.7,3210,11
EC 90 flat 260W 18V,18,12.2,220,1790,1020,0.0968,0.133,80.7,118,5060,11
EC 90 flat 260W 30V,30,7.11,213,1780,997,0.275,0.369,136,70.2,5060,11
EC 90 flat 260W 48V,48,4.09,196,1670,972,0.831,1.07,231,41.3,5060,11
EC 90 flat 260W 60V,60,3.31,199,1690,972,1.26,1.63,286,33.4,5060,11
EC 90 flat 400W Open 18V,18,15,270,1700,1310,0.0968,0.133,81.6,117,4765,11
EC 90 flat 400W Open 30V,30,8.78,263,1700,1270,0.275,0.369,136,70.2,4765,11
EC 90 flat 400W Open 48V,48,5,240,1600,1220,0.831,1.07,231,41.3,4765,11
EC 90 flat 400W Open 60V,60,4.05,243,1620,1230,1.26,1.63,286,33.4,4765,11
EC 90 flat 600W Ventilated 18V,18,18.1,326,1620,1620,0.0968,0.133,81.6,117,5100,11
EC 90 flat 600W Ventilated 30V,30,10.6,318,1620,1570,0.275,0.369,136,70.2,5100,11
EC 90 flat 600W Ventilated 48V,48,5.99,288,1520,1500,0.831,1.07,231,41.3,5100,11
EC 90 flat 600W Ventilated 60V,60,4.86,292,1540,1510,1.26,1.63,286,33.4,5060,11
EC frameless 45 flat 30W 12V,12,2.02,24.2,2910,54.9,1.24,0.56,25.5,374,150,8
EC frameless 45 flat 30W 18V,18,1.63,29.3,3510,57.8,2.09,0.697,34.3,278,150,8
EC frameless 45 flat 30W 24V,24,1.01,24.2,2930,54.7,4.87,2.24,51,187,150,8
EC frameless 45 flat 30W 36V,36,0.847,30.5,3290,66,6.73,4.29,70.6,135,150,8
EC frameless 45 flat 50W 18V,18,3.52,63.4,5190,97.1,0.464,0.322,25.1,380,185,8
EC frameless 45 flat 50W 24V Config1,24,2.33,54.5,5240,83.4,1.03,0.572,33.5,285,185,8
EC frameless 45 flat 50W 24V Config2,24,1.41,33.8,3480,69.6,2.83,1.15,47.5,201,185,8
EC frameless 45 flat 50W 36V,36,0.828,29.8,2360,90.5,7.48,5.15,101,95,185,8
EC frameless 45 flat 70W 24V,24,3.21,77.0,4860,128,0.608,0.463,36.9,259,240,8
EC frameless 45 flat 70W 30V,30,2.36,70.8,4990,112,1.16,0.691,45.1,212,240,8
EC frameless 45 flat 70W 36V,36,1.93,69.5,5080,108,1.74,0.966,53.3,179,240,8
EC frameless 45 flat 70W 48V,48,0.936,44.9,2540,134,6.89,5.85,131,72.7,240,8
EC frameless 60 flat 100W 12V,12,9.25,111,3170,279,0.128,0.062,30.5,313,1246,7
EC frameless 60 flat 100W 24V,24,5.47,131,3740,289,0.307,0.188,53.4,179,1246,7
EC frameless 60 flat 100W 48V,48,2.78,133,3490,319,1.1,0.864,114,83.4,1246,7
EC frameless 90 flat 160W 12V,12,12.8,154,2670,458,0.0682,0.058,35.6,268,3170,11
EC frameless 90 flat 160W 24V,24,6.39,153,2710,458,0.226,0.232,71.2,134,3170,11
EC frameless 90 flat 160W 36V,36,4.09,147,2630,453,0.533,0.554,110,86.8,3170,11
EC frameless 90 flat 160W 60V,60,2.1,126,2200,460,2.04,2.15,217,44.1,3170,11
EC frameless 90 flat 260W 18V,18,12.1,218,1770,1010,0.109,0.133,80.7,118,5300,11
EC frameless 90 flat 260W 30V,30,7.06,212,1770,988,0.29,0.369,136,70.2,5300,11
EC frameless 90 flat 260W 48V,48,4.06,195,1660,964,0.854,1.07,231,41.3,5300,11
EC frameless 90 flat 260W 60V,60,3.28,197,1690,963,1.29,1.63,286,33.4,5300,11
EC frameless DT 38 S 110W 24V,24,4.8,115,10100,96.8,0.267,0.182,18.2,524,12.2,7
EC frameless DT 38 M 240W 24V,24,4.7,113,5110,186,0.376,0.312,36.2,264,20.3,7
EC frameless DT 50 S 220W 48V,48,4.35,209,5630,322,0.591,0.384,68.5,139,70,10
EC frameless DT 50 M 210W 48V,48,3.84,184,3700,430,0.762,0.571,105,90.7,98.8,10
EC frameless DT 65 S 290W 48V,48,6.26,301,3840,688,0.332,0.458,99.7,95.8,170,10
EC frameless DT 65 M 375W 48V,48,5.87,282,2170,1130,0.466,0.779,176,54.2,275,10
EC frameless DT 85 M 570W 48V,48,11.4,547,2850,1710,0.16,0.367,134,71.4,650,10
EC frameless DT 85 L 680W 48V,48,10.8,518,1580,2840,0.218,0.586,238,40.2,1030,10