t,iq,id,vq,vd,ia,ib,va,vb,theta_e,omega,r
0,0,0,0,0,0,0,0,0,0,0,0
0.01,0.00080336300348214,0.000402706402643106,-0.0349805883878421,-0.0201545936166421,0.000389880473614035,-0.000809665226120087,-0.0153757421488763,0.037328752472898,-2.22815984073528,-0.0130663310257699,0
0.02,0.000875877722532348,0.000454460773535638,-0.0406866357999397,-0.0227447897359215,0.000415589401212538,-0.000894975881859878,-0.0183066099878601,0.0428671881933093,-2.22823870847466,-0.00884065233831558,0
0.03,0.000878737349399249,0.000474999155619224,-0.0421095808420598,-0.0237727062093998,0.000405258093742961,-0.000913000221535578,-0.0188026532543844,0.0445513028968603,-2.22828687772507,-0.00527683375220697,0
0.04,0.000828370946071226,0.000464334250665514,-0.0407428135579904,-0.0232389436973342,0.000371890717636272,-0.0008737860234474,-0.0180460957147623,0.04329392324845,-2.22830817695992,-0.00247603715957526,0
0.05,0.000839644716175255,0.000475735983673349,-0.0415192775301485,-0.0238095659145214,0.000373834793702068,-0.000889705300973534,-0.0183113905589892,0.0442203438641039,-2.22832068002761,-0.00180084946718711,0
0.06,0.000834526088415386,0.000476593234826373,-0.0415138842340002,-0.0238524738755079,0.000369253173389637,-0.000887258134744243,-0.0182805854058385,0.0442511388711703,-2.22832774700496,-0.00114660157420296,0
0.07,0.000852144490895635,0.000488030171299471,-0.0422626106503274,-0.0244248778829472,0.000376206083241293,-0.000907079194114063,-0.018523259083681,0.045161839992375,-2.22833024011389,-0.00137663938472953,0
0.08,0.000830987578855554,0.0004775180080176,-0.0415291607241124,-0.0238987625890895,0.000365882285302033,-0.00088582953071992,-0.0182641388798665,0.0442972152027164,-2.22833334297171,-0.00064074607465304,0
0.09,0.000827400241986315,0.000476726147251263,-0.041405831258498,-0.0238591392018768,0.000363526369816295,-0.000883010508635221,-0.0181907152119658,0.0441904884080149,-2.22833390871578,-0.000512982865515767,0
0.1,0.000826772235242631,0.000476666483313346,-0.0413846720225683,-0.0238561542601708,0.000363065664660535,-0.000882579508275041,-0.0181757868425578,0.0441751960624344,-2.22833402527194,-0.000489297404163762,0
0.11,0.000826653607705975,0.000476661983635979,-0.0413808351778516,-0.0238559292290954,0.000362974495033995,-0.00088250345593199,-0.0181728862098312,0.0441726735233974,-2.22833405479688,-0.000484257117064789,0
0.12,0.000826627530648867,0.000476661642775319,-0.0413800310983185,-0.0238559119405737,0.000362954055010252,-0.000882487252073096,-0.0181722599285584,0.0441721685827527,-2.22833406428137,-0.000482921929088584,0
0.13,0.000870090153344327,0.000498513909149393,-0.0431405631627607,-0.0249495671267162,0.000383996517759373,-0.000926347487129338,-0.0188971749553447,0.0461138359770444,-2.22833701682597,-0.00129148490794986,0
0.14,0.000897199649313445,0.000516376547605061,-0.0450296911690461,-0.0258435553393623,0.000394534793133432,-0.000957054986221717,-0.0198459504457976,0.0479760428783085,-2.22833877277181,-0.00180228097947172,0
0.15,0.00083110832313616,0.000479651541313407,-0.0417153417695186,-0.0240055415432669,0.000364667979042219,-0.000887594451836981,-0.0183459441069496,0.0444956413433713,-2.22834001876854,-0.000140290915564511,0
0.16,0.000824096725552744,0.000476886093324276,-0.0413725727580387,-0.0238671458196949,0.000360810816803296,-0.000881119352613812,-0.0181593439540133,0.0441765622627839,-2.22833738944184,-0.000172176925677361,0
0.17,0.000824724194258401,0.000476678178416696,-0.0413500117146044,-0.0238567390927057,0.000361436041199017,-0.000881337659751477,-0.0181479230330618,0.0441545055291237,-2.22833567313642,-0.000316464664328442,0
0.18,0.0008256373549125,0.000476662703564174,-0.0413617692005336,-0.0238559559494459,0.000362169024649168,-0.00088188319656329,-0.0181577457764989,0.0441610558521436,-2.22833481092088,-0.000403132097667202,0
0.19,0.000826153831402262,0.00047666162406211,-0.041370687242113,-0.0238558959591752,0.00036257883102022,-0.000882197850989321,-0.0181648588833322,0.0441664514835452,-2.22833440741865,-0.00044580754670728,0
0.2,0.000826404240754649,0.00047666158198206,-0.0413752895034698,-0.023855892223766,0.00036277721827291,-0.000882350793492632,-0.0181685119980141,0.0441692579410827,-2.22833422301074,-0.0004656500746259,0
0.21,0.000826520015791903,0.00047666159657157,-0.0413774332311604,-0.0238558918851762,0.000362868918971275,-0.000882421532939572,-0.0181702126554185,0.0441705663365688,-2.22833413944145,-0.000474697818379892,0
0.22,0.000826572751932553,0.000476661605690645,-0.0413783886954745,-0.0238558917721376,0.000362910687341266,-0.000882453757196618,-0.018170970641672,0.0441711495120651,-2.22833410168617,-0.000478794632921564,0
0.23,0.000826596558865804,0.000476661609996226,-0.0413787893516571,-0.0238558917632315,0.000362929542920364,-0.000882468304500846,-0.0181712885188657,0.0441713940643938,-2.22833408464809,-0.00048064494125858,0
0.24,0.000826607385490706,0.000476661611952762,-0.0413789440850433,-0.0238558918017206,0.000362938117775189,-0.000882474920166567,-0.018171411306236,0.044171488523573,-2.22833407696215,-0.000481479842126631,0
0.25,0.000826612216726549,0.000476661612836431,-0.0413789810514104,-0.0238558918621193,0.000362941944214973,-0.000882477872313443,-0.018171440681307,0.0441715111011142,-2.22833407349556,-0.000481856438283847,0
0.26,0.000836278697053479,0.000481337510695623,-0.0417457863900227,-0.0240899278356303,0.000367735414950625,-0.000892086611792384,-0.018318742397716,0.0445809262063206,-2.22833382210423,-0.000730153358148293,0
0.27,0.000811563909358059,0.000467854175944515,-0.0408310301087834,-0.02341511425367,0.000356412977477928,-0.000866310162936217,-0.0180070736080997,0.0434877671918124,-2.2283353189656,-3.09281933828313e-05,0
0.28,0.000811495185571239,0.000467318941505244,-0.0400652656524722,-0.0233883222134847,0.00035668600602492,-0.000865844398492519,-0.0174173616122271,0.0429985423268495,-2.22833496824988,-5.57396964257047e-05,0
0.29,0.000824707674975782,0.000475958011601771,-0.0412973470739334,-0.0238206956318463,0.000361864771791149,-0.000880756870486068,-0.0181283508974106,0.0440937559011515,-2.22833378790084,-0.000458205185406718,0
0.3,0.000816730763126043,0.000472270671809764,-0.0408760084384385,-0.0236361428857161,0.000357808260570881,-0.000872961611730628,-0.0179078358036037,0.0436900988005801,-2.2283296390732,-0.000581743094607486,0
0.31,0.00082786064162841,0.000476331502399305,-0.0413507788629836,-0.0238393786883192,0.000364134297568284,-0.000882978570221177,-0.0181593346029523,0.0441411537637892,-2.22833127371666,-0.000722561477813977,0
0.32,0.00082812544480779,0.000476637048020156,-0.0413991838623548,-0.0238546669661625,0.000364155910777385,-0.000883382759923105,-0.0181882415364773,0.0441828635371944,-2.22833267654557,-0.00062307839576142,0
0.33,0.000827454370338311,0.000476659901783309,-0.0413934367107475,-0.0238558189685998,0.000363610131271123,-0.000882990979227445,-0.018182955756759,0.0441802763836648,-2.22833341985053,-0.000551117105744285,0
0.34,0.000827020257727675,0.00047666154778093,-0.0413862323492693,-0.023855906457356,0.00036326521306566,-0.000882727094180995,-0.0181771844139732,0.0441759489739636,-2.22833377346084,-0.000514159456155164,0
0.35,0.000826802735707765,0.000476661637209363,-0.0413821967701474,-0.0238559131388287,0.000363092846356785,-0.00088259428113119,-0.0181739789914876,0.044173490792867,-2.22833393598907,-0.000496743514081253,0
0.36,0.00082670098871675,0.00047666162826757,-0.0413802191174243,-0.0238559135841894,0.000363012253987378,-0.000882532116165155,-0.0181724101479039,0.0441722838051047,-2.22833400979364,-0.000488764831826982,0
0.37,0.00082665442258814,0.00047666162050713,-0.0413792720968718,-0.0238559138314017,0.000362975372213994,-0.000882503662323917,-0.0181716589565601,0.044171705816786,-2.22833404316205,-0.000485145937242244,0
0.38,0.000826633351414943,0.000476661616723948,-0.0413788127018385,-0.0238559139867636,0.000362958683410955,-0.000882490786731496,-0.0181712945853561,0.0441714254450759,-2.22833405822407,-0.000483510460937513,0
0.39,0.000826623805358578,0.000476661614996087,-0.041378573340155,-0.0238559140996944,0.000362951122771752,-0.000882484953568557,-0.0181711047615433,0.0441712793672948,-2.22833406501902,-0.000482772328066328,0
0.4,0.000826619497991682,0.000476661614214969,-0.0413784350250007,-0.0238559141934807,0.000362947711266159,-0.000882482321529841,-0.0181709950924912,0.044171194963161,-2.22833406808343,-0.000482439352661318,0
0.41,0.000826617635346537,0.000476661613862904,-0.0413783463621334,-0.0238559142783632,0.000362946235979153,-0.00088248118336022,-0.0181709248029595,0.0441711408673863,-2.22833406946533,-0.000482289172893772,0
0.42,0.000826616704023965,0.000476661613704162,-0.0413782715346421,-0.0238559143598366,0.000362945498385263,-0.000882480614264343,-0.0181708654997366,0.0441710952108832,-2.22833407008809,-0.000482221442772791,0
0.43,0.000826616354778001,0.000476661613632463,-0.0413782110575146,-0.0238559144392135,0.000362945221753361,-0.000882480400860879,-0.0181708175712092,0.0441710583170149,-2.2283340703688,-0.000482190897664268,0
0.44,0.000826616121947358,0.000476661613600314,-0.0413781497095322,-0.023855914518157,0.000362945037376086,-0.000882480258582262,-0.0181707689604794,0.0441710208877603,-2.22833407049525,-0.000482177122481243,0
0.45,0.000826616063737606,0.000476661613585586,-0.0413780940736535,-0.0238559131412571,0.000362944991262089,-0.000882480223015128,-0.0181707257637265,0.0441709857960038,-2.22833407055192,-0.000482170910192844,0
0.46,0.000826616005529945,0.000476661613579336,-0.0413780370904009,-0.0238559132195482,0.000362944945172162,-0.000882480187444633,-0.0181706806125404,0.0441709510319877,-2.22833407057731,-0.000482168108592171,0
0.47,0.000826616005529945,0.000476661613576241,-0.0413779824091168,-0.0238559132976303,0.000362944945164052,-0.000882480187446297,-0.0181706372841101,0.0441709176744444,-2.22833407058865,-0.0004821668451371,0
0.48,0.000826616005529945,0.000476661613575276,-0.0413779274264405,-0.0238559133757124,0.000362944945160299,-0.000882480187447319,-0.0181705937174113,0.0441708841325827,-2.22833407059357,-0.000482166275349344,0
0.49,0.000826616005529945,0.000476661613574626,-0.0413778723356618,-0.0238559134537945,0.000362944945159155,-0.000882480187447438,-0.0181705500652897,0.0441708505245944,-2.22833407059532,-0.000482166018393937,0
0.5,0.000826616005529945,0.000476661613574439,-0.0413778171595322,-0.0238559135318765,0.000362944945158625,-0.000882480187447555,-0.0181705063456579,0.0441708168644236,-2.22833407059605,-0.000482165902501698,0
0.51,4.65532683405774,0.0958301242512438,7.23486325451331,-4.74196809739025,-3.36775891086417,3.21550171247149,-8.5378291000424,1.3910363067307,0.829104112837424,256.021612663204,3306.45
0.52,4.56833502668759,0.0497088923136288,11.5862827928595,-2.37953569629836,2.90519439361849,-3.52590434148793,9.28449743728181,-7.32818165871847,-2.44153263469237,561.280496236691,3306.45
0.53,4.43560800446498,0.0845594585806584,18.2249526705369,-4.05498522424209,-1.70908160707254,-4.09399666971965,-2.92803009521371,-18.4395890619519,2.76518685429774,858.605567203062,3306.45
0.54,4.40679417927239,0.0490161475505175,19.6683383649312,-2.21698911659621,2.88332704122941,-3.33296605060792,14.6930930085448,-13.2616587432637,-2.41727867561622,1154.07916510536,3306.45
0.55,4.34606778018722,0.170632503313515,22.7077412213918,-8.27580040612469,-3.11704642387038,3.03338790671509,-22.4170933063246,9.03351047130877,0.838240573846357,1447.04248717163,3306.45
0.56,4.30030046787599,0.158603496804074,24.9995424909567,-7.60013451643277,0.389620751963894,4.28554953919005,-6.24479865739688,25.3720645425948,-0.0538005041097003,1736.8500301017,3306.45
0.57,4.20690396675817,0.210104781169562,29.6731506698041,-10.1771605521467,-3.80157068238658,1.81390334676762,-31.3038695840611,2.03426071120667,1.17550008606411,2025.97469802062,3306.45
0.58,4.18608941762159,0.239858995200658,30.7179616026804,-11.5607025459264,4.05038897273289,-1.08407846554846,32.4244910563935,5.08875113490471,-1.77507819031435,2311.22851963153,3306.45
0.59,4.07125385617099,0.271196689985365,36.464104864379,-13.1092361268859,1.74186375563601,-3.68979217068493,29.1802087061173,-25.4950668808363,-2.63401811645922,2595.78281983721,3306.45
0.6,2.79520399874267,0.134775401112222,39.7274070403497,-6.49581127636913,2.7951710783446,0.13545643623639,38.9156478041335,10.2973195673665,-1.47419398782034,2847.14088206001,3306.45
0.61,1.58172940512822,0.184917418139529,40.5331084459329,-8.99667989025555,-1.3826810200855,0.790098449102379,-40.8160625829824,7.61066124325259,1.16803301878648,3004.0746772062,3306.45
0.62,0.882400213975485,0.127855829148371,38.7176055359943,-6.26086443156469,0.883941071313805,-0.116728030548799,38.6356496510319,6.748183304713,-1.5581966650206,3101.21140200724,3306.45
0.63,0.452000359504906,0.0267460169222788,37.6842113433598,-1.36631236541425,0.452720698803571,0.00797767438401083,37.4686265712195,4.25071957642414,-1.49407288604313,3160.74808742675,3306.45
0.64,0.192583072851232,0.0543867256666583,36.9227492703619,-2.70139412048532,-0.0864180299760931,-0.18049398874371,-3.63190499615914,-36.8428583306871,2.97029857898273,3197.22744733933,3306.45
0.65,-0.0545197507696062,0.0803812474628197,40.7003701019643,-3.96652822030327,0.0697547548670654,0.0675856666838069,-40.6547120553318,4.40997281821485,1.36559494781075,3220.38988468481,3306.45
0.66,-0.090506172955339,-0.0445064561734891,37.2729006634181,2.15024455123784,-0.0537143527375593,-0.0853636942390001,6.03076169515768,36.8445733978748,-0.104617090038755,3234.47272888792,3306.45
0.67,-0.149893993478129,0.0202142172912593,36.9156917666736,-0.975691275019543,-0.147801643350922,-0.0321169438814847,36.7199537307987,3.91985587543817,-1.49087315352816,3243.85375342128,3306.45
0.68,-0.202098500342102,0.0124174176423863,37.561743313307,-0.736190444173849,-0.0749487622907737,0.188097525588491,12.4368855802895,-35.4506757928201,-2.82378247785604,3249.29441524581,3306.45
0.69,-0.236074308541143,0.0443630919256575,38.0480150483422,-2.21204331954199,-0.237904035479879,0.0331788031847406,36.7693524783697,-10.0279261608676,-1.89511920933351,3253.17516203444,3306.45
0.7,-0.329650477672312,-0.0525199685858703,41.9821544672892,2.48910671519654,0.0626469538964222,0.327876720273556,-3.78080597118018,-41.8855876425681,3.11079184499801,3255.47098332026,3306.45
0.71,-0.182489067641028,0.0330375717599787,34.2336210787231,-1.6523339362131,0.166496460774724,0.0816864095537208,-32.4765973834769,-10.9517871596327,1.84781261506199,3257.04637166868,3306.45
0.72,-0.275698580527014,0.014643144660429,38.5512297181037,-0.866821368554837,0.166670814712358,-0.220102177438742,-22.3279652489715,31.4389990283359,0.5950574650384,3258.45163935459,3306.45
0.73,-0.209293034462567,0.0455035369445653,35.0303957510448,-2.29264913280958,-0.090115412393255,-0.194302235185827,19.3263308960981,29.3066170107625,-0.648345969842932,3259.40824546333,3306.45
0.74,-0.333358186834597,-0.0419211163531277,41.2394015579805,1.95812633535864,-0.303757774955478,0.14358368598152,38.5821163288409,-14.6949923168874,-1.88726206434149,3259.95495078194,3306.45
0.75,-0.261207998512558,0.0472899824525344,37.4930893043055,-2.40058919128528,-0.0527662940898088,0.260157027841504,3.187612134844,-37.4343919801529,-3.12058583505069,3260.62973289477,3306.45
0.76,-0.366709070127067,-0.0102420072267343,42.7343318509203,0.379100478249017,-0.307245634849151,0.200450893466786,36.230582270057,-22.6652099988027,-2.12094337947895,3261.25929281443,3306.45
0.77,-0.221065870423731,-0.0234729358186278,35.4140737900322,1.13652468723656,0.0678245250795141,0.211709545320672,-8.29605263337115,-34.4474066001329,2.93734217592543,3261.6990097507,3306.45
0.78,-0.362258777883808,0.0193444723371038,42.5604357986136,-1.04599673961607,0.355697973004334,0.0713062603456322,-41.9662716125439,-7.16357812056164,1.71529345830737,3262.11441104489,3306.45
0.79,-0.249268442845925,-0.0285841562883302,36.8866754321242,1.37928313801211,0.0935045803691858,-0.232827627311559,-16.3437745039312,33.0969829648312,0.496062119617556,3262.45402004981,3306.45
0.8,-0.312305531709789,0.00371855335317905,40.0471205743313,-0.207616408413518,-0.203190957968886,-0.237196136931571,26.2576503948611,30.238233523295,-0.720240734170969,3263.0128190585,3306.45
0.81,-0.222899130311841,-0.000406015344686012,35.4263681815143,-0.0355065684884105,-0.208426664726125,0.0790095726692572,33.1614824296436,-12.4637436718287,-1.93131427096813,3263.74460144467,3306.45
0.82,-0.327203636811868,0.0507049980858515,40.8060734827789,-2.52220115282393,-0.227613407660816,-0.240469027999097,30.7139993664636,26.9842060223037,-0.911682411552803,3263.8619244942,3306.45
0.83,-0.282507031334346,-0.023719552212389,38.4977130708012,1.11643134091968,-0.229124536833635,0.166957439281015,32.3218123953606,-20.943275152178,-2.11674503364967,3264.41398439585,3306.45
0.84,-0.311852484574241,0.0358048758754581,39.9659866236392,-1.77210186579456,0.0195392289024518,0.313292482842282,-5.27681000278793,-39.6557146955913,2.96499299720551,3264.97696714134,3306.45
0.85,-0.201394091223446,-0.0167855535724848,34.3979738910565,0.774844830877844,0.200807180948588,0.0227554579811816,-33.8903095976071,-5.93867895243416,1.7667895173065,3265.3881406186,3306.45
0.86,-0.359313859439885,0.0645552599695579,42.2638907040471,-3.21639400401073,0.249022407558854,-0.26694881851942,-25.6129830135709,33.7721297667056,0.572902986897269,3265.95417201564,3306.45
0.87,-0.260190941825212,-0.00252168801387753,37.2621326048225,0.0486501003453125,-0.152732628381663,-0.21066188394192,21.6181966378853,30.3499994599236,-0.617625408606883,3266.37223581996,3306.45
0.88,-0.339910305440316,0.0230079184278829,41.3362356628073,-1.13355385155729,-0.335915765561318,0.0568241014206722,40.4626540288756,-8.52894788617223,-1.8059567866633,3266.74710849052,3306.45
0.89,-0.22828803947742,-0.0144085583903299,35.6790767437352,0.644768259007378,-0.168181611384941,-0.155041868910615,25.1234673824273,25.342131521979,-0.762995895839298,3267.24545558034,3306.45
0.9,-0.33084008578699,0.0647364620776335,40.8831618961234,-3.22056893646178,-0.331650289611012,0.06044879888636,39.2393939663497,-11.9195197911972,-1.94431545626555,3267.54763096148,3306.45
0.91,-0.250990184462575,-0.0210300729902999,36.9041361518004,0.97092234762184,0.0168009819245695,0.251308701944252,-0.349402121644285,-36.9152525857961,-3.12475410883275,3267.75894293563,3306.45
0.92,-0.334704501096482,0.00315173310081357,41.1331024634812,-0.138489885017128,0.305670087580726,0.136392206647502,-37.6642066079425,-16.5335670172445,1.98107553312101,3268.18939242106,3306.45
0.93,-0.24086484681487,-0.0188656613427528,36.3468157717713,0.862591066989054,0.160910615955449,-0.180220868053309,-25.6540453449011,25.7624734359434,0.807017126412003,3268.64621683954,3306.45
0.94,-0.289811637175491,0.036861276951599,38.8177299459366,-1.81958235852248,-0.0686878752215643,-0.283956888591187,12.1137025536761,36.9240470229926,-0.363847588390379,3269.2162659208,3306.45
0.95,-0.246836015787759,-0.000779127946907876,36.6070516355685,-0.043824953789163,0.157929714669135,-0.189701952954781,-23.5439506006867,28.0314205881218,0.697411559383467,3269.59216899106,3306.45
0.96,-0.318061658330995,0.0590513964398788,40.2391209179877,-2.93420445261557,-0.0904473090356577,-0.310595508998392,15.4937703164397,37.2523756209399,-0.466939664312913,3269.94101677676,3306.45
0.97,-0.291729159989448,-0.0675323717828495,38.9643283338813,3.29174393686343,-0.287197320207419,0.0847597976191718,38.6996476503702,-5.60283253306588,-1.63029384193906,3269.97310818693,3306.45
0.98,-0.348890841061173,-0.00846377112018046,41.7857632731793,0.440714407571071,-0.112161734130875,0.330478743332612,13.9712711462857,-39.3833445007936,-2.79014521404785,3270.61653983489,3306.45
0.99,-0.218205649246951,0.00291301310178269,35.2394691691075,-0.22280895753032,0.155381917808888,0.15322744736713,-25.2651574912378,-24.5670846478573,2.33586432283586,3270.98271278076,3306.45
1,-0.317736928711356,0.0365161109628342,40.2588977356026,-1.80664604302571,0.307835738152783,-0.0867602474795128,-37.9344353716725,13.6022582626155,1.18165913220283,3271.24165806442,3306.45
1.01,-0.240783145099927,0.0137462422683895,36.4553744700924,-0.765884694701709,0.0205627094126203,-0.240297018546477,-1.79844868470752,36.4190402049356,0.0283362796860738,3271.34404340971,3306.45
1.02,-0.3472129868475,-0.00393400175706479,41.7570582247387,0.213470606147466,0.308615483362974,-0.159150300138029,-37.2315693781601,18.9078746273388,1.1060044147931,3271.96168755367,3306.45
1.03,-0.258706875994814,0.00822152000613719,37.2823553223749,-0.48882619764689,-0.00245781642352015,-0.258825810568876,1.0495849549389,37.2707840118462,-0.0412643348514396,3272.30113476984,3306.45
1.04,-0.316605852245226,0.053418771425635,40.2229883450653,-2.6538244605801,-0.273279685181816,-0.168555760754349,36.272732545406,17.5846651763483,-1.1852727479337,3272.67318687281,3306.45
1.05,-0.204996800422596,0.000222190319876109,34.6607997147557,-0.0771628648848398,-0.149107600761163,0.140679284001908,25.2382732931782,-23.7572420990521,-2.32820202382614,3272.6884695653,3306.45
1.06,-0.348022232538757,-0.00820820978378155,41.803858610453,0.425105649390719,0.119523199005147,0.326957266242381,-13.8257787552918,-39.4536582758255,2.81470276307564,3273.38352303147,3306.45
1.07,-0.236245854127084,0.00993235534128636,36.1760206458217,-0.56253008560985,0.23382404363064,0.035172032853924,-35.9077955536998,-4.43295932056988,1.67808021917088,3273.69340940782,3306.45
1.08,-0.341200652106613,0.0703142235033192,41.460474423173,-3.50623329175141,0.0577730189866222,0.34354658097851,-11.7174533034154,-39.924502493745,2.77175137903038,3274.00795994785,3306.45
1.09,-0.281131013240561,0.0125506544837873,38.4971378207414,-0.693920711282615,0.27963091266565,0.0316025033092514,-38.3612686451103,-3.30517991649189,1.63872006600399,3274.12066577732,3306.45
1.1,-0.292389960146156,0.00590419346877341,39.0690911592388,-0.307012478959122,0.147278372696988,-0.252657533492501,-19.2581590101326,33.9942855817209,0.507573634118285,3274.56723266545,3306.45
1.11,-0.292080396818233,0.0544166986296353,39.0072167230634,-2.7843331860386,-0.125568004532782,-0.269267175000779,20.4167397363462,33.3537435126736,-0.62054809548022,3274.87315927559,3306.45
1.12,-0.318838668934239,0.00148983158990486,40.416512765575,-0.129841481152047,-0.314181643330074,0.0543158485189889,39.8158560602475,-6.94326789989909,-1.74665728825248,3275.13633099466,3306.45
1.13,-0.20580952068289,0.0110594501922444,34.6853060733943,-0.59497623338057,-0.0659012936867038,0.195286686009811,9.8841058465175,-33.2525022477733,-2.8698181099542,3275.55559590789,3306.45
1.14,-0.316977189063479,-0.0214454835347788,40.2814998770557,0.972893868491052,0.252079335562137,0.193366118369213,-30.8762666806992,-25.8882581624746,2.29269536202157,3275.83156470775,3306.45
1.15,-0.263304287575544,0.00305303474890508,37.6247667985377,-0.193907823344245,-0.0706182134563565,0.253676046967535,9.8567485174192,-36.3112267150623,-2.88168182469772,3275.97906715151,3306.45
1.16,-0.317784364044049,0.00637834246030172,40.376450388684,-0.456825320341219,0.236151281389065,0.212744347943075,-30.2358097021202,-26.763076187545,2.28402969923617,3276.38787997493,3306.45
1.17,-0.241934442102609,0.0015711929040915,36.4778917268521,-0.10798748146587,0.223405715662533,-0.0928688813971279,-33.6339511425846,14.1211039465876,1.17033829569282,3276.88581508203,3306.45
1.18,-0.364492035465509,-0.0780776825103152,42.6765995458625,3.76110105692437,-0.0565264448611726,-0.36844990087572,1.24706740966138,42.8238584533677,0.058790550455057,3276.98507302383,3306.45
1.19,-0.254281770301692,0.0418806742342843,37.1574298316078,-2.11786158194008,-0.19990530226031,-0.162637879075862,31.1991444277467,20.2921984109095,-1.05106915805212,3277.22189481568,3306.45
1.2,-0.370678588852724,-0.0339528203961715,43.0832498389138,1.55039820920436,-0.289311220571891,0.234210221591425,34.9574400283586,-25.2298937364603,-2.15998836164239,3277.32124607183,3306.45
1.21,-0.212403254462584,-0.00288455840565218,35.1233070281584,0.137880201529122,-0.184586156175235,-0.105125706332679,30.351621695198,17.6761072642095,-1.03950961139528,3277.89647758627,3306.45
1.22,-0.321657120967943,-0.0505756663762774,40.6030547325307,2.38961832693609,-0.24296540615979,0.216769492568486,32.833814250122,-24.005394625996,-2.14331771518118,3278.03836241905,3306.45
1.23,-0.270891934911597,0.0146284704480057,37.9625189164144,-0.737031419768573,0.0134043623214568,0.270955264976623,-3.18445124514887,-37.8358999900903,3.0382134642037,3278.68308327921,3306.45
1.24,-0.277949411411515,-0.013531993040501,38.32407118115,0.543909578927401,0.264111805300666,0.0876581110934923,-35.9392055391775,-13.3193008352786,1.9399009734293,3278.88504215391,3306.45
1.25,-0.268936823474064,-0.0225935976888331,37.8306557494549,1.13562699857365,0.185986660751109,-0.195566990311495,-27.5193382472869,25.9833443872236,0.844108691414757,3279.21095624858,3306.45
1.26,-0.299951021794072,-0.00657264903088146,39.4093633034394,0.197323238791875,-0.0806423191929165,-0.288982060941123,9.94978906627352,38.1331686328281,-0.25022466963563,3279.39108387594,3306.45
1.27,-0.305592061847216,0.00440971303197137,39.7273455968407,-0.212434255777835,0.239371170433015,-0.19001946373618,-30.8901476610942,24.9821114792094,0.885401272493714,3279.75467120888,3306.45
1.28,-0.252513452180663,0.0146436534094508,36.9122100836366,-0.850954977819335,-0.036742498981106,-0.250254807917841,6.63396572401858,36.3211491614093,-0.203705525499185,3280.34698614085,3306.45
1.29,-0.295665192901037,-0.0127226701847737,38.9860990109178,0.653679052824444,-0.287496605238325,-0.0701817255863419,37.6236369741983,10.2374388021091,-1.2883616423971,3280.98642779687,3306.45
1.3,-0.304292428747154,-0.0143486844071182,39.4914731889471,0.603057647370023,-0.201721226848098,0.22827245470261,27.082849083371,-28.748207225612,-2.37074478301879,3280.91337387521,3306.45
1.31,-0.308086417966432,0.0778783878828785,39.7036668055554,-3.87764305205704,0.0200170618415373,0.317146025467536,-8.44358293303511,-38.9887571063593,2.83096569161552,3281.27164711287,3306.45
1.32,-0.232913762950424,-0.0325234750971621,35.9818781513347,1.53467513993649,0.234976658973578,0.00962118193033853,-35.676957555861,-4.91990677146735,1.75045904051763,3281.2447730076,3306.45
1.33,-0.286866084417543,0.00945389739094368,38.5970567871835,-0.447982670112561,0.186164360095004,-0.218459052445417,-24.4034718931643,29.9065885828746,0.672808939627753,3281.95785983669,3306.45
1.34,-0.249681238230215,0.00782699148090785,36.8200320743203,-0.473095942117408,0.239714086944486,0.0702790085316158,-35.5212494331892,-9.70460820587737,1.82464547074192,3281.79296180088,3306.45
1.35,-0.366610017041201,0.0316628947960604,42.6876094191311,-1.57252874387725,0.2731173281911,-0.246601639377298,-30.2547761555001,30.1554864718046,0.750220341012469,3282.1026440286,3306.45
1.36,-0.215920171088134,0.0122928469513727,35.0918746432946,-0.676207691049295,-0.056873518379271,-0.20865770361063,10.4965434653222,33.492081125286,-0.322975244568582,3282.33422343905,3306.45
1.37,-0.364726999774389,0.0590182082459921,42.5669138283978,-2.98540311160513,-0.34858592781185,-0.122461357989146,41.3718553230804,10.4510464423009,-1.39338008831553,3282.63269727312,3306.45
1.38,-0.253655212064509,-0.0119431062859773,36.9874382964351,0.548616580719473,-0.149825073017971,0.205026954058263,22.7761330951412,-29.1482303599661,-2.4634713619013,3282.88154130172,3306.45
1.39,-0.309604829547018,0.0021489381629585,39.8066949684852,-0.230092460654143,0.115396911188645,0.287303535136946,-14.8796323030555,-36.9218424429272,2.75271954273073,3283.26322620085,3306.45
1.4,-0.222721738478355,-0.00311193773347122,35.4240774860373,0.12833253491193,-0.153579292303616,0.161332135431223,24.6889004476313,-25.4035416755862,-2.36683723759232,3283.44160407374,3306.45
1.41,-0.369929344807123,-0.00356465722176706,42.8835013319188,0.029580860060637,0.109038664016341,0.353512371325344,-12.2724662177023,-41.0899274086402,2.8520432100616,3283.4871483573,3306.45
1.42,-0.288101481798912,0.0170617850985098,38.7259009492583,-0.873322155649118,0.277509819876249,0.0792582374124494,-37.6107776842224,-9.26755080413992,1.78984274250689,3283.79083176568,3306.45
1.43,-0.333451424781383,-0.0784345713803298,41.0611996935815,3.78203170583822,0.163701738820584,-0.300904595151799,-24.5400276605029,33.1377869889028,0.72927053344837,3283.87119142434,3306.45
1.44,-0.252552383020473,0.0567671023056992,37.0142518331072,-2.84001040737663,-0.0282095107721836,-0.257311938268514,9.31801975938194,35.9345934392259,-0.330294401533023,3284.1312098788,3306.45
1.45,-0.321014737510786,-0.0293710271454769,40.4670884813259,1.33327675068746,-0.321032622443732,-0.0291748909440841,40.0408231639819,6.00794119479508,-1.38892670810322,3284.29519074663,3306.45
1.46,-0.266369812983577,-0.00165100953332335,37.7951270816421,0.0952677311324868,-0.169321907422733,0.205634857862455,24.1317808383653,-29.0884489209579,-2.44654100176662,3284.42849251296,3306.45
1.47,-0.23647928693257,0.0305171246130765,36.215417021236,-1.64268888093691,-0.217195548936683,-0.0983861858437442,34.1491905744062,12.1691265049907,-1.27380186695443,3284.79460682577,3306.45
1.48,-0.267028623231627,0.0860287991654162,37.675627766926,-4.28359646515611,-0.253423806179905,0.120339579408073,30.3735683434542,-22.6990852765873,-2.32579717922683,3285.3395056054,3306.45
1.49,-0.298461652488965,0.0357172563241255,39.2408715672235,-1.89680723047623,0.0343642271230224,0.298620461957992,-7.24122472760676,-38.6135797805541,2.90791527316123,3285.44961266193,3306.45
1.5,-0.256035161758897,0.0743303384261876,37.1721019099656,-3.69170153932131,0.22434554105691,0.144041943458627,-34.5894112781215,-14.1055467137314,1.85901915758063,3285.69322128297,3306.45
1.51,-0.259246425588862,0.0147506540140188,37.3570418497256,-0.823967218240204,0.198173406143749,-0.167790321746599,-27.6603828023869,25.1223151991273,0.811393405468004,3285.63610457293,3306.45
1.52,-0.297731105722689,0.0404898104971763,39.2312815598277,-2.00541943814497,-0.0298114686777886,-0.29898915098081,7.16683446352475,38.6232008477003,-0.234544423032722,3286.1289868609,3306.45
1.53,-0.248542989515849,0.0364242651927337,36.7754358631883,-1.88679328285018,0.223222892621419,-0.115203667224757,-30.9882187657754,19.8927868722341,0.948842420928431,3286.23603960314,3306.45
1.54,-0.392610600484595,0.0195824354078275,44.067517081304,-1.04308580470348,-0.017515380007773,-0.392708246478934,3.11571545145462,43.9696077641427,-0.0944081690241973,3286.35155501514,3306.45
1.55,-0.274736435750797,0.0174608388885844,38.1232052614735,-0.919403455785358,-0.241905781161667,-0.131402370847365,34.1999470269429,16.8697274867512,-1.13666105051843,3286.51711324476,3306.45
1.56,-0.317230656860229,-0.0294641305465455,40.2363551327968,1.3343608670993,-0.243811644357255,0.205083657848809,32.2941642403889,-24.0381311526287,-2.17752010473842,3286.92608946183,3306.45
1.57,-0.297313305841212,0.00614900225210289,39.0455469899284,-0.334576900160454,0.0153436092033177,0.296980783411221,-2.4867681513583,-38.9677131174799,3.06929427773135,3287.57040393156,3306.45
1.58,-0.323338873122091,-0.0486617030069483,40.3879744295748,2.2921467201464,0.310860477316613,0.101398973633306,-37.132590054076,-16.0503324260467,2.03547890075036,3287.65136081489,3306.45
1.59,-0.253362964764163,0.0502690935134366,36.9197894809259,-2.51660748574914,0.240598554021276,-0.093979303464222,-32.4720283786106,17.7474376046776,1.00255036153343,3287.79830286567,3306.45
1.6,-0.30320519444394,-0.0716057218064334,39.4180041671724,3.44937281153587,0.287424883784467,0.120198608622121,-33.9237542794052,-20.3680171078758,2.19879932032404,3287.94974317961,3306.45
1.61,-0.256936632276309,0.0574339163928658,37.1408297866427,-2.85929747519738,0.258908825952267,-0.0477630359350475,-35.2945916001463,11.9125405800325,1.16845106939205,3288.17982076868,3306.45
1.62,-0.30365779499608,-0.0285818896201858,39.5173078138528,1.30921776889627,0.0136197075158059,-0.304695724360099,-4.1597110536607,39.3195685628828,0.138518463646217,3288.03971786112,3306.45
1.63,-0.274712165353969,0.0267348388742904,38.1065440021759,-1.31472832210436,-0.196874444604017,-0.193447611680683,28.8137848221338,24.9720445813811,-0.891191390532764,3288.37706276011,3306.45
1.64,-0.219301702577221,-0.00370101544852305,35.4025169390238,0.0940999593905726,-0.204779525445767,0.0785638608192382,33.230506334485,-12.2098529546419,-1.92025498065752,3288.15733638236,3306.45
1.65,-0.304412628493028,0.0469704564168463,39.7137425874892,-2.32919309107373,-0.104554929098555,0.289726662499738,9.91237781011597,-38.5272793863047,-2.9483545572876,3288.36952896557,3306.45
1.66,-0.209938084376035,-0.00432220379278366,35.0598233609437,0.148981493217358,-0.205862118422326,0.0413940686062348,34.4804729196617,-6.34904692236318,-1.74864184376597,3288.19675494633,3306.45
1.67,-0.339393175366065,0.0761783259494851,41.5663934064592,-3.82620090217665,-0.192394335032947,0.289784893803588,18.4226396732396,-37.4567913953442,-2.77628833381686,3288.57378240716,3306.45
1.68,-0.287539993999212,0.010751210326163,38.8380508485654,-0.59171734881674,0.167863522609527,0.233702106215723,-23.3529500241619,-31.0384285733933,2.48133046707719,3288.86781320258,3306.45
1.69,-0.349384847576833,0.0108623270953326,41.9106357333468,-0.687404777257675,0.348403165208159,-0.0283371900362206,-41.7239311962123,4.0109198988291,1.45856063753286,3289.29298345922,3306.45
1.7,-0.241710755888549,0.0208705633369647,36.4823505090471,-1.06702293378774,0.121426317401076,-0.210036471520136,-16.4409723328703,32.5851939591587,0.438044425348394,3289.5335031598,3306.45
1.71,-0.29228152048131,-0.0585984194639935,38.9630541857492,2.79323593677976,-0.209366433591373,-0.212197922854522,23.7145418929628,31.040977131641,-0.580818597696961,3289.80251969818,3306.45
1.72,-0.259390174219926,0.0138238067012336,37.2673871230927,-0.693777322289806,0.164158179839283,-0.201311828031565,-22.5415153055824,29.6853424720614,0.630843189482825,3290.11052740187,3306.45
1.73,-0.323534715372941,-0.0194658298191364,40.4113811963202,0.837081193065359,-0.13893775707694,-0.292830890174562,15.8752873221301,37.1719744909777,-0.382917352026246,3290.34393723099,3306.45
1.74,-0.255205655410374,0.0223444151662238,37.0877683606063,-1.10146022945503,-0.247421841952253,-0.0664201141787162,36.3300365908551,7.53951045587126,-1.39586263437924,3290.45665167058,3306.45
1.75,-0.290059962729458,-0.0741575362589177,38.7839053409721,3.59479757661106,-0.139058218878436,0.265135689647705,23.2894645203614,-31.2204216094069,-2.40825262358284,3290.61402270224,3306.45
1.76,-0.324272734204575,0.0109546620013921,40.5574020663904,-0.530570849691952,0.078307965274769,0.314866119712174,-10.6015497378158,-39.150881356082,2.86406621081017,3290.82423746686,3306.45
1.77,-0.271940863472632,0.00731538189662288,37.8685158256086,-0.458138430241375,0.259041202816264,0.0830843142960053,-36.2289859664032,-11.0315437497111,1.85427427683635,3290.92204434285,3306.45
1.78,-0.341131362210612,0.0248570712509754,41.4371184954678,-1.22925162048318,0.271732868878369,-0.20772512666015,-31.8196439631504,26.5717162940644,0.845375638418947,3291.04112573301,3306.45
1.79,-0.222705714650512,-0.0246312457591048,35.5320831541134,1.17420799022605,0.207780331283829,0.0838562313559517,-31.8448147821416,-15.8055518463049,2.06453839788798,3290.95043363952,3306.45
1.8,-0.395866025461493,0.0117111763481603,44.2531063529578,-0.680258750686081,0.350410835463862,-0.184551640891257,-38.8623624966924,21.1782188823743,1.05646429084612,3291.11010826078,3306.45
1.81,-0.290110676655136,-0.00936886799576883,38.8898493988619,0.428935051851902,0.00504205681138451,-0.290218121522302,-1.5018556347684,38.863206265016,0.0496544848528248,3291.30961253821,3306.45
1.82,-0.334326267062637,-0.0694168618647795,41.1454436879782,3.3287715867468,-0.313148505771823,-0.13612775944702,35.5315510670603,21.0127850444963,-0.956009590199336,3291.4765583228,3306.45
1.83,-0.183971371047265,0.036174041574777,33.5831703476755,-1.80979207111478,-0.183925995371679,0.0364040502609407,31.7543857322265,-11.0798765656768,-1.9603502856288,3291.77576150579,3306.45
1.84,-0.310651739986854,-0.0385712961448832,39.9264388995608,1.79167925253462,-0.0170966425097575,0.312569917391373,5.31291346716398,-39.6119122011896,-2.96341979168997,3291.82941563142,3306.45
1.85,-0.274021309416263,0.065703832380123,38.0978819591356,-3.27866602101887,-0.281118364026027,-0.0194200157303954,38.11482578229,-3.07543756810267,-1.73715813700746,3292.04417165602,3306.45
1.86,-0.290944170322934,0.0155857750378555,38.9662623261312,-0.90161665356147,-0.128629512589878,0.261430440307401,16.1369405358669,-35.4793131613444,-2.73786632455288,3292.04080255498,3306.45
1.87,-0.295402765444816,0.0274603999672145,39.1318616642297,-1.35421632462908,0.142832567177577,0.26003023891899,-20.8120062891188,-33.1662010695223,2.54660026790091,3292.47665879388,3306.45
1.88,-0.275906360980086,-0.0478943520026788,38.0344848690161,2.30095329910377,0.274865981377575,-0.0535432653503003,-37.9792900152262,3.08057710103363,1.55028434806649,3292.81829029884,3306.45
1.89,-0.304687222278282,0.0452608276806833,39.5439042454198,-2.24519746722567,0.199070702929813,-0.23506105840191,-22.7525706161409,32.4203918081705,0.555215307913839,3292.96561421343,3306.45
1.9,-0.264916252421705,-0.042664307001928,37.5158803084431,2.06940401095702,-0.151247144502184,-0.221641975196601,17.8231740230461,33.0765502436728,-0.439134632702113,3293.04878688408,3306.45
1.91,-0.327254400174803,0.0389603943415054,40.6484102965978,-2.03550709354771,-0.31870398419505,-0.0839114129258757,39.9746984092714,7.64591628624302,-1.43184412409652,3293.26120058883,3306.45
1.92,-0.226153557541766,-0.00575793436888523,35.5820134509692,0.257936268803948,-0.0496743653797355,-0.22070578338846,7.1799533995912,34.8510327181766,-0.195926775749074,3293.35128488249,3306.45
1.93,-0.343689209754835,-0.00927683650780045,41.5089537865466,0.316721981907938,-0.322135441899868,-0.120154440906162,38.6047213004518,15.2567706472218,-1.18680051657715,3293.31979575008,3306.45
1.94,-0.23784595159793,-0.0153688173769174,36.1869484766588,0.765598023208021,-0.186647564681613,0.148221401415291,29.2939745378295,-21.2589848337708,-2.17741737665329,3293.64152990347,3306.45
1.95,-0.317802909262159,-0.018555649550474,40.1132847073274,0.790434362431815,0.0259818840393941,0.317282118890264,-1.72820265976787,-40.0838335499387,3.11820713600745,3293.81232409013,3306.45
1.96,-0.245615177036911,0.0166350122134146,36.570915042367,-0.81527629523923,0.19931237878132,0.144492610491835,-30.5587823801195,-20.1061513452501,2.13045069195657,3294.01135288998,3306.45
1.97,-0.257288761571104,-0.0499568434080338,37.1133095994335,2.38848226555379,0.213566338039978,-0.151929629402171,-32.7996861270451,17.5294947709166,1.14424493962293,3294.00949212222,3306.45
1.98,-0.31053347786405,0.0735115603293325,39.8784992053531,-3.65977120489528,0.159524139379254,0.276382053201187,-24.6921182108509,-31.5275740012595,2.38566866023182,3294.10581190536,3306.45
1.99,-0.302488742632628,-0.0107100264958988,39.4105388830435,0.444582572209177,0.296233892921631,-0.0621258784365014,-38.7577157661362,7.15735267447353,1.39946485028019,3294.08032056591,3306.45
2,-0.374652044295147,0.0263768994935256,43.0880450381484,-1.31303547684764,0.175141646644431,-0.332242830971718,-18.5681317727982,38.9040893716968,0.414842830656156,3294.38517436898,3306.45
2.01,-0.266482585457359,-0.0212138254776431,37.6915150904883,1.0065380056216,-0.161619544196251,-0.21293688660547,21.180664445865,31.1936352835789,-0.56979832996456,3294.35469649662,3306.45
2.02,-0.36869555337924,0.0161525781353399,42.8020229168342,-0.955990143477909,-0.368356669652424,-0.0225982473793313,42.7787571745047,1.70441119815239,-1.55330637226606,3294.54390442262,3306.45
2.03,-0.293034962501222,-0.0149452842686666,38.9395214098559,0.720749568558063,-0.15478820069782,0.249265849435287,21.6082648944295,-32.4019859857597,-2.53493441582612,3294.78726907038,3306.45
2.04,-0.307357371791994,-0.0400538571275197,39.7464523959324,1.86247336632791,0.149648611179873,0.27143720938296,-16.2645394528109,-36.3141025152813,2.76732361476062,3294.72081211135,3306.45
2.05,-0.246948161658161,0.033716257956806,36.8248639012531,-1.6815263459464,-0.210797889717028,0.132982819521181,29.2823022532672,-22.3929655683706,-2.26928735016397,3294.68068586769,3306.45
2.06,-0.303436914065962,-0.030780056807607,39.5749314078918,1.41118253925502,0.0635181361390341,0.298306585740873,-5.69632249799016,-39.1882449479092,3.03288907600352,3294.80805699598,3306.45
2.07,-0.27156002862691,0.0252119643158376,37.9760266193576,-1.24125152862528,0.228838946404657,0.148368557655986,-33.0620193892677,-18.7249079318205,2.05343744372584,3295.13686456812,3306.45
2.08,-0.269694215711985,0.0200817328849211,37.8282520420333,-1.10589701574646,0.246863623939757,-0.110438205162408,-33.8132749529233,16.9959435667175,1.07581166684538,3295.33079019421,3306.45
2.09,-0.295340949202464,0.0724665226772033,39.1339462316552,-3.6057232420431,0.101300429513765,-0.286733144517798,-7.45569660518745,38.5860023310486,0.0989920595504822,3295.48238914509,3306.45
2.1,-0.246174579508439,-0.0337188274790722,36.6411157091186,1.62148023245781,-0.210806928842565,-0.13152688574845,29.2040924779348,22.1883199249854,-0.876849106306645,3295.5563434975,3306.45
2.11,-0.360470435785249,0.0061954078715066,42.3668148415634,-0.398840797485038,0.138582630302373,-0.332824537455365,-15.9817482851073,39.2388811710085,0.377364462773296,3295.71988528548,3306.45
2.12,-0.285660178501388,0.0309233208048441,38.6472060142715,-1.5858001677993,-0.135112254367315,-0.253579707529656,20.4273639411538,32.8457622425996,-0.597389544698466,3295.6466323882,3306.45
2.13,-0.343998372403214,-0.0603976261794337,41.6935458830634,2.87445540892439,-0.343936575623944,0.060748542470139,41.6905916612216,-2.91698973914648,-1.57181652866507,3295.56574238127,3306.45
2.14,-0.276285975784858,0.00492819891255203,38.2881907934002,-0.253135611959096,-0.158951017140349,0.226037168868223,21.6717608100776,-31.5655574204012,-2.54655271188661,3295.71997059908,3306.45
2.15,-0.283445096870596,-0.0231115688500471,38.5754428710517,1.02445116486822,0.126094363338682,0.254902881680267,-15.189631786142,-35.473784391976,2.76357132434164,3296.07276252538,3306.45
2.16,-0.252998924628775,-0.00904940288828529,37.0077356292876,0.471919486695337,0.24876308542845,0.0469816441184063,-36.2002388611036,-7.70311046319659,1.79321202626982,3296.33559455193,3306.45
2.17,-0.274246513834439,-0.0253004116306753,38.0241436573935,1.15757438556381,0.0497641974164979,0.270877806094402,-4.55891416957488,-37.7676022661045,3.05189794918073,3296.4629107683,3306.45
2.18,-0.323030377860613,0.0783897895947433,40.4906060857416,-3.90571841164596,0.242970835469405,0.226845227511574,-33.3611215312145,-23.2761549161648,2.08381666907072,3296.54253620911,3306.45
2.19,-0.264608271097956,-0.0281856273038497,37.5146227422966,1.33464696982483,0.225329163399688,-0.141558238338705,-33.114941724383,17.6784851336764,1.11599682519864,3296.72592585309,3306.45
2.2,-0.329785694674212,0.022716180227166,40.7856207001918,-1.18538936731072,0.0718500259730394,-0.322664226439094,-7.28024036529468,40.1481021229595,0.150329635962763,3296.96704832715,3306.45
2.21,-0.295241656019663,0.0158826494254883,38.9928338728679,-0.84011345873229,-0.203906619025398,-0.214107413976343,27.7928620318823,27.3624506237539,-0.814743627329858,3296.97878472029,3306.45
2.22,-0.341293885082333,-0.0124381640466453,41.3353964232953,0.474202928916322,-0.331382748043104,0.0825935725032206,40.3480129371697,-8.99320398471852,-1.77863079528613,3297.07597889028,3306.45
2.23,-0.264559005374048,0.0649690795806905,37.4660384417234,-3.25991055151908,-0.162757443939237,0.218454716287915,17.5762273959114,-33.2476658405942,-2.74208332732444,3297.3299127636,3306.45
2.24,-0.322231133783263,-0.0281482596472042,40.3529065902961,1.26977008629528,-0.323447546224244,-0.00262924740739479,40.2907254637377,2.57426260566638,-1.47553461373377,3297.3006028701,3306.45
2.25,-0.323178272830607,-0.015471666890252,40.4950573527753,0.782505902446693,-0.197268475801109,0.256454122527294,25.5998704659025,-31.3864400278359,-2.43806969382809,3297.37384731594,3306.45
2.26,-0.237411261009005,0.000865364835949387,36.2122426836457,-0.148490744136014,0.0599955724945792,0.229707176621091,-9.1351539128308,-35.0413688755054,2.88247198539892,3297.27731413736,3306.45
2.27,-0.288819137201208,0.0231609771390689,38.8174596299377,-1.13700308301403,0.263342691362826,0.120845156218486,-36.0712966133511,-14.3857397711856,1.92099726251938,3297.43587344398,3306.45
2.28,-0.22440760437596,0.0252704589247422,35.5546594809295,-1.33592747541075,0.198289462957412,-0.108067839231131,-29.8857428692887,19.3070165011368,0.959662443901212,3297.58945808321,3306.45
2.29,-0.398934723683226,0.0184743461844674,44.2770831382445,-0.984693756824428,0.0186210755726245,-0.398927901721193,-1.00097907291949,44.2767179669103,0.000367806140633843,3297.67502068146,3306.45
2.3,-0.223757781977673,-0.0129761550516731,35.5570304630969,0.614745038483429,0.209764313470626,-0.0789611194809828,-33.7639433464845,11.1658612077765,1.26870156543201,3297.67962780376,3306.45
2.31,-0.377209797540776,-0.00885532383355708,43.2414183373762,0.289636435374056,0.106412921010199,-0.361997152423921,-12.8896863782551,41.276629394403,0.309378492656912,3297.68613641753,3306.45
2.32,-0.232689755146511,0.0471366115952373,36.1019327135944,-2.36192754366287,-0.103445492978447,-0.21369467069927,19.9892060106066,30.1555946789968,-0.650699521056962,3297.76177689232,3306.45
2.33,-0.292830751783019,0.00146012927710207,38.9371396266353,-0.207535836686164,-0.292680509418959,0.00949213219317748,38.9176627697476,-1.24877458646723,-1.60820289806137,3298.22488622496,3306.45
2.34,-0.260418105853719,0.0379598294937853,37.3149757691692,-1.88218121957224,-0.174085971287475,0.197364163698815,21.9654647430739,-30.2236394469259,-2.56352658953807,3298.40063367485,3306.45
2.35,-0.28691911693547,-0.0398680475909143,38.622668679182,1.88590602667334,0.142611664933671,0.252138759231078,-15.9604327553372,-35.2211834512367,2.76491361244273,3298.30229224325,3306.45
2.36,-0.352835572986042,0.0175360753746127,41.968297962984,-0.864514139451679,0.338645937240258,0.100595152440862,-40.5697335845419,-10.7787817255204,1.80988597297526,3298.49633060235,3306.45
2.37,-0.223503541031508,0.00221065573783671,35.5008280657677,-0.177581145890544,0.0107540042297793,0.223255618620092,-1.88140586280513,-35.4513841816928,3.08357023928648,3298.44351467061,3306.45
2.38,-0.401219620051656,0.00502683768746512,44.4233846454159,-0.340000602499286,0.337384841557276,0.217195583055695,-37.4704832636803,-23.8645257181141,2.13024565500595,3298.45321299331,3306.45
2.39,-0.241162630720488,0.00176264021717412,36.3554265408497,-0.120268766339232,0.223403032520245,-0.0908493611277473,-33.6223802917967,13.8299330098549,1.17725190013919,3298.68632345932,3306.45
2.4,-0.375298073960892,-0.0489244241381074,43.0157780924755,2.29496776035246,0.0366254209654714,-0.376697255279492,-7.42590325864819,42.4320633803654,0.226553580064736,3298.94242203949,3306.45
2.41,-0.251322481807001,0.0700812400373277,36.8280478070509,-3.50764445967371,-0.113866298888021,-0.234752712538841,21.7533383373468,29.9232509282468,-0.72355636407674,3299.04973116771,3306.45
2.42,-0.2713217669152,-0.00858298646431493,37.8451153998335,0.30164565448954,-0.269018474544373,0.036307426409089,37.6155005988412,-4.17347150776988,-1.67332486980489,3298.98171832451,3306.45
2.43,-0.331712729349878,-0.0144727224566307,40.9232924539633,0.73552866757916,-0.141026544874796,-0.300589933545236,16.4293141944563,37.4877913832394,-0.395074842125833,3299.05711563594,3306.45
2.44,-0.292363960361201,-0.039801485379666,38.9394446141406,1.88876510661762,-0.293854828743194,-0.0266492622941382,38.3742177291224,6.87511412004252,-1.3450502145602,3298.97605878363,3306.45
2.45,-0.308561449077141,0.0541422334459035,39.7455015763234,-2.69217498714303,-0.267135126323316,0.163647100748292,31.5753329484814,-24.2889079809585,-2.29412777068893,3299.2598817019,3306.45
2.46,-0.256116933623104,-0.0215760474268508,37.0781317412267,1.017890515328,0.0471802475208079,0.252656750859625,-4.73525779753513,-36.7886026931146,3.04102684891103,3299.32457586667,3306.45
2.47,-0.367007942583719,-0.0246460445829356,42.6358068028101,1.0907603492225,0.33021577728198,0.162048751513785,-37.4759261187854,-20.3606665265487,2.0940585701845,3299.50405984204,3306.45
2.48,-0.21638303682376,-0.0239940199380688,35.0522929645567,1.18236350268606,0.18746626201352,-0.110696577293697,-31.4780931379734,15.4657970348336,1.1478359345522,3299.66102897451,3306.45
2.49,-0.34677209322305,-0.0150677909327942,41.6617642973464,0.605373465749943,0.23787205006054,0.252774228832542,-27.6658550828798,-31.1555700306346,2.42998195827218,3299.46027268252,3306.45
2.5,-0.310747145562389,-0.0153571877450858,39.878898705256,0.768654169227881,0.308259584962392,-0.0421385805340458,-39.6634939132115,4.21006434304435,1.48432004216826,3299.65660063121,3306.45
2.51,-5.43327782653942,-0.367922471850431,32.548360278264,17.6957129896698,-2.64881597828638,-4.75811399598961,29.8816369097695,21.9002691903351,-0.440355160034094,2999.76952493476,1135.05
2.52,-5.24766130321836,-0.263330680501076,23.2709120679501,12.6193306202207,5.194655086473,-0.789208928718376,-21.885361811777,14.8934143883906,1.47016073343516,2665.37718052921,1135.05
2.53,-5.15396708111728,-0.20214727576976,18.5891804065832,9.6299674893752,4.02655625260383,-3.22352058143867,-9.23674086915303,18.7876693645337,0.934912472184879,2333.01815903694,1135.05
2.54,-5.1910182760321,-0.146033478613477,20.4443378431082,6.91498246630032,-4.59602817288455,2.41754452968849,15.308573094565,-15.2130050338764,-2.02690814575996,2003.28678322421,1135.05
2.55,-4.18786242760044,-0.148259376105603,14.7123843319339,7.13080448609373,-3.79641089979129,-1.7741016980592,16.3457093230803,0.347004430509118,-1.09825343235527,1690.1682780176,1135.05
2.56,-2.5602164920259,-0.0810110355848761,12.6944484308854,3.91735547777373,-2.16334014850631,1.37157962794313,8.93894066059616,-9.82802293291959,-2.10421692922512,1481.69584199663,1135.05
2.57,-1.58844025931693,-0.0327066784734653,13.1100138777545,1.54375748996623,1.48067249066343,0.576039199732233,-12.7067501443196,-3.57689136438013,1.96240544261909,1352.98331721155,1135.05
2.58,-0.961345594551584,-0.0684058165260266,11.5276188306666,3.33448461007464,-0.845388195426923,-0.46279964015883,11.4979591125702,3.43536311990852,-0.998883802274711,1273.87765097423,1135.05
2.59,-0.617227371686942,-0.0118932285981781,12.8338180091432,0.570189897491563,-0.496174650345466,0.367317020570261,10.1297182180446,-7.90068414974453,-2.18879266749648,1226.00819176117,1135.05
2.6,-0.442650560938511,0.0175868361848247,15.2417706034467,-0.919523145268475,0.187424952789522,-0.401398434199756,-6.74311869132826,13.6999067244064,0.397133483352694,1196.35952679671,1135.05
2.61,-0.267099282535937,0.00136820260343677,13.3580822043425,-0.101805667431848,0.0851149140618312,0.253178494572156,-4.22515476212973,-12.6726789515061,2.81215503233061,1178.34275174588,1135.05
2.62,-0.196040367988301,-0.00401350016478765,14.0422739258271,0.206373838291803,-0.181383620177393,-0.074484336580951,12.9600778150849,5.40966082079451,-1.16067679405687,1167.11981659414,1135.05
2.63,-0.130001628827405,0.011624509662795,13.3783624103337,-0.60647107123508,0.120257618192482,-0.0507312328782765,-12.0988811188283,5.74155585315809,1.08241184688311,1159.89205485369,1135.05
2.64,-0.113508192728516,-0.0267891174276572,14.1610535839807,1.31032919118095,0.0102576408146888,0.116174641957544,0.731161543525055,-14.2027393130658,-2.99788998383247,1155.61469112244,1135.05
2.65,-0.0990734938361109,0.0237009562574226,14.4348067477269,-1.18458881472874,-0.0563070737110522,-0.0848929087645623,9.75074215482519,10.709338165093,-0.82046165044837,1152.98304004295,1135.05
2.66,-0.0791271689245294,0.0180431030589017,14.0669460825296,-0.884693401246513,0.0811566880980921,-0.000504387702221207,-13.8972440886172,2.35122547714951,1.3403880455283,1151.06737092002,1135.05
2.67,-0.087122567259872,0.00885725012744703,14.9239386217317,-0.480763389841467,-0.0380470235462337,0.0788746892548137,5.54309449462905,-13.8646738456352,-2.7934619400168,1149.50731039567,1135.05
2.68,-0.00254445771050991,0.0253110981638472,10.9360038023484,-1.275665336696,0.0185749117129987,-0.017380984153804,5.62186415515512,9.46668604302521,-0.652014267284674,1149.08430684796,1135.05
2.69,-0.0883443332158995,0.0463105799938582,15.2467958210855,-2.30352825267331,0.091917573907101,0.038736941512748,-15.3862852014328,-1.01649049228389,1.48681644538643,1148.93235508806,1135.05
2.7,-0.102164289971513,0.00606197354444114,15.9713838492852,-0.341449056659424,-0.0527803853550445,0.0876842094701771,7.71418605959512,-13.9890322380589,-2.65901603171273,1148.5946572101,1135.05
2.71,-0.0651557488035055,0.0183868891855555,14.162067815804,-0.947572041341694,-0.0166523387242024,-0.0656204915486149,6.26001981938549,12.7386894716005,-0.523567953607296,1148.35802177143,1135.05
2.72,-0.0597150361076434,0.0312376427837853,13.9833638237075,-1.56032659259058,0.0584449410823317,0.0335539077591166,-13.9114711925162,-2.10714312791238,1.60999688199064,1148.07008026013,1135.05
2.73,-0.0886590194512114,0.0466885974455132,15.3458356996888,-2.31886499357677,-0.0886562083784303,0.0466939351248083,10.5937539280161,-11.3421420328315,-2.54027084096003,1148.07877050984,1135.05
2.74,-0.0288217732302895,-0.0279316018367861,12.3719830645983,1.36280338554857,-0.0370753349648243,-0.0153716794968235,6.1603351411419,10.8154273594335,-0.408047249129742,1147.78211835711,1135.05
2.75,-0.0507091839464093,0.0315922662764148,13.6277445610809,-1.59449908360221,0.0453918402730681,0.0388467947405567,-13.2339397241309,-3.62224909797061,1.72148765217505,1147.45630807775,1135.05
2.76,-0.0221387691274196,0.0273565120694418,12.1260182128389,-1.35311814328495,-0.0351788762226442,-0.000974945534160363,8.91427185297722,-8.33108658813518,-2.43351870296935,1147.55702419013,1135.05
2.77,-0.0962539153783957,0.0252691876648945,15.8472712442396,-1.28933915459644,0.0816889813297786,0.0568353622335435,-14.4368174601215,-6.66158411845175,1.92193336635054,1147.25132879031,1135.05
2.78,-0.0404029468593593,-0.0507988542691242,13.0972772914884,2.51402461637725,-0.000506069177959569,0.0649050506814612,8.76418420275781,-10.0522667832693,-2.23489949537364,1147.11170071539,1135.05
2.79,-0.0207918477456741,-0.0314499512769365,12.2168662809729,1.57592129064774,-0.0335461361408193,-0.017206310412828,2.91016656253119,11.969389300203,-0.110219150199237,1146.83804676867,1135.05
2.8,-0.096120673219909,0.029009332696101,15.7928491153207,-1.43462581178282,0.0743533180912087,0.0674708032599964,-13.6469559756199,-8.07668415865151,2.01459557693844,1147.11852251887,1135.05
2.81,-0.068321403259193,-0.00353542209835801,14.4196758638281,0.138904452648735,-0.0554733142076837,0.040037791691531,12.0374788349186,-7.94011648300702,-2.14426928491506,1146.78992301389,1135.05
2.82,-0.00968059795993463,-0.0180119503305944,11.5338570257743,0.886153870790437,-0.0182097630754186,-0.00930316399462093,1.1263033052932,11.5128870157839,-0.0208394507219448,1146.72381053866,1135.05
2.83,-0.0614542217806887,0.032131368305499,14.1156640093034,-1.59696516315976,0.0367326197044811,0.0588197318380462,-11.3649615629475,-8.5229054217805,2.10159624783469,1146.65510368739,1135.05
2.84,-0.0798109973322198,0.00245728691747685,14.9624906574949,-0.122556774456025,-0.0716117741050068,0.0353212027497914,13.2665198838997,-6.92030324542802,-2.05979381669818,1146.69807737863,1135.05
2.85,-0.0218904423956591,-0.00225552092858707,12.1575577395212,0.0820615813177766,-0.000906471061570224,-0.0219876591103168,-0.664965410040801,12.1396361270167,0.0614714395178473,1146.20195524165,1135.05
2.86,-0.0715431711050007,0.0260144004937758,14.6365263811527,-1.30736699594696,0.0437269759964083,0.0623147328889365,-11.2462674607423,-9.45825465769023,2.18096385486502,1146.19430365688,1135.05
2.87,-0.0631636900480235,-0.0065987470150898,14.169921294012,0.348126116224851,-0.055216981938362,0.0313732387277842,12.8411953711794,-6.00096348184961,-1.98339785233498,1146.32491261556,1135.05
2.88,-0.0515421862759773,-0.00808177867608367,13.5630467934818,0.367086744836611,-0.00103225482428479,-0.0521617346591779,-1.47177015176888,13.4879532776761,0.135745984284244,1146.11464841732,1135.05
2.89,-0.0731868951207927,-0.0208683758389167,14.6733836839294,1.02120817773745,0.0699459872019537,0.0299894915248711,-12.0279970856697,-8.46630621848777,2.25360769470886,1146.07253540727,1135.05
2.9,-0.029699420537872,-0.0274112889540966,12.5103714593475,1.3805924213647,-0.0188113356482341,0.0357710496566683,11.3266554510145,-5.48837915771043,-1.91210007894436,1145.97483434557,1135.05
2.91,-0.0278013956065597,0.0221522602837374,12.4048377488364,-1.08916109996241,0.0273334265957543,-0.0227271648888593,-3.58399432111368,11.9256553774982,0.204364468334453,1145.85435703574,1135.05
2.92,-0.0714830590157575,-0.0130199445658452,14.6193889458299,0.615474223454185,0.0612217213304712,0.0391311579190046,-11.1269275477508,-9.50246415495978,2.31968656725594,1145.60123679247,1135.05
2.93,-0.0199271955842647,0.0256011896955294,12.1304308455846,-1.29010381654801,-0.0262192055802295,-0.0191067343212199,12.0153137333846,-2.10806931701035,-1.85043157409411,1145.4232457347,1135.05
2.94,-0.0722120996891523,-0.0114718340446498,14.6435269843573,0.589178324357832,0.00766957973961531,-0.072714289273029,-3.23284519587855,14.2943599219755,0.262633490305311,1145.62663360909,1135.05
2.95,-0.0666700533730248,0.0147441618527797,14.2324479807327,-0.774667526379151,0.035472610147021,0.0583436393693468,-9.28604776375382,-10.8135101715387,2.37766750558455,1145.73730014771,1135.05
2.96,-0.0145476628838906,0.0323804620119543,11.7077088442487,-1.64654745876049,0.0354945038855646,0.000518661169342667,-6.44540608716471,9.91152386301874,0.436860470341916,1145.54645499074,1135.05
2.97,-0.00356988711873554,0.0404525462217203,11.0881232744116,-2.02055545084396,-0.0316086372335077,0.0254960122784219,-4.49769654095053,-10.3344011874905,2.55085168967888,1145.55348704838,1135.05
2.98,-0.0431873508501531,0.0884312613055217,13.0135503471416,-4.40649661684991,-0.0473780870607282,-0.0862586350228529,13.2098787266212,3.77740772221637,-1.61876627415523,1145.56640494785,1135.05
2.99,-0.0690201560811506,-0.0592054108626966,14.35986049479,2.92519020630992,-0.0194677899761442,-0.0888260534659277,-4.22273481902517,14.0332049732452,0.493248150417443,1145.31798339181,1135.05
3,-0.0171145949082924,0.0177353040573948,11.836593209024,-0.902820882404737,-0.00650032968369657,0.0237738529247248,-5.27202115789068,-10.6360621120964,2.60528538827696,1144.98824795437,1135.05
3.01,-0.0573818261857161,0.0232732624545704,13.7801351768687,-1.15327122246433,-0.0573115831753025,-0.0234457065499728,13.7766049447378,1.19470339497524,-1.56778928451719,1145.17583723768,1135.05
3.02,-0.0946258986659075,-0.0127291589422015,15.6632933915532,0.635544337056135,0.038001859162183,-0.0875896733977472,-7.55017997010303,13.7381752388479,0.543071255217545,1144.92650234302,1135.05
3.03,-0.010231840765395,0.0155097699297065,11.543154842354,-0.806840152143803,-0.00884493355988713,0.0163404614084795,-4.736432151792,-10.5575387859644,2.65009411138186,1144.57560778714,1135.05
3.04,-0.0104170747927368,0.00670608062838973,11.5463898162286,-0.338845011169998,-0.0101068808096195,-0.00716504884366341,11.5196999457179,0.854661857420033,-1.52607865740054,1144.69721006482,1135.05
3.05,-0.028491350015877,0.034875848657865,12.425684655984,-1.72659511694958,0.0447908218065553,-0.00467590924066446,-8.2629220779684,9.43943264191512,0.580965447763459,1144.56441187304,1135.05
3.06,-0.0314627419524761,-0.0227011668558989,12.499630825106,1.09985698954099,0.0341916594342718,0.0183351447476761,-6.46545748218935,-10.7539906875254,2.68804557487099,1144.54764630156,1135.05
3.07,-0.00589792933077689,-0.00121477822936769,11.2857842065354,0.0391264541886478,-0.00597783747342976,0.000725751802369767,11.250791948976,0.888896257590473,-1.48848580204509,1144.35361959712,1135.05
3.08,-0.0210298587078861,-0.023360293358677,11.9926206997244,1.17642195120088,-0.00687498549470491,-0.0306707162864629,-5.98285881501588,10.4600344289258,0.617339185772251,1144.50982076814,1135.05
3.09,-0.0238143975450836,-0.0193718647796347,12.1506780527002,0.989849551350778,0.0273877948173014,0.0138673490805248,-5.84988984170074,-10.695679880898,2.722387242777,1144.32939593709,1135.05
3.1,-0.0722677611734073,0.0521965626603432,14.6114315897064,-2.64979683141027,-0.0658398021992627,-0.0601018377833301,14.2136399889628,4.29974355195508,-1.45644113572367,1143.96205518288,1135.05
3.11,0.00896407999272431,-0.0209622239496589,10.6394791636801,1.03878919887751,-0.0221366591452462,-0.00545324535655616,-5.57210553611853,9.1230060708324,0.645631630830786,1143.82883481875,1135.05
3.12,-0.0588642040242324,-0.0188345806296027,13.9901858131553,0.956268792539979,0.0400273858831454,0.0470908093183929,-6.26396081963908,-12.5460170548355,2.74676881719076,1143.85429567792,1135.05
3.13,-0.0624130077689102,0.013694395779982,14.1926070400846,-0.701930745680076,-0.0600157275393535,-0.0219324522674259,13.970626995184,2.59699494174047,-1.43642171551414,1143.52246587647,1135.05
3.14,-0.0667535006401758,-0.0288715380825169,14.4359454831874,1.41359527916282,0.0444904853994241,0.0575342703776784,-4.94149505338454,-13.637316460514,2.89156809168133,1143.42599939801,1135.05
3.15,-0.0575413568819758,-0.0489770278068729,14.0484662084171,2.44834982145062,-0.0687490717664135,0.0313579676616746,14.1821446001102,1.49016582929557,-1.29356128212983,1143.30659937696,1135.05
3.16,-0.0276346028115683,-0.0136329918455381,12.4550137863011,0.701958516688349,0.010449365431911,-0.028988627102435,-8.4846948843129,9.1449476158268,0.804264328863106,1143.45669698552,1135.05
3.17,-0.0725007877680212,0.0397181213263272,14.6655200807,-2.026565930673,-0.0213724145049624,0.0798568299327276,-1.51269800310752,-14.7273960176324,2.90192226197704,1143.23655050093,1135.05
3.18,-0.0381343887369161,0.00219302981305287,12.9912141662051,-0.131701946775404,-0.0359546084793686,-0.0128960115227339,12.4227969359114,3.80303920622744,-1.28385907281006,1143.26346855071,1135.05
3.19,-0.072517520242295,-0.00850348218184466,14.6576461705368,0.43129354867022,0.0468599743009632,-0.0559932385187862,-10.3559887695657,10.3820085720637,0.813559459778178,1143.31944967686,1135.05
3.2,-0.0282061146337601,0.0158748446504158,12.4851937262964,-0.774921522648374,-0.00898087998920298,0.0310956490529975,-2.10990100804611,-12.3299993303187,2.91012710221738,1143.16698582144,1135.05
3.21,-0.0556367540078245,-0.0230395362943731,13.8426620427885,1.1168111617623,-0.0599201865758241,0.0059866409534346,13.5751936618401,2.92927920236892,-1.27776850397575,1142.86434532508,1135.05
3.22,-0.0581523222107814,0.00303520286575248,14.1257854636894,-0.165230941542497,0.0444269564020014,-0.0376450604966638,-10.3996949039514,9.56093416643738,0.815697631736098,1142.51731878154,1135.05
3.23,-0.023206151141177,0.0164356515737751,12.3060277296777,-0.807436239402007,-0.0106316631893959,0.0263746816335085,-2.05656166961543,-12.1598036934551,2.90853109958992,1142.79904901668,1135.05
3.24,-0.086241009917689,-0.0431121740036982,15.4584848122528,2.13993020614846,-0.094946764369747,0.0167715018607109,15.4279069375699,2.35026413484114,-1.28206356753991,1142.64392995956,1135.05
3.25,-0.00871166818890735,-0.0116004806072557,11.5554089407945,0.551585256230095,-0.00168898230023824,-0.0144087352582528,-7.98899036069235,8.3670637084134,0.809984826118052,1142.61179589598,1135.05
3.26,0.00849234890287172,-0.00183143803257936,10.7172531060174,0.0912056367314885,-0.000236343976383847,-0.00868437082810906,-2.63208599370085,-10.3894155720317,2.90198005880522,1142.57741365106,1135.05
3.27,-0.0409980061746481,0.0440536337459791,13.0433956943523,-2.18633844155777,-0.0270802171898657,-0.0537421714621865,11.9155923103424,5.73837145139541,-1.28806531975461,1142.89517930343,1135.05
3.28,-0.0421083773167687,0.00875777653842347,12.9336075339882,-0.475630225402225,0.0364730169971492,-0.0227932692098783,-9.67142213866255,8.60046636935116,0.80718520412386,1143.10224461692,1135.05
3.29,-0.0678990230803881,-0.0432388102199633,14.3507611289173,2.14005057853293,0.0581093739600526,0.0557061280514078,-5.48271418460636,-13.4336892411519,2.90212955841601,1142.67139389525,1135.05
3.3,0.0274657267759172,-0.0137671008775958,9.56724232383073,0.698636790648216,0.0225348504904904,0.0208825220525318,9.38233183757245,1.99801610049061,-1.28808101078408,1142.80799190551,1135.05
3.31,-0.107731302366707,0.032149549130836,16.3022816244325,-1.59325131761485,0.0999421396106889,-0.0514897635358763,-12.8560565808681,10.1501056700366,0.805056356685026,1142.65272055632,1135.05
3.32,-0.0388462961133385,-0.0308893447449284,12.9197272813183,1.51004506510385,0.0393843162089291,0.0302003638595845,-4.59669591036984,-12.1684007096197,2.89675839430612,1142.44682983953,1135.05
3.33,-0.0217074839866058,0.0403808893760757,12.1610721788306,-2.03398985624752,0.0414954563540537,0.0194925162511267,-10.9780794452706,5.61342702521132,0.932405212913335,1142.35068058709,1135.05
3.34,-0.0445246485802879,-0.00433607685451064,13.293283486416,0.230357883780483,0.00960622594826331,0.0436917190863128,-1.81138353356209,-13.1713074635429,3.02225215270504,1142.20706133128,1135.05
3.35,-0.0734173412423128,0.00982721320057751,14.7060129741282,-0.501764813444271,-0.0638290795221658,-0.0375836230522397,13.3553484729523,6.17683192982029,-1.1717036641527,1142.0761781373,1135.05
3.36,-0.0883487964716482,-0.0525032007196428,15.5306228439208,2.59399895638418,0.0380753290532433,-0.0954587096145923,-10.7355624816525,11.5185404764828,0.915726233560993,1141.83947066383,1135.05
3.37,-0.0164571897932134,-0.0240618468912204,11.8918352022516,1.20093485506377,0.0261010864077666,0.012982482814958,-2.82905570037334,-11.612684136228,3.00327675585047,1142.03525515273,1135.05
3.38,-0.0726054266329337,0.00429740826940865,14.6699116986968,-0.198644218766671,-0.0659026582664266,-0.030771014409715,13.5625809843863,5.59483385054228,-1.19308388620452,1141.91265096135,1135.05
3.39,0.000872600107264206,0.0154514015808456,11.0368121157241,-0.808372539507375,0.00900182076123191,0.0125886641365321,-9.10795396743945,6.28568710384376,0.893611434233814,1141.76141706423,1135.05
3.4,-0.0817010049646388,-0.00505522785961819,15.1377313062781,0.226149783193673,0.018147154784492,0.079820362779007,-2.66112366135969,-14.9037067095559,2.9798385838518,1141.78089984114,1135.05
3.41,0.0200103437900708,0.0431181022761236,9.98869650665651,-2.1512409849318,0.0337421463035261,-0.0334821170973778,8.61941376129686,5.48703946485796,-1.21603287557139,1142.03184600435,1135.05
3.42,-0.059208066071465,-0.0590054174998005,14.0213131413122,2.97172278189418,0.00718672005338499,-0.0832801623264688,-8.79800613727228,11.3147446505735,0.86976634637455,1141.64805816102,1135.05
3.43,-0.00716931101242321,-0.00378657070743364,11.3964055934495,0.154176122494998,0.00505166847039304,0.00634174926818177,-2.26713498088541,-11.1696879860451,2.95486861100732,1141.59140850486,1135.05
3.44,-0.0685566440766065,0.0130726081750917,14.4983829966077,-0.672357712091102,-0.0607003860370219,-0.0344437173734558,13.5103836194404,5.30327341034639,-1.24308488529488,1141.50348223507,1135.05
3.45,0.0272621285749846,-0.00365804867453026,9.70081658903573,0.197655058782393,-0.0227632252232779,0.0154415203907694,-7.10073371309757,6.61244967860268,0.841362309007907,1141.59858712457,1135.05
3.46,-0.0869361815289322,0.0554527069290209,15.4146429142369,-2.76661960632228,-0.0355059347635914,0.0968102833440277,-0.605549723256943,-15.6492399097267,2.92532761660943,1141.30036426714,1135.05
3.47,-0.00823036672040206,-0.019053066010657,11.5247847531603,0.921582221363469,-0.0134119236899055,0.0158391465582873,11.295252539124,2.46723478307628,-1.27594750475519,1141.17090430125,1135.05
3.48,-0.00233811570603843,-0.00999525042917314,11.3268589659584,0.493944328018422,-0.00524052311756859,-0.00882659241445636,-7.82416616368186,8.20512881538063,0.805216609856404,1141.0866803016,1135.05
3.49,-0.0603421353221567,0.0348101411915505,14.1584148523381,-1.72675024623719,-0.0184188437212124,0.0671838181483213,-1.90987242111477,-14.1348776039573,2.88592836099868,1141.04306321909,1135.05
3.5,-0.0965665689507586,-0.0261884518386134,15.8486153105607,1.27257316452779,-0.100050123377017,0.000953971104778597,15.6563171724969,2.77088114422001,-1.31550488381717,1141.11512000083,1135.05
3.51,-0.076845008807718,0.0209187099353364,14.8432169114386,-1.07691044476933,-0.0094292659241191,0.079081203507213,-1.11035684323238,-14.8407524090511,2.99448823356372,1141.25164937376,1135.05
3.52,0.0282893987181784,-0.0171924634032201,9.68539930527339,0.863849292526672,0.0203362021978127,0.0261210596622116,9.3604864015565,2.63334191267767,-1.20760357214095,1141.1432226614,1135.05
3.53,-0.0164138949841731,-0.0218693852138054,11.8886575740574,1.11485761700572,-0.001486347459831,-0.0273034197383758,-8.38976745562539,8.49675752625183,0.872563882281269,1141.09258063829,1135.05
3.54,-0.0643046570736432,0.0107042376922466,14.2807791708543,-0.5741583510071,0.00151076512520326,0.0651719818224629,-2.10673763764533,-14.1361935493564,2.9534667308418,1140.81842349067,1135.05
3.55,-0.0647825106851823,-0.0118301400152803,14.3289151873234,0.569765143752124,-0.065212375161572,-0.00916908006526702,13.7795101228372,3.97083662962469,-1.25048571163509,1140.93290638624,1135.05
3.56,0.000931992618231572,-0.00748006957651983,10.97757151887,0.383826522981056,-0.00573686751162346,-0.00488962189377613,-7.84008097744004,7.69334319518064,0.829794839060924,1141.06604016138,1135.05
3.57,-0.0908733955784505,0.0177899766731585,15.5680795681577,-0.873842092488989,0.00355475248355158,0.0925301087688205,-2.72475319716546,-15.3526682194865,2.90987258559331,1140.83110278019,1135.05
3.58,-0.0253971107619044,0.00848387336651967,12.3392479318623,-0.459682960664151,-0.0221249054432554,-0.0150823705523565,11.7472128835877,3.8041211095291,-1.29485789214781,1140.63262122018,1135.05
3.59,-0.0520518073899272,0.00337861186198742,13.6937722361718,-0.183058993611082,0.0391353846038322,-0.0344851756930739,-9.79579247409301,9.57054640319947,0.783661190936843,1140.63291676725,1135.05
3.6,-0.078793064917236,0.0341634725094897,15.0055382916396,-1.69823092348558,-0.0110777762959107,0.0851632127464446,-2.51132779807921,-14.8910510166992,2.86182389792636,1140.66681357425,1135.05
3.61,-0.0439382813457389,0.0205951311908381,13.2590475249746,-1.03599696274662,-0.0381770385347761,-0.0299540602439696,12.6858756666773,3.99301759900469,-1.34382970649998,1140.57797029423,1135.05
3.62,-0.0389649883760306,-0.018535787725587,13.0159458698153,0.895881840370258,0.0123232941640342,-0.041351930628435,-8.04990593961994,10.2672520920224,0.73365253228421,1140.47989073738,1135.05
3.63,0.00764318491451143,0.0656004425633352,10.7307567479856,-3.28661400072606,-0.0645161115263668,0.0141247192418204,-0.385008448021286,-11.2161820807777,2.81007189481453,1140.52047118482,1135.05
3.64,-0.0351365694876296,0.0567885248515686,12.7223876337795,-2.82444747817217,-0.0246726461100523,-0.0620546179111947,12.0330961909196,5.00412297222743,-1.39515290712528,1140.71962190894,1135.05
3.65,-0.0817087018395789,-0.0464696547467948,15.0743867891314,2.28772057458096,0.0155124133940348,-0.0927097934378461,-7.73781314574174,13.1376196556791,0.682890989129345,1140.38443823683,1135.05
3.66,-0.0517688009455636,0.0331849553214547,13.627793566478,-1.68781332658712,-0.0114863136153,0.0604095572782925,-3.51583487532747,-13.2741996536656,2.75945227560262,1140.3651256212,1135.05
3.67,-0.0319274861188115,-0.00600738088435566,12.6515930754036,0.303192892245046,-0.0324232364875814,0.0020461501965871,12.5932612035081,1.25080195703635,-1.44783768682946,1140.3330184719,1135.05
3.68,-0.0630934404928147,0.0485129977948098,14.2799516783844,-2.40982450792242,0.0762872614719136,-0.0226836268126473,-10.3224993278941,10.1572772789564,0.626284913736093,1139.99688973909,1135.05
3.69,-0.0303408557214546,-0.047154053316413,12.6375068747154,2.32349981482791,0.0556071341228387,0.00720547741110002,-7.51515843769834,-10.4224577261928,2.69870237082802,1140.0207254878,1135.05
3.7,-0.00855942571534577,0.0318778856800013,11.6127374224132,-1.61390435909286,0.0296533171609362,0.014496349380333,-8.84768942404111,7.69277255467273,0.717016212988382,1139.90120264221,1135.05
3.71,-0.0627047451935333,-0.00429915427439474,14.0954393317797,0.222652043139266,0.0255532875630743,0.0574229683313203,-5.04553390619175,-13.1633419574843,2.79135826996087,1140.46944661545,1135.05
3.72,-0.135869561536951,-0.0111444450483256,17.7075687593225,0.571980608280793,-0.135959079117657,-0.00999325838539112,17.5831289019555,2.17226407225269,-1.41558639615483,1140.44501166295,1135.05
3.73,-0.0744198578826123,-0.0472059036152346,14.6525250145013,2.32586553629967,0.0083596734029807,-0.0877315703951236,-7.14983609195753,12.9994608985017,0.660272436028291,1140.34403024131,1135.05
3.74,0.00155336366486921,-0.00460045472980627,10.89125566102,0.219868834756772,0.00361343377276082,-0.00324348867212517,-4.50201251813681,-9.91966105594022,2.73572873177148,1140.25846816653,1135.05
3.75,-0.0669189889136274,0.00143214714590055,14.3017265856714,-0.0588366807732059,-0.0664556795613182,-0.00799029265503433,14.2269646084808,1.46161661024339,-1.47253377258278,1140.17972411104,1135.05
3.76,-0.0642285345640345,0.0448147314419762,14.1917472297334,-2.25333496144843,0.0732818019651255,-0.0276304597718523,-9.88375107747303,10.4304684707678,0.601028237694666,1140.13994839652,1135.05
3.77,-0.0152187159233254,-0.0380229747403928,11.7632464971738,1.87280687341743,0.0408034585330549,-0.00352614438228126,-6.96748272346889,-9.66103297978812,2.67466670087241,1140.04712932737,1135.05
3.78,-0.0711662930207501,0.0552792537430897,14.5973287377269,-2.77326579290864,-0.0691580554883648,-0.0577719700008266,14.4896217378414,3.28996524748497,-1.53527214108173,1139.87927747578,1135.05
3.79,-0.0407743903199555,0.0436688400820765,13.0081078053306,-2.1680168554305,0.0583879068106739,-0.0126637608294735,-8.52285995559675,10.0634002175119,0.537552628625604,1139.9529222947,1135.05
3.8,-0.0407120027213306,-0.00823461066524359,13.0129982495458,0.37580674044623,0.0277511490393999,0.0309054963620193,-6.92592831774929,-11.0231969539805,2.60949164319059,1139.84789549584,1135.05
3.81,-0.0756462855167298,0.000816044126725006,14.7647673952998,-0.0687966437561351,-0.0756355593939257,0.00151281051797905,14.7598887822067,-0.385710192228605,-1.60158218491919,1139.84175567757,1135.05
3.82,-0.0647481249237649,0.0357255976540852,14.2747939154093,-1.78733027773173,0.0611970983570616,-0.0415156977727843,-8.06462560865568,11.9132743039568,0.470523711262482,1139.82500683105,1135.05
3.83,-0.065144567976709,-0.0217173719846173,14.1730493770604,1.10519704276773,0.0546677583645962,0.04155592831571,-8.90426054399182,-11.0820094438078,2.54254985124853,1139.98437856229,1135.05
3.84,-0.0341879234336694,-0.0231877923267259,12.6559157909956,1.12370926074687,-0.0317756983901602,0.0263968333993186,12.4870762229038,-2.34688184935882,-1.66801697568816,1139.82554424859,1135.05
3.85,-0.0733342640045714,-0.0301651547199855,14.6788639326556,1.48815147490034,0.0010509379612676,-0.0792890053271852,-4.39480229973906,14.0843655842879,0.403495717608534,1139.64633052769,1135.05
3.86,-0.0154799082301928,0.027597875319544,11.7820404851378,-1.37186880191057,-0.0121183542369733,0.0292303912316533,-6.20688639909781,-10.1080692138398,2.47498905069002,1139.72912954033,1135.05
3.87,-0.0515173540546187,0.0465746481338383,13.5336676780628,-2.31302114614107,-0.0585441403251941,-0.0373606644903938,13.7298685638049,0.0306082240691921,-1.73784018549274,1139.67647151588,1135.05
3.88,-0.101349427926163,0.00384893198893001,16.1797989950023,-0.231277510693127,0.0525079628156938,0.0867723150512975,-8.70263269632177,-13.6419781908102,2.55945581482892,1139.15949699897,1135.05
3.89,-0.0230480441302727,-0.0127593521188127,12.2966572318852,0.625908820103178,-0.0218727020443739,0.014683266326022,12.1981115443412,-1.67499721831608,-1.65640216816709,1139.16057401305,1135.05
3.9,-0.0473352681288319,-0.0190726693934794,13.4764542748377,0.967429290513094,0.00141682319282219,-0.0510135956256923,-4.49470428064562,12.7416000833286,0.410793623328287,1139.31161397877,1135.05
3.91,-0.0760333502147517,-0.0127480824103508,14.8483768806349,0.634346475323494,0.0568437404841902,0.0520804485175215,-9.63868893867159,-11.3124872147401,2.47861123385599,1139.05819991211,1135.05
3.92,-0.0586779185931064,0.0393021877776017,14.0910084573917,-2.00069581933208,-0.0644209411284428,-0.0289430896528134,14.2271960130293,-0.3823567896886,-1.73870605854868,1138.85736767775,1135.05
3.93,-0.0328999698416608,-0.015428793652553,12.7896113651588,0.765586906927707,-0.00403227271584896,-0.036113660378038,-3.38693882879508,12.3567361205886,0.327314809652426,1139.06042255865,1135.05
3.94,-0.0324627772139495,-0.0104995432531047,12.7302245124927,0.542606435388989,0.0297834740672033,0.0166438272477986,-9.05999160029458,-8.95932977877181,2.39320591447117,1139.05370288289,1135.05
3.95,-0.0715516459052969,0.0234909728898527,14.5924892805772,-1.21305721857306,-0.0751514034229429,-0.00487138610981188,14.4328504254123,-2.47084597192322,-1.82328682099157,1139.25252312367,1135.05
3.96,-0.00512990503947442,0.00572656715652046,11.3285450815972,-0.313237444662701,0.00679492414216241,-0.00359701306842529,-3.03673276436542,10.918438784018,0.243629502867113,1139.09662516865,1135.05
3.97,-0.0336266362323123,-0.0120057937452555,12.7489184346387,0.600719343200531,0.0329405094145486,0.0137772489004121,-9.82737428817741,-8.14361710681656,2.30985856720423,1139.04853365757,1135.05
3.98,-0.0416170471138011,4.05616000778361e-06,13.1339957750481,0.0185159491932952,-0.0392936842246126,0.0137107624507613,12.3942380287758,-4.34569344816276,-1.90661545338924,1139.07513901203,1135.05
3.99,-0.0928154923036675,-0.0461560184391125,15.6273287358325,2.27041264529327,-0.0307351102899386,-0.0989972052392852,-0.255350404908739,15.7893309917931,0.160446231655644,1139.0886027278,1135.05
4,0.0179297100194039,0.0458652401889485,10.2027083751583,-2.31580954772575,-0.0421892993424331,0.0253999562984747,-6.67073555366981,-8.05974684607827,2.22701340416723,1138.90993433298,1135.05
4.01,-0.012691551280534,0.0660383633069011,11.6869996782213,-3.29867074982303,-0.03849272309321,-0.0551402862799074,12.017087937587,-1.74836715102493,-1.99036781083615,1139.11460511977,1135.05
4.02,-0.10856715968253,-0.00195470013183159,16.4533042799436,0.113614296698392,0.00633209089293863,-0.108399970659871,-1.14171313895562,16.4140373170394,0.0763504134979633,1138.94797601686,1135.05
4.03,0.00274823351761964,-0.036377942779087,11.0263913480345,1.78590937523139,0.0172965139705913,-0.0321206804531136,-10.2496928818273,-4.44010971539765,2.14015957660489,1138.58873461374,1135.05
4.04,-0.0598585862934322,-0.0419259211255165,14.084732778149,2.08035375771367,-0.0318735130385302,0.0657640660380267,11.2899295880728,-8.67439099219406,-2.07928326772216,1138.79206703166,1135.05
4.05,0.00302587807204251,-0.00970703951940952,10.8674192502903,0.498323560070328,-0.00966279227605735,0.00316433243639355,0.653623990164869,10.8591852001696,-0.0142956333196837,1139.0092214017,1135.05
4.06,-0.0693058804505848,0.0597771140689364,14.3563345883715,-2.97605894713824,0.0337519407265387,0.0850729976469244,-11.3468210709408,-9.28498364318251,2.05218606897121,1139.12283260617,1135.05
4.07,-0.0723407460146789,0.0370356645568775,14.6099309034857,-1.89003233470641,0.041496122162971,-0.0698777205450036,-2.80185191662479,14.4627773635692,0.0627062862618612,1138.68658345312,1135.05
4.08,-0.0649031703730848,0.0528295916836164,14.446070173074,-2.6563766693885,0.0273664603346069,0.0790851701059667,-10.8833790503443,-9.86394144860854,2.12524726649888,1138.52051291857,1135.05
4.09,0.0164179140770743,0.0308050023277365,10.2557074545396,-1.52467674579348,-0.00121814873436966,-0.0348857017231272,9.64032864722527,-3.81683614342434,-2.0953690735135,1138.73749057405,1135.05
4.1,-0.0749718594946683,-0.033087025515213,14.7707988197835,1.63724607611663,-0.0354393214984284,-0.0738890077431256,2.10312773857823,14.7116935192214,-0.0316013236361369,1138.61812362478,1135.05
4.11,-0.0296172231930827,-0.0107807312459776,12.5828416519178,0.508687103959755,0.031323541843618,0.00349854287353868,-11.4990570212029,-5.13403878346247,2.03111984316631,1138.42749399318,1135.05
4.12,-0.0469125921812365,0.0126701476066674,13.480450303991,-0.639456740633071,-0.0455523272725287,0.0169206804116794,11.3470427867353,-7.30589250656686,-2.19024251241395,1138.3750193987,1135.05
4.13,-0.0300062920308532,0.0253570090177913,12.4073313276249,-1.25137058078981,0.0213581686429074,-0.032972474884217,0.327960670903913,12.4659632921916,-0.126819866271981,1139.02381485039,1135.05
4.14,-0.00824473258964674,-0.0254283442129969,11.2862537406643,1.23731108497036,0.016836664393486,-0.0207630209023291,-10.9762958196297,-2.90368598502473,1.93860746885658,1139.04257538649,1135.05
4.15,-0.0205111397936096,-0.0145564358197412,11.9965186614061,0.702601159280767,-0.00610436329652235,0.0243994554888282,8.65267531845821,-8.33914373397123,-2.27924440850957,1138.81492559685,1135.05
4.16,-0.0697841668698474,-0.0262674442111166,14.3545674341878,1.31451126608403,-0.04047481532294,-0.0626226627961214,4.33003866300364,13.7489021841091,-0.21378382532148,1138.93154962532,1135.05
4.17,-0.0199064693638022,0.0189249394713364,11.9498656120333,-0.927540445633987,0.0139091645797241,0.0236845096470223,-11.2295606229052,-4.19005819057912,1.85046036556885,1138.71487726846,1135.05
4.18,-0.0621158808435772,-0.055731983300225,14.121928348726,2.75075187645553,-0.00336531749175735,0.0833853179746274,7.87545913918667,-12.0404584430733,-2.3699755215853,1138.38166992493,1135.05
4.19,-0.00829108218478562,0.0270114731081228,11.4340886833259,-1.37202077278203,0.0232329903190213,-0.0160807302104715,2.15453758408548,11.3127712262677,-0.307620865779519,1138.55642353821,1135.05
4.2,-0.0501268216509446,0.0216711614946984,13.6183524735972,-1.07853679049894,0.0453481790574894,0.0304282787144588,-13.1949262831965,-3.53789288766638,1.75372762702692,1138.29834126305,1135.05
4.21,-0.0494131418367757,0.0258350587503755,13.5932107062992,-1.2749438320575,-0.0509900674073148,0.0225637291380251,9.46452154189766,-9.83990300072637,-2.46915650004274,1138.09296013618,1135.05
4.22,-0.0421497353254242,-0.0235233117243087,13.1686662185427,1.14056166271078,-0.0383409037883605,-0.0293244177976989,6.28165891131922,11.6299360360957,-0.408836503837321,1138.25629550772,1135.05
4.23,-0.0616131436402387,-0.0145506763230131,14.1570207127318,0.711244445921323,0.062587000632965,-0.00952727675986264,-14.1682180339024,-0.434398280813205,1.65164426868683,1138.26383915957,1135.05
4.24,-0.0534742380179629,0.00557051876079943,13.6805488538158,-0.268335057838676,-0.0336269624429783,0.0419494005645455,7.6302284226606,-11.3582144222993,-2.56966980050821,1138.45709092723,1135.05
4.25,-0.0356742260366299,0.0264400139360303,12.8091743474236,-1.31123915676679,0.0313690915398612,0.0314277717347866,-12.4741349804795,-3.1922174233142,1.71931481852227,1138.20959718058,1135.05
4.26,-0.0620891447080576,0.0602307891887147,14.0834517331799,-3.05018475233242,-0.0853674695462806,0.0139715782980436,10.8415969656404,-9.49247148949025,-2.50322878984541,1138.29473484263,1135.05
4.27,-0.0177623517573935,-0.0316275681630511,11.9929194674847,1.57387213882477,-0.0361881776387555,-0.00249399419560342,6.56176085260167,10.1612246002245,-0.442904382272608,1138.08312475649,1135.05
4.28,-0.0365394707658242,0.00186144123031788,12.9675453955257,-0.0782427085005635,0.0364207712255159,0.00348214167418315,-12.9512799662677,-0.653989863688328,1.61521596978322,1137.88892583133,1135.05
4.29,-0.0558618329160854,-0.0102295931385906,13.8714220055208,0.490986137714572,-0.0194720629931778,0.0533481744328281,6.60216316928208,-12.2093757960368,-2.61050175090447,1138.00063300555,1135.05
4.3,-0.0697122510940162,0.0468517505077205,14.5887774547951,-2.37767188592334,0.0033443760871676,-0.083926751556464,5.62444532925027,13.6693586521432,-0.551908723520017,1137.89506701397,1135.05
4.31,-0.0526598444718124,0.0118707053848758,13.8087456581302,-0.599522240061125,0.0533182088090203,0.00843454062339486,-13.8185788124482,0.296248496057603,1.50597231282689,1137.80009362905,1135.05
4.32,0.00145803085918547,-0.036084946500939,11.1122585214088,1.82522392069243,0.0335301193838379,0.0134156741190127,2.87525370518516,-10.8879129284776,-2.72060949696948,1137.71329893618,1135.05
4.33,-0.0650482820249901,0.0260425414902847,14.3816705852934,-1.34167361893749,-0.0195886419931478,-0.0672739033098284,7.8083188555401,12.1516539439643,-0.664157348822936,1137.82043393463,1135.05
4.34,-0.021231328881858,-0.0324770839463364,12.1586905397837,1.59906597030654,0.0151688566341032,-0.0357132481883267,-11.685889522902,3.71897212656232,1.39345228009905,1137.85921273769,1135.05
4.35,-0.0375595628980891,0.00267085483957771,13.029488175677,-0.133139280805958,-0.0139764533923748,0.0349644531094136,4.09271948712772,-12.3707289756055,-2.83230663413364,1137.69417014362,1135.05
4.36,-0.00790425445737473,-0.0141851018985037,11.5285808390933,0.730006755040454,-0.0156595624832024,0.00429795965925015,8.59781894531561,7.71482957747517,-0.77623746672355,1137.88063696019,1135.05
4.37,-0.0636370179077546,0.0187700577844741,14.1674448367237,-0.978429023109469,0.0663473389337668,-0.000125434573564228,-13.8596484020367,3.09579759138001,1.28208378624889,1138.03773906623,1135.05
4.38,-0.0681312638289875,-0.0193985111607953,14.5067992579133,0.946834148985239,0.00556883926662236,0.0706198228220174,1.93520554181757,-14.4082857802723,-2.94290382437892,1137.67376964903,1135.05
4.39,-0.00487712232475139,0.0137882548785999,11.3335632886085,-0.683130543732217,0.0049401969977417,-0.0137657817936842,8.34826518847822,7.69563463916504,-0.886255715020973,1137.86080893764,1135.05
4.4,-0.0894568430793482,-0.0164473986371475,15.5211290390016,0.839486661077599,0.0760153654019523,-0.049947051148792,-13.9724145790934,6.81041961478181,1.17129817296504,1137.91156674292,1135.05
4.41,-0.0110260116084251,-0.00365732893593655,11.6194445121038,0.147196543944196,0.00269103402917749,0.0113007664690751,0.857244186237692,-11.5887139061058,-3.0550873594107,1137.68062489252,1135.05
4.42,-0.0245695218294675,0.0204467770932468,12.3247966125677,-1.04047906120093,-0.00959178816460698,-0.0304914692370654,9.80005181058976,7.54600508399737,-0.99884173517105,1137.73395691311,1135.05
4.43,-0.0645178464886886,-0.0323678162069626,14.242618426539,1.62848931861652,0.0403376579413189,-0.0598590126326425,-11.6115050120109,8.40696785178111,1.05797523847145,1137.90174894738,1135.05
4.44,-0.0491093508759359,0.0131092238611425,13.5951618091607,-0.639350642712199,-0.031978679615072,-0.0395087856529901,10.6129523835428,8.52070628329899,-0.941307593630322,1137.47145653939,1135.05
4.45,-0.0431680098725856,-0.0486510369935212,13.193281938748,2.39921675945734,0.0172990487256776,-0.0626988308510713,-10.7843521500272,7.96973513225867,1.11425218982467,1137.8239381029,1135.05
4.46,-0.0333812003617968,0.010675742479374,12.6818260812705,-0.54668377324039,-0.0116838320152391,0.033041853527307,0.931282471807086,-12.6593952802344,-3.1112413798076,1137.81849835017,1135.05
4.47,-0.0261167318054119,-0.0228699827413535,12.3225067604414,1.15852536820535,-0.0340057582406804,0.00698055852077875,11.2859099165547,5.08080616096614,-1.05404276424561,1137.82046935261,1135.05
4.48,-0.0609702774086985,0.00899014930898816,14.0896771518492,-0.458816252108534,0.0562309022882021,-0.0252246534118155,-12.1235557813851,7.19367151127875,1.0027186416867,1137.56347604852,1135.05
4.49,-0.0118730261969916,-0.00999141308903568,11.622835887391,0.468447325148436,0.0109357943102653,0.0110093364647362,-1.42459829006032,-11.5447077344392,3.05909718823229,1137.62866325621,1135.05
4.5,-0.0323477970061794,-0.0365835734115259,12.6697195076361,1.82405896543131,-0.0441028303401055,0.0209685042552244,12.3702270831319,3.29035946718522,-1.1678381337764,1137.72322276495,1135.05
4.51,-4.86377472952627,-0.0179749700475234,4.47415938138567,0.722404253905797,-0.225364047629744,-4.85858402882594,0.912538241377373,4.43928418037486,-0.0426558278857812,854.550544782553,0
4.52,-4.07323982080477,-0.0497385633538994,-0.249129990747125,2.40332434938142,-3.82156897014666,-1.4104492790903,0.626960808348359,-2.33344248384537,-1.20501896366115,551.556987146147,0
4.53,-2.46119650216333,-0.00137036668866664,-2.11838825133388,0.0351749354593989,2.22913761471675,1.04328116767284,1.90322305720387,0.930885628851126,2.00909107942965,346.442369393901,0
4.54,-1.54787730100768,0.0517079751414873,2.2335422117224,-2.61096176908441,-1.22589512390454,0.946456020560446,3.38509237957696,0.589051570659265,-2.26165593146632,215.586075997375,0
4.55,-0.959717279476968,0.00514056921313827,0.725473294054199,-0.266308666946079,-0.789133112854087,-0.54621663483981,0.448328504476117,0.629470697134232,-0.970699006132963,142.131225352574,0
4.56,-0.572344778012045,0.0193064925372173,-0.226543016981797,-0.971934999947502,-0.049131175818071,-0.57055886035928,-0.992023906420645,-0.108940129227432,-0.119618213001009,93.370393110847,0
4.57,-0.298932150636801,0.0549286847485148,-1.97931876658782,-2.75714737272451,0.176996304784153,-0.247082778002231,-1.65179389036903,-2.96498589514823,0.439888638408556,62.1744173752706,0
4.58,-0.167729957616238,0.00497593354255596,-1.78509082954435,-0.255945814799043,0.126516118271624,-0.110235068893912,1.13672236171351,-1.39997135764163,0.824401032932185,44.2241311110026,0
4.59,-0.0946624180080208,0.0110136743474624,-1.47042020219421,-0.557588414903747,0.0896023800221185,-0.0324605591468951,1.06611730773329,-1.1560425154843,1.10740353707594,33.7661077712273,0
4.6,-0.135951038225539,0.0124342097061032,2.98722903847517,-0.628493782538045,0.134984396595099,-0.0204085041459296,-3.05087548264144,0.103443474495095,1.32953403900883,27.3371799021269,0
4.61,-0.0772081759517143,-0.00198133891881578,1.46656074452948,0.093272172844351,0.0769728433358592,-0.00634109820893523,-1.45894666701989,0.175996415911044,1.51425761830948,23.4261916361092,0
4.62,0.00566467427566469,0.024917177900416,-1.78265204259218,-1.25282050865791,-0.00825428752170313,0.0241830731438213,1.90454642480086,-1.05835270474931,1.67618137304173,20.8312867945907,0
4.63,0.0111951974601657,-0.0527658000707583,-1.45514548889443,2.63546653943329,0.00228240478689612,-0.053892047016866,0.753822812348227,2.91459833285921,1.82218986500923,19.1799749343837,0
4.64,-0.046178338856876,0.0349527200426914,1.78031440927598,-1.75492683742533,0.0295426574778936,0.0498132814328376,-0.984983596929882,-2.29762810619352,1.958378768288,18.073113886152,0
4.65,-0.0194413611645884,-0.00640086156245863,0.687373073506232,0.315000070513881,0.0200647023210254,0.00404292881984908,-0.753240964692348,-0.0658394692756162,2.08769004744976,17.306323556793,0
4.66,-0.0521445834004522,0.00159816329546935,2.53142596359284,-0.0853524107915054,0.0408525871883924,0.0324449969015332,-1.97859929207666,-1.58131188719164,2.21134964396207,16.4626975613103,0
4.67,-0.00713998892845611,-0.029739218138546,0.400151381412466,1.48315106095547,0.025662308858913,-0.0166387031171379,-1.31177078233283,0.799447066588878,2.33073638129973,16.0513540409618,0
4.68,-0.0453768323327182,0.000146393639724799,2.34206356224009,-0.0126948102792784,0.02891557983622,0.0349709534669067,-1.48848853958275,-1.80826567608623,2.44746926162142,15.7739793645203,0
4.69,0.000645908405948812,0.0151628739084132,0.104674927521354,-0.764234189416065,-0.0130432661395908,0.00775906896754476,0.582287636212712,-0.505916836483867,2.56238026579792,15.5885584713829,0
4.7,-0.0239021998628082,-0.00277714658480856,1.30424911669965,0.133748888853674,0.0132103293419865,0.0201125557826794,-0.704939363444446,-1.10544788097311,2.67610724265571,15.4022401144142,0
4.71,0.0213535350752662,0.0475681486918427,-0.956384012273936,-2.38604948356278,-0.0520177528997718,-0.00358547255437279,2.56956979650311,0.0722051095308412,2.78846949911717,15.2595208255274,0
4.72,0.0190404044831014,-0.0377578941993504,-0.86163990427924,1.88471708082307,0.032107707680288,-0.0275189150361459,-1.62391775752316,1.28742880043656,2.90006453532986,15.1098411911778,0
4.73,-0.0402036033744552,0.0627048168647799,2.03093985016277,-3.14362397062035,-0.0569492093503168,0.048010533601595,2.85307503970176,-2.422199653511,3.0112856243853,15.1716796466928,0
4.74,-0.0298552998613695,7.23232234833022e-05,1.57744379564121,-0.00871727135586863,0.000553904760729481,0.0298502487422967,-0.0243713799114763,-1.57727960586196,3.12061621048144,14.8172099851104,0
4.75,-0.0232655795237065,-0.0186298206343139,1.26784656281311,0.927517924173097,0.0165276223454858,0.024803126961043,-0.813294487985621,-1.34397785782043,-3.05418195494624,14.6621623412476,0
4.76,-0.0430530424598511,0.0552533517201374,2.33976084085989,-2.77034925918786,-0.062508458306528,0.0316099664900171,3.16898396019865,-1.76262771744569,-2.94785815808609,14.4266613853603,0
4.77,-0.0360774516777035,0.00790859722147489,1.9063901731666,-0.400709090628156,-0.0181873843548265,0.0321457225754588,0.944619883906581,-1.70369731542506,-2.84251379774607,14.2766702362211,0
4.78,-0.043154860587002,-0.0137861507141238,2.20711960665521,0.685153299721425,-0.0043014207477506,0.0450987552305708,0.238313922909664,-2.29869930098489,-2.73729158216783,14.4521515567344,0
4.79,0.0301433628087949,-0.021250745370086,-1.60873755988039,1.05885132978003,0.0332812707482282,-0.0158925617063455,-1.7105413053066,0.885014755801754,-2.63036751421235,14.7020959807562,0
4.8,0.0161577702257812,-0.0158385118699001,-0.924429787615236,0.787866614076931,0.0222741510805504,-0.00397419055443056,-1.17800309976696,0.295994815405317,-2.52278053047887,14.5992531652324,0
4.81,0.00180070809841709,-0.0135434282227586,-0.218260772008012,0.672755889293162,0.011328374497437,0.00763773061364036,-0.648183180766061,-0.283013807698774,-2.41620144738248,14.5705780655487,0
4.82,-0.013736217461703,-0.0127600619768826,0.475595728256428,0.633306876337316,-0.0015639076853399,0.018683068392553,-0.0748017906647413,-0.788462800939422,-2.30950653745257,14.5601280431544,0
4.83,-0.0130100656964252,-0.0132139009829817,0.512759190205728,0.655907308702394,-0.00267446116052392,0.018349829593601,0.0254893823079701,-0.832157843284079,-2.20369229920363,14.215742862494,0
4.84,0.00190736152593287,-0.0104658242415807,-0.146584464854855,0.518338194899133,0.00693715456249063,0.00806519631641925,-0.388541257083427,-0.37309138447853,-2.10087647763954,13.9120344193538,0
4.85,0.0366022131538704,0.0130276795449048,-1.8316464021462,-0.657517598306484,0.027848120231091,-0.0270910435694308,-1.3912470467182,1.36076801460636,-2.00047076303816,13.4077853567013,0
4.86,-0.0201563592603724,0.0182030355718443,1.06313155070315,-0.916636647791184,-0.0249876434942289,-0.010641757151352,1.30379000233859,0.52019522102407,-1.9027003439806,13.2268282093471,0
4.87,0.0193002880453919,0.0277377243074392,-0.952806847018275,-1.39396314392788,0.0122971292768653,-0.0314748007132478,-0.601334813973421,1.57777393052926,-1.80624571303121,13.1565007838002,0
4.88,-0.0192123149233942,0.0245076421995108,1.03249137813382,-1.232447555245,-0.0224402147143742,-0.0215910707114701,1.19416963120153,1.07653347103844,-1.71061106700322,12.8731337503026,0
4.89,0.025636019953522,-0.016212754677305,-1.07349107283371,0.805663699496208,0.0263761422239189,0.0149785865377029,-1.11049570832737,-0.753841072060998,-1.61824432886602,12.3846939866782,0
4.9,-0.0376677317662561,-0.0581282586506375,2.02927496891375,2.90356818968171,-0.0401754322238022,0.0564241713789463,2.15439574048545,-2.81198224122585,-1.5270207388863,12.5253512916918,0
4.91,0.0261900282047412,0.0331710524695933,-1.19142959698053,-1.66604050810326,0.0304110109737906,-0.0293497310184887,-1.40455667988119,1.49077697601059,-1.43597437234284,12.3983057155267,0
4.92,-0.00793461568127805,0.0183385847687545,0.602770244395221,-0.923613313474326,-0.00365955434591627,-0.0196435607596908,0.382376235057014,1.03449598124832,-1.34663076818736,12.0706666927507,0
4.93,-0.0490074592490185,0.00157581237313096,2.59904811321445,-0.0846103214238411,-0.0461468444674249,-0.0165735630562295,2.44701943360011,0.879946528420027,-1.25813835655306,12.0620030291833,0
4.94,0.00478571368424499,0.0243290695348152,-0.0439240655884863,-1.2234000211867,0.0138897518394819,-0.0205397534974267,-0.51728338999858,1.10952910273188,-1.17042481552341,11.9847340749208,0
4.95,-0.0187313189857026,0.0168227694685783,1.10703473977143,-0.847709035581556,-0.00868310184728701,-0.0236320042706224,0.581738179689401,1.2671689762455,-1.08388675848435,11.7838540849358,0
4.96,0.0502788115880115,0.050834546210734,-2.31063370018918,-2.55002993998727,0.0697987656104247,-0.0154997516888176,-3.32353221483892,0.892084305550406,-0.998419663498976,11.5296438172144,0
4.97,-0.0688694763721687,0.0256067606300426,3.58977604541437,-1.28737585002058,-0.0388426253275489,-0.062369555260597,2.05360151876602,3.21349489459202,-0.912978771026948,11.6884941078512,0
4.98,-0.0156244120409087,-0.0100818991914368,0.890663043839086,0.49894554614258,-0.0183257747196341,-0.00315165414593785,0.993375713904973,0.235440027820268,-0.827443129277661,11.6118143833944,0
4.99,-0.0220919967979539,-0.0577183713444754,1.34229008214488,2.88332525114618,-0.0574224279357295,0.02285019656689,3.03023422895937,-0.965912877108855,-0.744274175812615,11.1936759601646,0
5,-0.0270800747787812,-0.00703209612294039,1.57396453996777,0.346473395356624,-0.0222090209430413,-0.0170158812483577,1.24178209027519,1.02731953502193,-0.662960304834788,11.0093162800305,0
