t,iq,id,vq,vd,ia,ib,va,vb,theta_e,omega,r
0,0,0,0,0,0,0,0,0,0,0,0
0.01,0.000789972597889751,0.000445384594220467,-0.0382191566691428,-0.0222997473710541,-0.000736465511737004,-0.000529190601019675,0.0363125288994497,0.0252860221118298,2.70724130185356,-0.00230178294049221,0
0.02,0.000872685296606007,0.000492720754435223,-0.0424737217412382,-0.024669806979501,-0.00081422329658936,-0.000584289133952263,0.0402533983745176,0.0281474747403803,2.70722456423793,-0.00235439179372883,0
0.03,0.000902991469851358,0.000510372645835562,-0.0440190124334365,-0.0255536125046993,-0.000842999819034342,-0.000604338594952841,0.0417059235346522,0.0291766432232548,2.7072082048023,-0.00224785266837042,0
0.04,0.000883104281070402,0.00050023192112668,-0.0431627930857053,-0.0250458819872857,-0.000825439837635827,-0.000590554163987268,0.0408854179937757,0.0286130303700026,2.707193757671,-0.00200795731183315,0
0.05,0.000900478357777072,0.000510578970243833,-0.0440758681754005,-0.025563933744946,-0.000842146287170664,-0.000601948327254767,0.0417400371417643,0.0292226994532574,2.7071800406275,-0.00189350623761186,0
0.06,0.000899746945764173,0.000510869115755385,-0.0441201022923644,-0.0255784635400663,-0.00084210923272389,-0.000601152110539277,0.04177220363541,0.0292561827106859,2.7071674241788,-0.00173600517360358,0
0.07,0.000923660486999167,0.00052506565044407,-0.0453296902330649,-0.0262892675088971,-0.000865059037018522,-0.000616859380241866,0.0429264262834817,0.0300537573243145,2.70715606478326,-0.00167099947901071,0
0.08,0.000898249698975574,0.000511274353919326,-0.0441866946912205,-0.0255987575108644,-0.000841859851395978,-0.000599604850958425,0.0418192855945676,0.0293071275664328,2.70714541491517,-0.00146055496938832,0
0.09,0.000896497925532089,0.000510881646212374,-0.0441632174610289,-0.0255791023996171,-0.000840772008373854,-0.000598173065972549,0.0417918547554961,0.0292937046509271,2.70713585159523,-0.00133742666781818,0
0.1,0.00089556607612629,0.000510868547117881,-0.0441734472186079,-0.0255784413286985,-0.000840373098974487,-0.000597325977722878,0.0417958163115736,0.0293028981302193,2.70712713829978,-0.00122731808294669,0
0.11,0.000894737371028068,0.000510866371776146,-0.0441837586235985,-0.0255783215949025,-0.000840027040956985,-0.000596568506868234,0.0418002808563247,0.0293119699449396,2.70711919551376,-0.00112701079447848,0
0.12,0.00089398246213045,0.000510864664609666,-0.044193181774656,-0.0255782348714825,-0.000839712040955687,-0.00059587837384621,0.0418043809993303,0.0293202514274919,2.70711195497908,-0.00103557404605872,0
0.13,0.000936765882325235,0.000535345840344864,-0.0462744773363609,-0.0268039711271934,-0.000879932306109717,-0.000624375386868797,0.0437925500683233,0.0306918992480783,2.70710484652372,-0.00108184449805915,0
0.14,0.000985870897995582,0.000564286137607528,-0.0488800713815356,-0.0282529815699523,-0.000926858409347406,-0.000656729595520587,0.0462039492508193,0.0324451447752017,2.70709842265575,-0.00115629644800846,0
0.15,0.000894847208260059,0.000512372958426214,-0.0443564668635226,-0.0256537489005937,-0.000841455821147489,-0.000596011472804221,0.0419421858484838,0.0294357610997361,2.70709246216005,-0.000798464862310732,0
0.16,0.000891529621271114,0.000510901780405347,-0.0442291839372913,-0.0255801054543629,-0.000838727687730295,-0.000593617352054135,0.0418219483122721,0.0293511012771363,2.70708756792621,-0.000727884391653046,0
0.17,0.000890979241130478,0.000510859108086744,-0.0442308227770601,-0.0255779593069518,-0.000838459928070992,-0.000593132350710879,0.0418208219458223,0.0293533053951273,2.70708312315231,-0.000671481370194634,0
0.18,0.000890554056337596,0.000510856977199386,-0.0442359549083061,-0.0255778567781714,-0.00083828140841706,-0.000592744176449631,0.0418230083319345,0.0293578343561182,2.70707907187486,-0.000620311579860042,0
0.19,0.000890168918467581,0.000510856075738749,-0.044240748775343,-0.0255778123993099,-0.000838120647285142,-0.000592392111796968,0.0418250945840445,0.0293620469717803,2.70707537879973,-0.000573673524902987,0
0.2,0.000889818006704078,0.000510855283308612,-0.0442451259430333,-0.0255777708845245,-0.000837974197508439,-0.000592071321589915,0.0418269984568985,0.0293658940477337,2.70707201224181,-0.000531159124947647,0
0.21,0.000889498061415367,0.000510854561645426,-0.0442491117298163,-0.0255777293265812,-0.000837840669856299,-0.000591778840742371,0.0418287288122243,0.0293693985695148,2.70706894333173,-0.00049240356441426,0
0.22,0.00088920621931218,0.000510853903703131,-0.044252734429685,-0.0255777060178169,-0.000837718868632766,-0.000591512052733355,0.0418303149202336,0.0293725774032885,2.70706614575386,-0.00045707450532532,0
0.23,0.000888940465354492,0.000510853303843133,-0.0442560497034662,-0.0255776643741806,-0.000837607955040273,-0.000591269111864773,0.0418317477282517,0.0293754954374187,2.70706359551875,-0.000424868999676829,0
0.24,0.00088869809976532,0.00051085275694474,-0.044259065020049,-0.0255776438828955,-0.000837506801153797,-0.000591047552930952,0.0418330668363582,0.0293781419105078,2.70706127075801,-0.00039551088426506,0
0.25,0.000888477154595146,0.000510852258337743,-0.0442618118940005,-0.0255776233477328,-0.000837414586331579,-0.000590845576005584,0.0418342668673454,0.0293805534993829,2.70705915153668,-0.000368748412349091,0
0.26,0.000897415219241778,0.000515955577869506,-0.0446991173600953,-0.0258331398201826,-0.000845807573009498,-0.000596802968743627,0.0422501932651521,0.0296695698451793,2.70705726714864,-0.000373502551046812,0
0.27,0.000865830696393809,0.000498102875840629,-0.0432077336723524,-0.0249392812897446,-0.000816318388546272,-0.000575667923598069,0.0408116048427089,0.0286930115274176,2.70705530954976,-0.000250699026647144,0
0.28,0.000861027482662883,0.000495187308655917,-0.0427772938814665,-0.0247933027149297,-0.00081165260396822,-0.000572537201434351,0.0404980278269662,0.0283639643467157,2.70705368022808,-0.000215640955748461,0
0.29,0.000886937815373972,0.000510407105725861,-0.0442308245459207,-0.0255553293661361,-0.000836366746414869,-0.000589631043456169,0.0418011979208579,0.0293615488590944,2.70705239245251,-0.00028078286454718,0
0.3,0.000882852105335116,0.000508281565039996,-0.0440400946155588,-0.0254489136855577,-0.000832719042115286,-0.000586819381200685,0.0416243936866307,0.0292333198891729,2.7070517899415,-0.000260600529840964,0
0.31,0.000887428245936235,0.000510777483559734,-0.0442657802926496,-0.0255738742533486,-0.00083691026476491,-0.000589918416501982,0.041832789950454,0.0293853710918275,2.70705053792586,-0.000259500367258519,0
0.32,0.000887452533474164,0.000510847895786665,-0.0442742492546406,-0.0255773919369256,-0.000836985047858185,-0.000589909824855636,0.0418395804727572,0.0293915231184235,2.70704936852883,-0.000245189489367454,0
0.33,0.000887345664320246,0.000510849646336795,-0.0442758312060509,-0.0255774941668718,-0.000836942273468632,-0.000589811257972858,0.0418403705558372,0.0293928703700967,2.70704830165039,-0.000231730648413437,0
0.34,0.000887244510514655,0.000510849474036693,-0.0442770949269789,-0.0255774733702694,-0.000836900105267273,-0.000589718763789642,0.0418409123029384,0.029393984704993,2.7070473290709,-0.00021944891450632,0
0.35,0.000887151960333943,0.000510849266891672,-0.044278228781858,-0.0255774737054204,-0.000836861476695638,-0.000589634160332416,0.0418414160189641,0.0293949759438242,2.70704644247924,-0.00020825264896485,0
0.36,0.00088706791958044,0.000510849076634129,-0.0442792772888395,-0.0255774528684898,-0.000836826399544985,-0.000589557333998389,0.0418418622967375,0.0293959019593312,2.70704563427414,-0.000198046268175032,0
0.37,0.000886990969052831,0.000510848903150368,-0.0442802146537413,-0.0255774531624705,-0.000836794280350267,-0.000589486991717623,0.0418422788516251,0.029396721255314,2.7070448975252,-0.000188742265294337,0
0.38,0.0008869208870292,0.000510848744997389,-0.0442810709504592,-0.0255774534373401,-0.000836765028210629,-0.000589422927682438,0.0418426593457272,0.0293974697505811,2.70704422591459,-0.000180260858619902,0
0.39,0.000886857218956791,0.000510848600822191,-0.0442818609863004,-0.025577432550697,-0.000836738453950835,-0.000589364725325269,0.0418429910045314,0.0293981695363877,2.70704361368306,-0.000172529319841719,0
0.4,0.000886798894880647,0.000510848469389583,-0.0442825654631561,-0.025577432794258,-0.000836714109112017,-0.000589311410251067,0.0418433042187195,0.0293987850837952,2.70704305558118,-0.000165481350773943,0
0.41,0.000886745809493977,0.000510848349574005,-0.0442832103210731,-0.0255774330231145,-0.00083669195117604,-0.000589262883401665,0.0418435908698944,0.0293993486238249,2.70704254682252,-0.000159056514865878,0
0.42,0.000886697741074473,0.000510848240348446,-0.0442838128948564,-0.0255774120980583,-0.000836671888450122,-0.000589218940438089,0.0418438392096112,0.0293998845974054,2.7070420830453,-0.00015319971895031,0
0.43,0.00088665350325225,0.000510848140777678,-0.0442843397842596,-0.0255774123031466,-0.000836653422976135,-0.000589178502313021,0.0418440736472259,0.0294003447404694,2.7070416602721,-0.000147860740820696,0
0.44,0.000886613223550962,0.00051084805000833,-0.0442848209854923,-0.0255774124970357,-0.00083663660981319,-0.000589141682019727,0.0418442877412373,0.0294007650102707,2.70704127487751,-0.000142993798575414,0
0.45,0.000886576669139967,0.000510847967262258,-0.0442852664055903,-0.0255774126803851,-0.000836621352187868,-0.000589108265926258,0.0418444857602051,0.0294011542545666,2.707040923557,-0.000138557158034632,0
0.46,0.000886543141527334,0.000510847891830908,-0.0442856607484623,-0.025577412855166,-0.000836607357171021,-0.000589077618234268,0.0418446613546963,0.0294014984720556,2.70704060329814,-0.000134512774866867,0
0.47,0.000886513001067167,0.000510847823067248,-0.0442860399213515,-0.025577391884859,-0.00083659477750995,-0.000589050063777892,0.0418448105504427,0.0294018390163735,2.70704031135404,-0.000130825968362447,0
0.48,0.000886485177805296,0.000510847760382495,-0.0442863667393344,-0.0255773920441462,-0.000836583163694083,-0.000589024630198006,0.0418449561115785,0.0294021242560949,2.70704004522207,-0.000127465124040119,0
0.49,0.000886459915680501,0.000510847703238965,-0.0442866682776595,-0.0255773921961352,-0.000836572619283296,-0.000589001537076341,0.0418450903315697,0.0294023875532777,2.70703980261949,-0.000124401422557722,0
0.5,0.000886436749031495,0.000510847651147242,-0.0442869348132696,-0.0255773923421514,-0.000836562949016167,-0.000588980360495623,0.0418452091792778,0.0294026200009731,2.70703958146653,-0.000121608592579336,0
0.51,4.60220744941569,0.0538920781915506,9.89087619279136,-2.68997470543519,-0.63441696271889,4.55858891335506,-4.13775809770145,9.37786509296834,0.149990919216637,46.1702653764616,4439.61886849818
0.52,4.6045457284623,0.039656332650994,9.77553899298654,-1.96623410216113,-2.86251630181099,3.60685658324338,-7.672230288313,6.3689969030448,0.679458068536586,98.4268749750129,4439.61886849818
0.53,4.64070096330389,0.0149677624819016,7.96949703095395,-0.717288844178732,-4.63926091181935,-0.116566104800927,-7.94596593753375,-0.942874080628211,1.59914236133076,153.305476011295,4439.61886849818
0.54,4.5715342100901,0.019297566727484,11.4297476119164,-0.9346973445202,-0.945624040255897,-4.4727052892624,-1.40171215996536,-11.3819151560081,2.93746104235291,210.953979929894,4439.61886849818
0.55,4.56438600314128,0.012159221264386,11.7890354082421,-0.557255216264861,4.56093919842917,-0.177766871396342,11.8014920409525,0.129131096856802,-1.60708861640377,263.160625720383,4439.61886849818
0.56,4.51806486368182,0.0146011769058321,14.1071901287156,-0.684701808601813,-2.25676030390088,3.91409711651876,-7.67798324972222,11.8545435640272,0.526246886067253,319.450224039909,4439.61886849818
0.57,4.56425657956346,0.0448389304418093,11.7997129204585,-2.16872722198372,-0.418857211241086,-4.54521806851584,1.19410920816379,-11.9377848015277,3.0595224272292,372.054243497467,4439.61886849818
0.58,4.54351223347085,0.059086842117581,12.8391404882452,-2.87922594721854,1.35804212488958,4.3362098954774,0.919024371502821,13.1258852934428,-0.290506182477874,426.660097227328,4439.61886849818
0.59,4.49278092187287,0.0292795909189572,15.3780801018249,-1.38684814137831,-0.495038096922796,-4.46552068509197,-0.215387585990972,-15.4389864814109,3.03770253379095,481.258056175266,4439.61886849818
0.6,4.48874321245128,0.0862454368248711,15.582400581995,-4.2342652212995,-1.99016624063368,4.02436233922128,-10.9332680970339,11.8829229813394,0.47847306067342,535.353765904627,4439.61886849818
0.61,4.47948336525626,0.0214903802751218,16.0478846901733,-0.981015498102915,4.44773572243966,-0.532803903313453,16.0549477068267,-0.857699578918419,-1.68522288940058,589.108309862083,4439.61886849818
0.62,4.42948116808726,0.072643913385527,18.5506239175281,-3.52429260046115,-1.4328154261568,-4.19197095781432,-2.35804861986152,-18.7346174972856,2.82864022934264,642.463015021845,4439.61886849818
0.63,4.45465532979625,0.138605971100516,17.294641469002,-6.80278725896001,-4.40683236278019,0.665578131296398,-17.9789916180862,-4.70514595191043,1.4520008609649,695.803404180296,4439.61886849818
0.64,4.42826336317092,0.052133681065591,18.6170762002649,-2.50827235593996,-1.95340896231509,3.9744720102487,-10.6458708346978,15.4774801123753,0.468587989724489,750.104744741093,4439.61886849818
0.65,4.38705864722618,0.00929110685723522,20.680218103928,-0.324063739294748,0.545779905518022,4.35298681293676,2.20766012129614,20.5645976114777,-0.122611836900239,802.936682454704,4439.61886849818
0.66,4.37703909811556,0.0212914866140879,21.1842145923628,-0.952018495984298,1.41284161812812,4.14280136573305,5.83770506113451,20.3862327743793,-0.323801938734975,856.676880378499,4439.61886849818
0.67,4.37301795947059,0.048476777640647,21.3882992454348,-2.25385790417835,0.632647588063601,4.32728472614641,0.625663012271374,21.4976223303781,-0.134086210505353,909.284504594445,4439.61886849818
0.68,4.41532235152719,0.0729055518580848,19.2762188114019,-3.49133972522531,-1.83651689559817,4.01591737708457,-11.4556953024967,15.891164522411,0.445426243133814,962.743761350418,4439.61886849818
0.69,4.37412074072651,0.121636437681133,21.3395317874368,-5.94382902702238,-4.30126245902215,0.804281627312432,-22.0065554986896,-2.53302891665147,1.41374470970164,1015.99012395412,4439.61886849818
0.7,4.31921944326764,0.0512756868049662,24.0878715700297,-2.42221704418057,-1.61439709828884,-4.00649570125754,-6.47957934975537,-23.3261172001169,2.77042109068722,1068.99148804697,4439.61886849818
0.71,4.34569202957177,0.12419624020868,22.7676452916883,-6.06265409385102,4.23685526862241,-0.974433863693219,23.5146330969003,1.47765933421328,-1.76828372388663,1121.7692328241,4439.61886849818
0.72,4.29382551840417,0.075082189715501,25.3644635384609,-3.58300993338782,-1.45461181602912,4.04062858753187,-12.3567718653656,22.4388983652045,0.363036710316862,1174.3276759714,4439.61886849818
0.73,4.35601674363277,0.122411117782103,22.2584446841784,-5.90999933423929,-1.24449734579055,-4.17625342967665,-0.0458759235077455,-23.0296406243993,2.88007171072131,1226.68685507384,4439.61886849818
0.74,4.28210662590613,0.0919356350157124,25.95752995724,-4.38040549337917,2.13487855437302,3.71310959637513,8.60888405804616,24.8770663270925,-0.500335580882577,1279.41815730632,4439.61886849818
0.75,4.2977006642714,0.0491534342559303,25.1814787374415,-2.26670155168506,-1.53348969071001,-4.01510353892202,-6.58833012142036,-24.409807732545,2.78819664045125,1332.10307676278,4439.61886849818
0.76,4.26170323704988,0.134066636505072,26.9850966890296,-6.45403250813885,-0.620950585299255,4.21835379198115,-11.1199279147954,25.4204087713424,0.177600601986199,1384.24098007294,4439.61886849818
0.77,4.25086875328805,0.139677636132503,27.530669689904,-6.7646120374587,3.70969325610554,-2.08028145819775,27.5551808938444,-6.66406448794159,-2.04902317808449,1436.62638133128,4439.61886849818
0.78,4.18395868435227,0.114104149718116,30.8801123527237,-5.52512220346016,-2.93947237122337,-2.97960269300525,-17.0420716330583,-26.3377316550556,2.39023927362112,1489.03139192323,4439.61886849818
0.79,4.21934762569478,0.151328475168338,29.1146099018393,-7.38505678094866,-3.28834333529574,2.64813005780854,-27.7386701027916,11.522402280888,0.928677016327034,1541.07286108661,4439.61886849818
0.8,4.14801446608285,0.0772438699560909,32.6852884299637,-3.58078009959954,1.08639125639269,-4.0039661167787,12.5826114897983,-30.3780834479136,-2.85802299841029,1592.99745087842,4439.61886849818
0.81,4.17443851403668,0.18970801394996,31.3681836126913,-9.20159249446796,-1.85469771045072,-3.74459910282509,-4.20950290219737,-32.4177780378322,2.72712649645002,1644.98319281614,4439.61886849818
0.82,4.09053275876463,0.116090791089538,35.5676349022944,-5.61135830056375,-2.81970685964192,-2.96566831388654,-19.591988378582,-30.2108918420778,2.40979126741717,1697.02379254735,4439.61886849818
0.83,4.17585799356127,0.163564139367055,31.3055222725174,-7.97093502562795,-2.716718120759,-3.17552922556479,-13.1494057197941,-29.5070272842608,2.47305357356335,1749.03683272624,4439.61886849818
0.84,4.11025507724463,0.17085061028662,34.5899414568772,-8.27862165984764,-1.08471810027425,-3.96822042910774,0.342410273811728,-35.5651849676264,2.91630289424803,1800.60725369285,4439.61886849818
0.85,4.10923011553618,0.161464252269014,34.6455486900446,-7.75421235158885,2.17606644813058,-3.48949533034659,25.886213037079,-24.2970333132823,-2.54472430948147,1852.2153191459,4439.61886849818
0.86,4.10587271308006,0.148948573798998,34.8178372972021,-7.19758436188042,4.03411917926614,0.778626265373342,32.3058503838499,14.846516280836,-1.34386958834557,1903.98714412629,4439.61886849818
0.87,4.03942913271556,0.17465706648188,38.1444733699942,-8.44042710742153,-0.770488463596791,3.96911077403585,-17.088270425493,35.1316477310005,0.234947652124261,1955.42899243464,4439.61886849818
0.88,4.07255795754279,0.210662690479599,36.4925569084393,-10.2186505543252,-3.43592740656949,-2.19647671134703,-23.7490956789319,-29.531474451846,2.19127099418967,2006.7798271391,4439.61886849818
0.89,4.10241820218847,0.146325523044302,35.004112121613,-7.04254419465454,4.00267236174476,-0.910966645309303,35.7035988467631,0.371918735114787,-1.7589212264564,2058.32649500913,4439.61886849818
0.9,4.00444896772831,0.128307395768735,39.9071535668172,-6.17160676204589,-3.18386609380432,2.43209190197914,-36.0601313702965,18.1751633111733,0.950501238370594,2109.6866979184,4439.61886849818
0.91,4.02121118818932,0.168698372775249,39.0736005711858,-8.19389186941107,3.03015148438392,-2.64892063729398,35.5993488214689,-18.0713167492453,-2.24723843640971,2161.00258399877,4439.61886849818
0.92,4.04248568013607,0.164431040177468,38.0144579761492,-7.96356087785719,4.04309230409464,0.148770499930916,37.284524335526,10.8803291379131,-1.4933633882064,2212.16707489094,4439.61886849818
0.93,4.02379331435485,0.197387480853947,38.9536650131079,-9.57370769922676,-3.02094607788389,-2.6652878360062,-21.2344006888652,-34.0315166345607,2.34274440585879,2263.21674270493,4439.61886849818
0.94,3.99601890488521,0.249047593717213,40.3469147217394,-12.0926767215924,-0.826858771051485,3.9174604484119,-22.4256417530984,35.653849018275,0.27026029673142,2314.16490387578,4439.61886849818
0.95,3.89873191626526,0.198389507027557,45.2157692893694,-9.65632099097428,3.88733529604163,0.357901170091631,43.3836696399885,15.9864797900774,-1.42814484656983,2365.28271231264,4439.61886849818
0.96,3.96057382316747,0.197700402268407,42.1281300435545,-9.57240927368797,1.3177160040267,-3.74016777572189,24.8211482328988,-35.3598778373186,-2.75298153786031,2416.20737696729,4439.61886849818
0.97,3.8392276779674,0.269227477568732,48,-13.1272952199146,-2.27701937276341,-3.10279476827087,-14.5214801968332,-47.5967697715273,2.57851173068968,2467.00211479053,4439.61886849818
0.98,3.99045606364015,0.237239925849717,40.6427447325696,-11.4925588105502,-3.72876192062107,-1.44095694508402,-32.2026313242808,-27.3295104823196,1.99894391960809,2517.69222548347,4439.61886849818
0.99,3.94572122687828,0.172522569523452,42.8837491155004,-8.33395426771265,-3.88836400856084,-0.692174381324185,-40.0338299271523,-17.486085705536,1.79065885360799,2568.37988163529,4439.61886849818
1,3.85395617552803,0.247967436986861,47.476246523447,-12.1439922955423,-3.66881378677511,-1.20593177695313,-39.5322579042505,-28.9598190225894,1.95262174712531,2618.88000132918,4439.61886849818
1.01,3.75818869126754,0.18540025178125,48,-8.99504043670094,1.01116057406112,3.62434956730117,1.83247587516795,48.8011555664906,-0.222780345598735,2669.17652538242,4439.61886849818
1.02,3.76953716962322,0.264915188229194,48,-12.9608075003585,-2.15597668045082,3.10344245693034,-40.1818781325157,29.2813797626582,0.677325907961007,2719.30691406437,4439.61886849818
1.03,3.78058728529879,0.108273320258482,48,-5.143947144589,-3.55875099645193,-1.28056810787052,-42.8016835046029,-22.3265779150798,1.94483851976833,2769.50866280487,4439.61886849818
1.04,3.80073417624453,0.197268358877208,48,-9.56965830700875,1.43132933208167,-3.52644175154077,29.0018460585764,-39.426783857012,-2.70416726804875,2819.44487519651,4439.61886849818
1.05,3.82859496290765,0.204056104399373,48,-9.81344927912616,2.63547241252231,2.78461190232649,23.6162000555637,42.9252708982666,-0.704641494481229,2869.03607625217,4439.61886849818
1.06,3.76607825102214,0.261197392016427,48,-12.6124988914023,-3.77445984215457,-0.0708686840617482,-46.7054933117007,-16.7830874035831,1.65881436029497,2918.57762133567,4439.61886849818
1.07,3.77829405442778,0.212319067420766,48,-10.2838444720358,3.5093521760562,-1.41599175581086,48.7575534251874,-5.69723100418265,-1.89817310692875,2968.11822953759,4439.61886849818
1.08,3.73482036278097,0.330701986544654,48,-16.0827535763347,-3.34426091352589,1.69533651184976,-50.5388155152603,2.91257427572057,1.18992817940322,3017.34350190503,4439.61886849818
1.09,3.84377455138267,0.154260127244928,48,-7.29048621241444,-3.65056897441967,-1.21315504026451,-42.3322630035433,-23.7724777465926,1.93174503506418,3066.52140939862,4439.61886849818
1.1,3.76233470075981,0.137100231191343,48,-6.5308871403209,2.06013266635369,3.15116046417134,19.1924809778895,44.4780975397213,-0.542596500657771,3115.69103305713,4439.61886849818
1.11,3.70795338648094,0.0645939250284417,48,-2.93282357976236,1.66718410609177,-3.3126406155605,24.9185890586383,-41.1298598766969,-2.65790627978976,3164.53117466307,4439.61886849818
1.12,3.67169182785785,0.18514339321538,48,-8.96215245793309,-3.56518911818324,-0.897232136293181,-43.2773587413727,-22.6139425366247,1.86772299563701,3213.23152332529,4439.61886849818
1.13,3.65924818297795,0.0700327780496329,48,-3.19799603621873,-1.58535902430464,3.29873288077174,-24.4714534432447,41.4170875970629,0.46714078649461,3261.86647618995,4439.61886849818
1.14,3.66801600237046,0.119610621899002,48,-5.68125329827604,2.10422825177653,3.00680421027747,21.4668155630399,43.3064945316704,-0.578009078849256,3310.31254522236,4439.61886849818
1.15,3.76531666556086,0.12811793887284,48,-6.05637748318315,3.63252044248679,0.999409342125126,44.0163406287355,20.0808731352483,-1.26829811218612,3358.73083290759,4439.61886849818
1.16,3.70212561040077,0.181593661202933,48,-8.63178812488418,-3.47896443830117,-1.27887322671569,-40.8153974185834,-26.6947766388105,1.97207699497569,3406.97721779343,4439.61886849818
1.17,3.71710057718076,0.395592037026575,48,-19.2748573579856,-3.55608216353363,-1.15221933972416,-35.9923278641881,-37.1493265226637,1.99016169747846,3455.14714757964,4439.61886849818
1.18,3.76892074759854,0.405752367083198,48,-19.914475526548,-2.93977480756381,-2.39314075346302,-19.6143292740651,-48.1234290406038,2.36129370293929,3503.31772067026,4439.61886849818
1.19,3.63897729642885,0.200706459899235,48,-9.51257635183888,-0.407713277004156,-3.62163067287713,6.76229590952507,-48.4640120386415,3.08458620036821,3551.23502196269,4439.61886849818
1.2,3.70229498804402,0.111151862152963,48,-5.09126911024199,3.09206860462794,-2.03922893742467,43.519596538669,-20.879792581929,-2.12380974524665,3599.16969896237,4439.61886849818
1.21,3.82272238072761,0.439414866337307,48,-21.6207988561165,2.79451271675126,2.6451825080303,14.3047723410026,50.6639164637786,-0.698397361091788,3647.03560908034,4439.61886849818
1.22,3.60170925109746,0.0225968824376064,48,-0.803684672977823,-3.1613892824481,1.72581515619698,-42.655146580318,22.0269012633453,1.07737710162039,3694.79357599698,4439.61886849818
1.23,3.77967336865177,0.440750711861048,48,-21.5497287780418,-1.4083710688496,3.53506476547869,-41.7714255218089,31.9927932554058,0.495213119312249,3742.29012776758,4439.61886849818
1.24,3.57368268937262,0.163171393528647,48,-7.62777715556139,-0.773713840724328,-3.49273528350764,-0.718256255837985,-48.59698645272,2.96921961433745,3789.85804736007,4439.61886849818
1.25,3.88594097916704,0.538992144326422,45.9786161554075,-26.5797977041508,2.30980776920451,3.1710941163166,-1.72295522579962,53.0806011161306,-0.491705880259431,3837.36974685947,4439.61886849818
1.26,3.61881687658309,0.0876884926290533,48,-4.04173267645464,-1.69378664431536,-3.19915796132686,-17.8088458899275,-44.7569057363971,2.67889191699999,3884.94656347552,4439.61886849818
1.27,3.7772170996972,0.483449932765857,48,-23.7447879252515,0.809108627188625,3.7210799622079,-19.4938509081505,49.8778982154017,-0.0868074883856617,3932.10959312909,4439.61886849818
1.28,3.69017353064425,0.0953660052902151,48,-4.18255042829496,-3.19095520329924,1.85587721893718,-44.1108504739882,19.3836683459732,1.06984945931056,3979.34988023171,4439.61886849818
1.29,3.32322240569762,0.0220546601793422,48,-0.791417756078876,2.81795649618404,1.76165114349591,40.1074146146419,26.3822219495222,-1.00545128346638,4025.32861531163,4439.61886849818
1.3,2.88353089956013,0.394825572830529,48,-19.3169694257759,0.70042665143478,-2.82489649149112,35.7103952743489,-37.4421283736131,-2.76246833365827,4066.05639537239,4439.61886849818
1.31,2.68607260891617,0.496212178989394,48,-24.6124309085467,-2.61666594415572,-0.783755015067066,-31.4869788026689,-43.7988803636379,2.04449235864977,4102.03001742435,4439.61886849818
1.32,2.09672465557838,0.178659387181134,48,-8.57484995909172,-1.40582459370447,1.5658322610273,-40.8549245938879,26.61584468411,0.816608982596901,4133.81928891828,4439.61886849818
1.33,2.04032291761902,-0.0827767177664313,48,4.42545013366784,0.308913505587293,2.01849994779077,13.5226281479731,46.2679493478717,-0.192410982608571,4161.85838224368,4439.61886849818
1.34,1.71954406107115,-0.10593629874278,48,5.40767549512606,-0.84447705905627,-1.5016366984341,-30.5981026328654,-37.3764507347772,2.5677716913652,4186.69993306856,4439.61886849818
1.35,1.37770157128017,-0.0557838759527361,48,2.79264194405723,-1.27380148929915,-0.527828784913659,-46.0146080288405,-13.9447013944319,1.92316295188139,4208.58127562421,4439.61886849818
1.36,1.15764093197755,0.185886894603765,48,-9.08715673948422,-1.1199895321016,0.346857193897035,-48.800950718827,-2.24580198293791,1.42968204761932,4227.9782819903,4439.61886849818
1.37,1.01257746337729,0.219281361544219,48,-10.7902438784923,-0.783187781526525,0.678243565194565,-47.2910157332989,13.5642616411739,1.07034879365368,4245.19146735869,4439.61886849818
1.38,0.907389295928886,0.281233879807822,48,-13.9471722818448,-0.479160210967582,0.820276369124201,-44.8162442303831,22.1365730803599,0.829228271486555,4260.34302033145,4439.61886849818
1.39,0.803809179062874,0.331100329663946,48,-16.5022054194001,0.58382114766421,-0.644119159930327,50.4361053938632,-5.70281127192602,-2.01452531287448,4273.67035573775,4439.61886849818
1.4,0.708617378919152,0.297219024115966,48,-14.8553562746076,0.486557958390789,-0.594759691917067,49.362317185834,-9.38313658062368,-2.0587794799152,4285.5835617158,4439.61886849818
1.41,0.593468175667413,0.326515013406676,48,-16.3651907695124,0.392348940126534,-0.552158345668663,50.3395881752484,-6.14372291602814,-2.02082346019693,4296.12251141866,4439.61886849818
1.42,0.503461359992791,0.297020260145643,48,-14.9174213450585,0.375939734348411,-0.44762003092,50.228502390251,-1.90447032493363,-1.91001107307507,4305.46386569896,4439.61886849818
1.43,0.427362632779873,0.312315378745984,48,-15.7016428970364,0.370591080204288,-0.37794439666545,49.9204311441889,7.64801569325976,-1.73492021480101,4313.71296471265,4439.61886849818
1.44,0.409444536052963,0.274943967772067,48,-13.8316178455183,0.427193659967576,-0.246464176710086,46.948299241173,17.0637290937749,-1.50274110697493,4321.04067351392,4439.61886849818
1.45,0.322563522449704,0.280859722290787,48,-14.1339588930755,-0.426680276271384,-0.0295525203898807,-23.9403704893477,-43.9389059356729,2.35634326709383,4327.62787897288,4439.61886849818
1.46,0.228083937458554,0.307778028393415,48,-15.4829504792338,-0.376823157657479,-0.0689485688131515,-7.27568680501184,-49.9077763185035,2.68480505277175,4333.4295388199,4439.61886849818
1.47,0.17240718935599,0.296421552955975,48,-14.9035119921415,-0.310477501894199,-0.145580550953766,10.610192144528,-49.127777197387,3.05324456155263,4338.5680296811,4439.61886849818
1.48,0.0949780183515206,0.261584458468607,48,-13.147587682892,-0.219186968206864,-0.171476895967298,27.396315148141,-41.548778299525,-2.82600440451946,4343.13675086882,4439.61886849818
1.49,0.0938583958689187,0.249159793505332,48,-12.4982973573532,-0.118038840199541,-0.23865630806466,41.8959500492667,-26.5506460618602,-2.39037259521865,4347.18938919121,4439.61886849818
1.5,-0.0211599450693945,0.167959030524594,48,-8.42432930191094,0.00790026138680814,0.169102232629027,-47.1898766535304,-12.169012515879,1.64943395980442,4350.865483164,4439.61886849818
1.51,-0.089278115661727,0.177978225879891,48,-8.91346162467346,-0.0204444778640953,0.198062753056517,-35.6745403005008,-33.328320877033,2.13860008438694,4354.14294205131,4439.61886849818
1.52,-0.111128298191155,0.178860020580508,48,-8.94529702648806,-0.105325582871269,0.182337399382983,-14.7454900375649,-46.5466310536452,2.65055779857024,4357.11262155736,4439.61886849818
1.53,-0.206956339493109,0.115460169977198,48,-5.78451667880291,-0.123906065340714,0.202013029974141,7.76129863509398,-47.7202564610065,-3.1002952088333,4359.71662922308,4439.61886849818
1.54,-0.263963161467288,0.0340678736334773,48,-1.82940855845418,-0.175482962326688,0.200107222655162,28.2867136142895,-38.8227841425228,-2.55001576047055,4362.02839147825,4439.61886849818
1.55,-0.209827810391089,-0.123005211728638,48,5.88877624359563,0.212463128529687,-0.118395148301371,-48.1171182285181,4.83948540962214,1.5926290486393,4364.14818224135,4439.61886849818
1.56,-0.181599984685443,-0.163996832083905,48,7.94830567124182,0.242582732002832,-0.032048923622363,-44.0390924348504,-20.6817286646497,2.17394823526978,4365.94447508328,4439.61886849818
1.57,-0.16023171149495,-0.210672368919361,48,10.3123520819917,0.254616333564096,0.0723019437987181,-27.1175935217637,-40.9265284021423,2.76804008918038,4367.62894851648,4439.61886849818
1.58,-0.114351263036516,-0.224545798238255,48,11.0550145455603,0.192188777500153,0.162973926342524,0.292335441595364,-49.255739630952,-2.90929221513367,4369.19224760472,4439.61886849818
1.59,-0.166350092084505,-0.0982887506763789,48,4.77536846702655,-0.0598933379871531,0.183700353050296,32.8688159347695,-35.3050291465977,-2.29275404577087,4370.56327098713,4439.61886849818
1.6,-0.145403852544748,-0.0996447594321489,48,4.90150424701001,0.170236341083253,-0.0457268694722485,-46.9052482078272,-11.3102800339153,1.90917178896803,4371.78735661836,4439.61886849818
1.61,-0.145204314582447,-0.191562441886372,48,9.55377872855529,0.240058671196562,0.0123408467362968,-34.8932937658903,-34.3181109352114,2.54435364227014,4373.05475230029,4439.61886849818
1.62,-0.164419852854457,-0.17851535293604,48,8.93250702848965,0.170785675910692,0.172435124467982,-6.7213907511064,-48.3592037587982,-3.09570750243653,4374.01843786926,4439.61886849818
1.63,-0.167566174338482,-0.149473157991173,48,7.48863682468268,0.00731078463508397,0.224426380290527,25.0212889024004,-41.6415031327473,-2.44576524641189,4374.86229203552,4439.61886849818
1.64,-0.385682679887002,0.0129517747430301,48,-0.836275957800278,-0.379296369509475,0.0710854563940194,47.036810962527,-9.60404976835777,-1.78963002515403,4375.74234032745,4439.61886849818
1.65,-0.300662057588585,-0.0152226454012383,48,0.473934165907717,0.203855961325823,0.221522343880562,-31.0404451557813,-36.6157804522114,2.44828884889541,4376.45164472608,4439.61886849818
1.66,-0.164100581338828,0.256794233369073,48,-13.1065781908877,-0.252439910703116,0.170723081543048,11.8538936765784,-48.3246065330927,3.11558447258004,4377.13881693436,4439.61886849818
1.67,-0.10707094667268,0.341472261986522,48,-17.2942921285723,-0.337064002830873,-0.120230409311475,42.718657045039,-27.8963954749846,-2.49511502303938,4377.7693173902,4439.61886849818
1.68,-0.151524919273413,0.246166101272515,48,-12.4716020227558,-0.207163435280719,-0.201595787801272,49.5925593963582,0.344832615470482,-1.81804729727105,4378.46368787342,4439.61886849818
1.69,-0.237467015072847,0.155169784276272,48,-7.86774879593402,-0.150071536475534,-0.240721372420118,40.2267057636285,27.3443525160568,-1.1362531200132,4379.10544567683,4439.61886849818
1.7,-0.239471836867043,0.211064084708531,48,-10.6131188947679,0.0857986869183561,-0.307462833248852,11.3360083498755,47.8344353720835,-0.450297157640796,4379.62923162667,4439.61886849818
1.71,-0.289788404210286,0.163272502191553,48,-8.19590676697682,-0.308423153983927,0.12454070528643,36.35910317926,-32.3911794125022,-2.46766054140241,4380.2067201134,4439.61886849818
1.72,-0.407041466570021,0.0792410901316753,48,-4.00913204376591,-0.414658345524247,0.00451246715492543,47.8217721040574,-5.7577124426243,-1.77394912757186,4380.64721598835,4439.61886849818
1.73,-0.382788831665886,-0.00851664517887585,48,0.128262353219683,-0.341111333598499,-0.173904804372652,42.3285096062208,22.6343483614468,-1.0770796863322,4381.11533599595,4439.61886849818
1.74,-0.334272147393332,-0.181541748239407,48,8.80228967029412,-0.291859088509893,-0.243953986093575,25.8561856401498,41.387654772672,-0.377040532255113,4381.48058733185,4439.61886849818
1.75,-0.263125196188347,-0.240178582361437,48,11.7867379920614,-0.143207822971146,-0.326208736446727,-4.21440407570713,49.2459743611614,0.326163350641759,4381.89855854522,4439.61886849818
1.76,-0.256002688428433,-0.184828981292578,48,9.0745362850517,-0.235372548811841,0.210473019824525,46.7946462752222,-14.0217077692252,-1.67507832163164,4382.31781756227,4439.61886849818
1.77,-0.206240402300424,-0.103259352663261,48,5.06468508628885,-0.228372926268817,-0.0323017646715117,42.3676815743172,23.1220802057371,-0.966098122882827,4382.72585026655,4439.61886849818
1.78,-0.13667548815404,-0.235132292933831,48,11.739146028962,-0.261935418179014,-0.0731930389166276,23.4261044704296,43.5089091891512,-0.254052460697128,4383.1114564122,4439.61886849818
1.79,-0.212474152175511,-0.210873127441585,48,10.5496090905312,-0.0944922118742876,-0.284049226569625,-11.8789523837473,47.688413081457,0.460470670053694,4383.43699314757,4439.61886849818
1.8,-0.206527723494053,-0.143410760364546,48,7.17495884191841,0.135802712853585,-0.211608057364506,-41.5859277155256,25.0218035005932,1.17751539220738,4383.79166930896,4439.61886849818
1.81,-0.40032617064314,-0.016950514399017,48,0.547726553395304,-0.301635226980856,-0.263750929257888,35.1430396370196,32.6996447908561,-0.809987726605325,4384.15428179646,4439.61886849818
1.82,-0.23709575070849,0.150177561431904,48,-7.7902866806205,0.128718076828219,-0.249397978458728,-3.53364470645321,48.4995043444241,-0.0881638605999849,4384.37539562468,4439.61886849818
1.83,-0.134236007141353,0.371909293513662,48,-18.835803558993,0.378977368357597,0.112747427854628,-43.651820728744,27.4464213109572,0.635550931207596,4384.6087613382,4439.61886849818
1.84,-0.157491445811688,0.22908434665022,48,-11.6263773735203,0.201652917799536,0.191361684061746,-49.36815292216,-1.39933122802768,1.36149413668145,4384.98711724015,4439.61886849818
1.85,-0.214717172687448,0.279210347481208,48,-14.0774235923786,0.0479079132188016,0.34895087654065,-34.6921726590869,-36.0364677957116,2.0899185812346,4385.3382177276,4439.61886849818
1.86,-0.285403102607213,0.165550821834218,48,-8.33945074272506,0.196725597680397,-0.264879302334287,-13.7073148528815,46.7509995424089,0.113183659809571,4385.57692571619,4439.61886849818
1.87,-0.328342850825261,0.205133149570125,48,-10.2958726745573,0.381788139175896,-0.0642374775752088,-42.7527663020103,24.1289446030362,0.845681762456092,4385.93695887057,4439.61886849818
1.88,-0.366394690114251,0.0685816647458912,48,-3.50195652123243,0.365704634797761,0.0721708651096286,-47.9633559791083,-3.97242780902808,1.58060147613952,4386.22223919812,4439.61886849818
1.89,-0.375754855813232,-0.0546775123921981,48,2.4372896180261,0.312932932179147,0.21506817985556,-36.8865195781344,-30.8111190010042,2.31742438510975,4386.426775444,4439.61886849818
1.9,-0.338534772002492,-0.197918190016671,48,9.63202198180088,0.22613300507554,0.320376756038512,-13.6999933838061,-47.000915190468,3.05600426095916,4386.63043135844,4439.61886849818
1.91,-0.258209633591505,-0.210259727698952,48,10.3139885407608,0.131403007764615,-0.305965059315454,-37.7582346295873,31.3798355202187,1.08905016944548,4386.89197678536,4439.61886849818
1.92,-0.222842768305994,-0.156116068044493,48,7.67702096113309,0.255491327164942,-0.0935698019205355,-48.3601263800997,-4.92288810948029,1.83083804986907,4387.06805244742,4439.61886849818
1.93,-0.197875477625665,-0.208527282684506,48,10.3740342119099,0.282200782548866,0.0547818455163457,-34.5475469783425,-34.9011114953248,2.57413735284058,4387.32221843793,4439.61886849818
1.94,-0.254336386002924,-0.130008175175777,48,6.48387634547213,0.0830222721924245,0.273306467500443,2.09956369333995,-48.3904172823606,-2.96396380473909,4387.55314840508,4439.61886849818
1.95,-0.260675238979888,-0.124969496013596,48,6.24667056509717,-0.132769727680195,0.256790098257002,34.5479382240863,-33.9036997629104,-2.21737152014364,4387.75098850906,4439.61886849818
1.96,-0.329276735312051,-0.000807407808319005,48,-0.217506412979416,0.283495099604327,0.167494324755987,-41.1550092321606,-24.7045041265851,2.10688988814501,4388.04060856778,4439.61886849818
1.97,-0.23264559433848,0.0604062041498747,48,-3.29771801557545,0.00727026698148899,0.240249922545084,-10.2975601694705,-46.9982467616228,2.85730133024892,4388.22214721945,4439.61886849818
1.98,-0.152695717149936,0.32982260424972,48,-16.7373694884169,-0.363242507543429,-0.012402137862586,36.5803550287603,-35.2989683044935,-2.6738814007711,4388.46410084343,4439.61886849818
1.99,-0.159843333479937,0.270724637864431,48,-13.7156425726507,-0.242839146784531,-0.199676913021427,49.7955239302416,-3.53901789956531,-1.92007382383935,4388.73117722477,4439.61886849818
2,-0.250944583713808,0.182124841324817,48,-9.22254236374324,-0.158477630443911,-0.266509817027008,40.4413176399421,27.4509583657174,-1.16427399043418,4389.02660871321,4439.61886849818
2.01,-0.273381217452404,0.172915302849664,48,-8.70363846705614,0.0506463690614083,-0.319486990840387,10.9971719665556,47.5269979201635,-0.406762985349778,4389.2617155708,4439.61886849818
2.02,-0.360759599192005,0.181854327295991,48,-9.13420575099354,-0.383859844681078,0.125976602616803,40.4377943045653,-27.4266021680257,-2.35481730012616,4389.50844254963,4439.61886849818
2.03,-0.361333661297179,0.0468246802302327,48,-2.46938515067977,-0.362318962886956,-0.0384647188681838,48.0442369217211,1.35983882571716,-1.59390020069265,4389.76325854503,4439.61886849818
2.04,-0.360160655934351,-0.0841696979761098,48,3.9165148261304,-0.322783354811419,-0.1805855531241,38.0973693352792,29.4606438849295,-0.831136363863023,4389.94458630266,4439.61886849818
2.05,-0.347305044513595,-0.179591707840238,48,8.72267624301878,-0.202366400099934,-0.334547179901665,11.9061784161311,47.3109712050364,-0.0667776026777778,4390.08604727165,4439.61886849818
2.06,-0.217409766143586,-0.176180892908536,48,8.63339464809269,0.00491104985473356,-0.279790269719985,-24.2591667667859,42.308726415847,0.698578962463404,4390.32725094418,4439.61886849818
2.07,-0.218060228166314,-0.14983982983421,48,7.3877359420048,-0.254801242074113,0.0712640494932704,47.8096841691698,8.53303826271885,-1.24146393171196,4390.5225302381,4439.61886849818
2.08,-0.170950954194402,-0.174710131735829,48,8.70828101318365,-0.233395601516652,-0.0726247345179832,29.6133435227153,38.7670484253087,-0.47285433505935,4390.73453571705,4439.61886849818
2.09,-0.220682907738647,-0.209037031080421,48,10.459235769718,-0.135259877720374,-0.272217177286759,-4.05353217284252,48.9588040071475,0.297153427629975,4390.98062598353,4439.61886849818
2.1,-0.359148368339758,-0.0427405321812118,48,2.09223399081624,0.294310269398439,-0.210227897527568,-41.0757135402296,24.9231458735314,1.06898087630759,4391.14637002723,4439.61886849818
2.11,-0.343942174228474,-0.00808586114122684,48,0.109757596593898,0.333519257715991,0.0844186300290384,-46.2722908935654,-12.7627247165828,1.84220935847903,4391.40560663519,4439.61886849818
2.12,-0.2131248861867,0.20172761756572,48,-10.3539322923027,0.181748060286962,-0.230399417062548,-5.99621611388394,48.7365294848657,-0.0900336645216013,4391.59556189207,4439.61886849818
2.13,-0.192008269119722,0.254397611134692,48,-12.9303984061699,0.318470618848792,0.0127194689927241,-40.4240309718464,28.9325581815622,0.686456378347974,4391.7891223212,4439.61886849818
2.14,-0.213393021090661,0.290078954804387,48,-14.6463984456116,0.24298956708991,0.265778952808651,-49.2838885370058,-9.46653675319562,1.46440717861235,4392.01379083499,4439.61886849818
2.15,-0.237336853162165,0.262953997199894,48,-13.2222913234247,0.0216232296150802,0.353561907525874,-29.2856489306623,-40.2638765464965,2.24395249276321,4392.21686267186,4439.61886849818
2.16,-0.359507483852197,0.119045071463888,48,-5.99322130795899,-0.0764316602044532,0.370911797202476,0.370821544941012,-48.3712847981939,3.02504271179112,4392.52233411949,4439.61886849818
2.17,-0.424692640030705,0.0579717928546293,48,-2.94900137898093,0.404882709550086,-0.140693136898751,-44.128882328276,19.1138262415039,1.10069388698377,4392.72871812262,4439.61886849818
2.18,-0.376396830432232,-0.040324036149511,48,1.71865838883022,0.370399784167274,0.0781319508245774,-46.175767783466,-13.2193894059038,1.88541283533012,4392.94059034758,4439.61886849818
2.19,-0.295787276023875,-0.243822012404428,48,11.941518421535,0.351398935986357,0.153160289168653,-32.3991171269268,-37.3750862421418,2.67122090721531,4393.01389684902,4439.61886849818
2.2,-0.255030908691145,-0.196001814220146,48,9.61256209545224,0.106793922936054,0.303401604460734,5.8199297159056,-48.6058614586846,-2.82477561408592,4393.2984715818,4439.61886849818
2.21,-0.171468867885689,-0.172024561444738,48,8.50212528365161,-0.0760679539859516,0.230667918815438,39.083957614239,-29.1329777322415,-2.03603426345289,4393.45161472053,4439.61886849818
2.22,-0.20332938549546,-0.131718682669009,48,6.54910147126791,0.238153320488575,0.0444482430506156,-39.3224044174193,-28.2955692806116,2.3301442426115,4393.7280113235,4439.61886849818
2.23,-0.177840188026467,-0.238964477039331,48,11.9658122500089,0.242415287238462,0.173106852195585,-12.9073611505971,-47.75542577478,3.12192758395667,4393.92900229867,4439.61886849818
2.24,-0.364813074619936,-0.0668546473262608,48,3.27631395974732,-0.207176060543017,0.307629977766547,31.2067667586268,-36.6179183137914,-2.36765647476604,4394.17549487157,4439.61886849818
2.25,-0.260702959188939,0.0335560868213109,48,-1.9611642406186,-0.260763742978427,-0.0330804208030963,48.0034979483723,1.87359277840639,-1.5726206652783,4394.35654007722,4439.61886849818
2.26,-0.126620626156258,0.292896832839851,48,-14.898145986567,0.120418479323156,-0.29550080794021,22.9783359407276,44.6984432752655,-0.775794343986059,4394.56555318687,4439.61886849818
2.27,-0.144950556500899,0.261624330016634,48,-13.2718870299914,-0.298736831041022,0.0146376113536513,33.0896076096124,-37.2185552322862,-2.68461157795289,4394.7744065611,4439.61886849818
2.28,-0.262111439990737,0.165122026232962,48,-8.38172459516682,-0.300298726916262,-0.0760813060729694,48.2416717696418,-6.85524704583054,-1.88482966483234,4395.00439293844,4439.61886849818
2.29,-0.289833120962622,0.237181210549188,48,-11.9261122321406,-0.144991367207366,-0.345305181078782,36.8240072322523,33.018550003485,-1.08335992420149,4395.29224447057,4439.61886849818
2.3,-0.388616260761496,0.192551937796181,48,-9.67346335941196,0.0775504619570418,-0.426713923756374,3.98049742162461,48.8029869336122,-0.280249180157279,4395.50468877254,4439.61886849818
2.31,-0.413859232667561,-0.0094493001789919,48,0.293497194296868,0.198984422146626,-0.363006822912501,-23.7731804657184,41.7003840647475,0.524254677954804,4395.65133194743,4439.61886849818
2.32,-0.377061950772277,-0.183346406251088,48,8.8815861117143,0.32237742539094,-0.268075390522318,-44.4909373754851,20.0857925736193,1.32969424954352,4395.72326064208,4439.61886849818
2.33,-0.25738470693394,-0.202772641957071,48,9.9126094342269,-0.309697974415197,-0.107008393749485,34.2773630095938,35.0331587343199,-0.570844254700357,4395.94438247428,4439.61886849818
2.34,-0.217108912634588,-0.15942273397768,48,7.81965659905706,-0.103872713627671,-0.248520315905793,-3.69198488195292,48.4924352549819,0.237479531859143,4396.10846067408,4439.61886849818
2.35,-0.196654028430937,-0.175342932018204,48,8.69934587957389,0.0826407733193061,-0.25017684403646,-37.2201583812513,31.5331322390755,1.04721695720968,4396.31759277028,4439.61886849818
2.36,-0.232784344678112,-0.158042250859481,48,7.88872955354055,0.268009733693954,-0.0856544618174981,-48.2691641855242,-6.02659462713463,1.8578998425508,4396.47518781955,4439.61886849818
2.37,-0.220173851481151,-0.178709347443146,48,8.94551108546828,0.259263881720347,0.114872953191328,-29.7875854670608,-38.6874904927004,2.66969394904008,4396.66074768439,4439.61886849818
2.38,-0.351311598511839,-0.0115678261642619,48,0.289160376242507,0.237834097309771,-0.258821552440975,-33.4170714431885,34.4584234967885,0.776081377105204,4396.88331045275,4439.61886849818
2.39,-0.243587488464037,0.152868104498232,48,-7.92234949137519,0.24045473278182,0.157749939435562,-47.8304496769616,-8.88885285979814,1.59096675494745,4397.02515841671,4439.61886849818
2.4,-0.142988963487713,0.328100568093209,48,-16.6262061779142,-0.14767642009448,0.326017639722847,-19.830273824957,-46.7674135686135,2.40710756811197,4397.2268445875,4439.61886849818
2.41,-0.190377115259001,0.313932108452432,48,-15.8468797630239,-0.328695785074114,0.163572294739178,19.7891602978456,-46.5135757916967,-3.0582184592054,4397.45839332893,4439.61886849818
2.42,-0.28040103145527,0.246092101818212,48,-12.3888113882089,-0.372569370934312,-0.0194454328852794,45.3532253368172,-20.0141849486931,-2.238976018489,4397.64123118696,4439.61886849818
2.43,-0.369873222143139,0.172924558226874,48,-8.6918759708033,0.212287712802596,0.348773608935008,-35.1612360431094,-33.8117758748719,2.15749236714398,4397.85575913389,4439.61886849818
2.44,-0.368086426955477,0.092088989858632,48,-4.67024661978968,-0.0314620663495922,0.37812450084998,-3.13950853431919,-48.1243669013172,2.9794560558778,4398.03176367572,4439.61886849818
2.45,-0.408024590463996,-0.122702318036772,48,5.83849750451941,-0.153542419091261,0.397447670536025,24.8495497982065,-41.4799702017339,-2.48081393932255,4398.13639939421,4439.61886849818
2.46,-0.323401229139298,-0.189576271195873,48,9.23069176184297,-0.30596666647797,0.216591589434351,47.0324551605011,-13.3099147997878,-1.65659270981048,4398.27134179629,4439.61886849818
2.47,-0.194795424032,-0.222253914278006,48,10.9576583513792,-0.293705845643222,0.032847159248584,42.8407122188033,24.2640403299044,-0.831027273133178,4398.54075644103,4439.61886849818
2.48,-0.184900962294139,-0.14814955064504,48,7.33050803874623,0.0575039058711013,0.229847680047447,13.3626942742618,-46.6816318249345,-2.71124828472467,4398.70277499598,4439.61886849818
2.49,-0.149514756772785,-0.212204067491383,48,10.6108531581769,-0.0771381326703149,0.247860721456324,42.4235392986232,-24.8361333166532,-1.88287520792955,4398.91278358134,4439.61886849818
2.5,-0.221396177682556,-0.150987240062581,48,7.55820444181711,-0.267101696144822,0.0216817451032061,45.4533920727609,17.178929054635,-1.05326512493421,4399.05035931552,4439.61886849818
2.51,-5.75873412605101,-0.500056461536869,48,23.9741647290431,-2.7559845393554,-5.08110464545882,41.13325034508,34.4502001518753,-0.410371379058066,4341.76793036796,432.055375041446
2.52,-5.72397029942512,-0.476696284749338,46.9638337792987,22.8578053483359,-1.79315058287408,-5.45671021071607,33.1408518149804,40.370346661498,-0.234408061226737,4277.85803356571,432.055375041446
2.53,-5.71432557418684,-0.466300328724305,46.4857454337487,22.4527883921887,0.989410043275167,5.64730205767678,-26.6293160467093,-44.2259173110085,3.0495740514238,4214.15599464776,432.055375041446
2.54,-5.71046926782055,-0.420221983605482,46.2970104546141,20.0899072373767,4.57117359835867,3.44824849857097,-48.0574568832945,-15.4109826990798,2.29052894800106,4150.49162763795,432.055375041446
2.55,-5.79919301412538,-0.415279964702675,48,19.6823136829565,4.87480224310965,-3.16850124739398,-32.4911846895856,40.4439907697242,1.06592636947655,4086.96380459007,432.055375041446
2.56,-5.77199796645994,-0.302346965324723,48,14.2646846995952,-3.61405577615741,-4.51065128990061,39.5963097352048,30.653115419686,-0.623154836618373,4023.79965971316,432.055375041446
2.57,-5.73632542265853,-0.537837678224181,47.6022308414993,25.8494412758021,-1.54702111317762,5.54990309808548,-7.13708963474292,-53.6956976573,-2.77625919379072,3960.33719673228,432.055375041446
2.58,-5.69274242124461,-0.426759317629846,45.4272338295848,20.4076138509304,4.15648597634532,-3.91319104034885,-22.4715946249281,44.4424539321285,0.890363858214341,3897.265616333,432.055375041446
2.59,-5.68329364523069,-0.396615318108224,44.9590175973563,18.992468036642,5.51604711441125,-1.42490511967392,-40.7488071080292,26.861902849852,1.38767577807989,3834.37792703375,432.055375041446
2.6,-5.61689897870271,-0.384646991154072,41.6435439046765,18.4377827591103,-4.48208976037454,3.40710710496472,24.6677561855009,-38.2836569150015,-2.15239487186143,3771.51840798696,432.055375041446
2.61,-5.63020033921736,-0.349245670317509,42.3128879547912,16.6520687311374,0.387223654759165,-5.62771589893749,10.9977002762003,44.1216779909389,0.130649655712512,3708.790975229,432.055375041446
2.62,-5.63177405696702,-0.369791426143841,42.3959041391114,17.6161822383562,5.36163166401723,1.76253528389763,-45.9075588156896,0.488475190460379,1.95396670453181,3645.99148498135,432.055375041446
2.63,-5.63905778741966,-0.454001395938723,42.7644267583925,21.7718563609291,-0.544972738213487,5.63099411400658,-13.9102493330674,-45.9272782653919,-2.96477535137643,3583.43940866695,432.055375041446
2.64,-5.6067548030674,-0.355404381876878,41.1536417430836,17.0459657692739,-4.78714190276007,2.9402863974816,28.375041043351,-34.3372133917922,-2.05829133245429,3521.1795221236,432.055375041446
2.65,-5.63294428604311,-0.472562863330261,42.4675273693808,22.7411817274623,5.37963997311437,1.73575653509777,-47.9520977821424,4.6096144657035,1.96660061576249,3458.59664766238,432.055375041446
2.66,-5.50213689786047,-0.322091063392456,35.9316099065269,15.3559509835195,5.21511476337346,1.78320809238829,-39.0704270650698,0.622535168595999,1.95873703163692,3396.47227425102,432.055375041446
2.67,-5.57074754778941,-0.271139727318921,39.3665325082471,12.8895741935487,5.53415053034976,-0.6927646789219,-38.2758395604737,15.8374590940196,1.49489783069215,3334.37920772505,432.055375041446
2.68,-5.61555259383369,-0.249384574008789,41.611148027138,11.8198732263716,2.84763451100493,-4.84640085956574,-12.7358884522139,41.3399829288384,0.575615449975799,3272.27111194431,432.055375041446
2.69,-5.53045176493347,-0.266512319721637,37.3604806500084,12.7014128773873,-4.14832994942526,-3.66719022843383,35.6284123554602,16.9631257883328,-0.798729932840777,3210.21553421115,432.055375041446
2.7,-5.53522789519809,-0.240851881755075,37.6035580194251,11.4232322985894,-2.5121096830471,4.93822462237847,8.54399195345781,-38.3603703497119,-2.62751857144494,3148.3176486755,432.055375041446
2.71,-5.41501300138808,-0.319292177128865,31.5970677984265,15.3179192548145,5.24677512770712,-1.37683116570317,-27.9722321553971,21.2265770203288,1.37306381192318,3086.34574030055,432.055375041446
2.72,-5.49467930760244,-0.4108045527829,35.5845336652924,19.7968419425323,4.64559741062307,2.96288470453945,-40.3519735306012,-5.46737773156341,2.21316062734093,3024.4077329226,432.055375041446
2.73,-5.44077069270642,-0.290996417559315,32.8931871172617,13.9842266386116,-4.6676404356231,-2.81065782502632,35.0757161325705,6.8712801717424,-0.975357947503191,2962.94969466401,432.055375041446
2.74,-5.42401224670367,-0.312332380318865,32.0592964726625,14.9049611646165,5.42883680974081,0.212582363779944,-33.348090291961,11.7414322601638,1.66745407998814,2901.07030815013,432.055375041446
2.75,-5.36096834597085,-0.247149609097165,28.911033984841,11.7589914702839,-3.33768014089236,4.20249399914754,10.1425328321505,-29.5169577399093,-2.42432059429487,2839.70638650236,432.055375041446
2.76,-5.43439467420632,-0.216127201754588,32.5862436173581,10.2695447001281,-3.60036771429679,-4.07635974421169,28.5454271774135,18.7745947678431,-0.683723595008468,2778.33378863368,432.055375041446
2.77,-5.41185462010351,-0.271220885999393,31.4630782262583,13.0552662203718,2.86161558346094,-4.60140059662615,-7.20503460829429,33.2934339449945,0.60644188458317,2716.9218126832,432.055375041446
2.78,-5.32716235511139,-0.235900836556156,27.2321927849332,11.3069393132853,5.25717617687098,-0.892416162865782,-25.6261556916221,14.5855868918198,1.44690094810288,2655.65250939742,432.055375041446
2.79,-5.3286749513245,-0.262627287426614,27.3115120063646,12.6354142675482,5.20843612667276,1.15582998029308,-29.6805833570888,4.96340139110906,1.83841828309009,2594.40900365039,432.055375041446
2.8,-5.24518864702144,-0.258176672529611,23.1407512185607,12.3626700378844,-4.34582340061608,-2.9483008848723,25.9230624407163,4.04039739625284,-0.925517791530889,2533.17484228386,432.055375041446
2.81,-5.36694223383216,-0.265374308808003,29.2319520054309,12.6669700733647,-5.35085994771138,-0.492737541744886,30.7239438307125,-8.42605627648877,-1.42956377364645,2472.09391629332,432.055375041446
2.82,-5.22177256374502,-0.201868155632241,21.9768844205999,9.62224843692387,-3.4540511741769,3.92137602709888,8.18293778634497,-22.5523977218188,-2.38083261813528,2411.35555713302,432.055375041446
2.83,-5.37039859541123,-0.244765671066645,29.4115213286064,11.6994509756024,3.38897300054517,4.17324254134642,-26.8904502108458,-16.6978569718277,2.50507931756038,2350.43560665263,432.055375041446
2.84,-5.25151073417698,-0.223081269194676,23.4703715074085,10.6327564029977,3.05369899075178,-4.27820671750713,-6.04962576842643,25.0462746827398,0.662368556592702,2289.63603512444,432.055375041446
2.85,-5.2171669082471,-0.242687147301302,21.7563127921366,11.6804953596262,-5.19649452996543,0.523614552904327,21.0949227736307,-12.8364851626173,-1.62473687188491,2229.20317089365,432.055375041446
2.86,-5.20618410246328,-0.164607074631345,21.2102485272899,7.80532343280341,4.93607845510432,1.66330330451634,-22.600652875357,-0.0905874587915951,1.92742209548347,2168.75954688717,432.055375041446
2.87,-5.172027273299,-0.158627063529878,19.5053606025887,7.5130421559251,-4.95265079708473,-1.49875906775198,20.882816538594,-0.901591974871192,-1.246279260942,2108.37632182097,432.055375041446
2.88,-5.14675008723492,-0.202354078320811,18.2443801418874,9.68142294438573,5.05879693120231,-0.968791640304437,-16.5937407017189,12.2977691681821,1.42087756041404,2047.97805379015,432.055375041446
2.89,-5.24007182662906,-0.227893764211169,22.913281932183,10.9282535058965,-2.33661367216216,4.69579863953543,1.5262079420231,-25.3400059769241,-2.63640638082548,1987.70928013169,432.055375041446
2.9,-5.18997765253712,-0.122270170156428,20.4112823573437,5.77131280080162,2.21437506601454,4.69546175528647,-13.5456034699907,-16.3231469254456,2.72447742754104,1927.98406121369,432.055375041446
2.91,-5.11356024639158,-0.200647007982987,16.5930875100381,9.61933187816852,-3.97174432920339,3.22707368969622,7.50989358179864,-17.6483312890537,-2.21389954491695,1867.60757914363,432.055375041446
2.92,-5.17137756725199,-0.154572337373522,19.4864836302515,7.4038680762968,-5.03467738272463,-1.19124397267702,20.739636655085,-2.0994709281916,-1.30858017382869,1808.09074505392,432.055375041446
2.93,-5.14286251602466,-0.155931046038189,18.0631987271858,7.44704365883002,-3.93934820542987,-3.3098164701727,18.4323828000998,6.47957342924007,-0.841712199984254,1748.13970166101,432.055375041446
2.94,-5.14830949228601,-0.205845145232793,18.3379056796995,9.90880505455287,-3.87950483212382,-3.39070864417839,20.1279891457986,5.41546445591707,-0.812568079380316,1688.28379409918,432.055375041446
2.95,-5.05604340113217,-0.180769816615253,13.7268579936411,8.68088385985986,-4.81061641648153,-1.56659576605125,15.8732240951873,-3.4387689352337,-1.22023516047447,1628.75055074679,432.055375041446
2.96,-5.05501641213657,-0.214515664678979,13.6776149134147,10.3813796301729,-4.35237996752873,2.5799218041672,7.14080833165904,-15.6159869722007,-2.06346539983533,1569.37895919119,432.055375041446
2.97,-5.07498088918288,-0.154907249120526,14.6777959418909,7.40573061355987,1.15814012185067,4.94349458779528,-10.1691141825236,-12.9178812649445,2.94198153645724,1510.28790644947,432.055375041446
2.98,-5.01859729012676,-0.149910437217271,11.8605075309318,7.26079080295519,4.68072317631742,-1.81648629126105,-8.7566610003207,10.8033147737642,1.23047158755203,1451.56134713097,432.055375041446
2.99,-4.99231098513247,-0.15666719555915,10.5480047799163,7.56319412514017,-4.04878242087496,-2.92490589435842,12.9713894248066,0.453173919932738,-0.913812432505247,1392.2745473387,432.055375041446
3,-4.99508671859486,-0.13367422047926,10.6884948740588,6.44227670232418,1.82985015166971,4.64977510702806,-9.70238215237835,-7.84924406241138,2.79342653348653,1333.47905621503,432.055375041446
3.01,-5.00030482631773,-0.1087418394971,10.951022819907,5.18017188341988,-1.1696176610032,-4.86280450674536,7.39052318531079,9.5989191366154,-0.21429608218594,1274.54065164615,432.055375041446
3.02,-4.92870108485925,-0.0967975320740362,7.37222757681011,4.64050487793002,2.49026696914392,4.25441353990172,-7.64864250091557,-4.16920770165746,2.63166135342747,1216.4273551487,432.055375041446
3.03,-5.00432615299146,-0.0605539092978191,11.1547949459172,2.84149320406281,-4.74324625044286,-1.59642163262257,11.4671514119657,1.00397829122359,-1.23403830062139,1157.94855675681,432.055375041446
3.04,-4.99494468378914,-0.0842212050089048,10.6869431608912,3.99890706887636,3.36416150282432,-3.69309937429273,-4.41852374893181,10.520392566333,0.755681713545779,1099.44070270424,432.055375041446
3.05,-4.96266648648434,-0.110494930089609,9.07416448190157,5.33963954080334,-1.98440210770222,-4.54999077588046,8.38221335609093,6.37108395198849,-0.38900110759093,1041.28813976558,432.055375041446
3.06,-4.92655493544687,-0.0786424330633944,7.26952692107698,3.78165094501799,3.29222928600392,-3.66583612462862,-2.17016716732679,7.9017263931419,0.747717218249053,983.584459480909,432.055375041446
3.07,-4.89741031592667,-0.0446377354925844,5.81310144881848,2.0764135059022,4.86227839617397,-0.587255590075372,-5.54709736651914,2.70801630499246,1.45971495815679,925.720788177113,432.055375041446
3.08,-4.44059594973164,-0.0845550887148705,6.2689353897443,4.06781665092615,4.38189804110764,0.724576779325472,-6.90427168711323,2.85967055740118,1.75370938296551,869.810171654615,432.055375041446
3.09,-3.98128385009617,-0.0746201339427006,8.54646659575362,3.6385190497022,3.97030300704807,0.30476760269297,-8.85405862137583,2.8083016356187,1.66614842436364,821.525316813994,432.055375041446
3.1,-3.400622504827,-0.019676442819675,2.50610250328669,0.873250153490255,3.21029927785079,-1.12187304512078,-2.0872396974753,1.63906864799306,1.24038820635391,777.682987450558,432.055375041446
3.11,-3.06720536855623,-0.0169424328470222,5.58373792437702,0.784497939535273,1.50003115506443,-2.67543311498662,-2.07541814085801,5.24272884725681,0.516520787351734,739.971261002283,432.055375041446
3.12,-2.72041094538401,-0.0422978100498461,6.01301871339013,2.02685502579715,-1.27277749373596,-2.40467508573182,4.53588510941786,4.43737327901771,-0.471259334963749,705.561732178086,432.055375041446
3.13,-2.41128653560771,-0.0368086165609005,6.42893380328894,1.77512694318263,-2.38862705912523,0.331840930975848,6.16313929821554,-2.54911347379345,-1.6935742042218,675.619105579297,432.055375041446
3.14,-2.11713449131328,-0.0211908793314657,5.49484970673291,1.02109081576395,-0.0190715409681717,2.11715464338349,-0.916418309480806,-5.51327282434568,-3.12257590454533,649.308830819804,432.055375041446
3.15,-1.86828590562909,0.0217491212076509,5.19154066994477,-1.11109104746389,1.86830963713383,-0.0196048269176041,-5.21485955620054,-0.995920505135285,1.54866267097494,625.970616471868,432.055375041446
3.16,-1.6997221711878,-0.00716351108844537,7.53069523988786,0.34299515594555,-0.385724786025548,-1.65539214827304,2.01240233672452,7.26493312482761,-0.224711845535323,605.196497707523,432.055375041446
3.17,-1.50416218154999,-0.0250824470259522,7.40414421592679,1.21663911413775,-1.25240956858856,0.833428623255682,5.57454322579092,-5.02255215284825,-2.14128934899505,586.652278957038,432.055375041446
3.18,-1.36102171740235,-0.0456441840384242,8.79169988538008,2.2439241735474,1.19878340849691,0.646050962610454,-8.72536062316723,-2.48943057081439,2.09861886709839,570.30254891705,432.055375041446
3.19,-1.21484216232254,-0.0639671617970066,9.02156494525914,3.16595689779515,-0.133078463108328,-1.20922429672977,3.67481470971679,8.82653125465912,-0.0570055202325261,555.897772372278,432.055375041446
3.2,-0.990841997416009,-0.00546421337096692,4.47621374676858,0.2426448880431,-0.72737842197004,0.672843483080192,3.1388729762169,-3.20044410787452,-2.31175214957898,543.1909378076,432.055375041446
3.21,-0.928236976693134,-0.0282619617847577,7.21910567111976,1.38626390220566,0.92831650965203,0.0255162946331571,-7.28724484267607,0.966062575738718,1.6287135622852,531.919709221615,432.055375041446
3.22,-0.864695152029703,-0.00524824591127199,9.21522317520116,0.23567398189376,-0.61893950615809,-0.603853573099966,6.72245584971841,6.30749298399078,-0.791665410518542,521.968590552333,432.055375041446
3.23,-0.748647252732658,-0.00837332246626338,7.99895845280494,0.395183332344348,0.112425379425093,0.74020494163063,-1.5039607666132,-7.86623214813488,3.00204468966453,513.148696238619,432.055375041446
3.24,-0.645752691019206,-0.0151812378697416,6.91382358544802,0.740425335986164,0.268160359352571,-0.587636817782637,-2.351140370403,6.5438005170947,0.451616214296023,505.333960240456,432.055375041446
3.25,-0.58103268955813,0.0082620261741162,7.24133364406214,-0.407630926379068,-0.489906352724022,0.312504420724415,6.27311757296958,-3.64020216917511,-2.15282698317946,498.498368854307,432.055375041446
3.26,-0.528138099105654,0.0116507684284539,7.76920948001563,-0.571483889525128,0.526952499144657,-0.037237827233972,-7.78876669615233,0.149409281036404,1.47819072018551,492.395189248063,432.055375041446
3.27,-0.428163556374267,0.0067957718022691,5.63553840491679,-0.327596835629037,-0.399233043616199,-0.154865071615244,5.17215898630619,2.26172151698178,-1.2166292755237,486.942014226896,432.055375041446
3.28,-0.379111273664006,0.0594017565056315,5.67579330514923,-2.96422925956052,0.232787690110552,0.305063629146597,-2.05035350096118,-6.06608071716061,2.33435014761972,482.145477301722,432.055375041446
3.29,-0.361051540457346,-0.00816088964245695,6.98598275142136,0.413514044648489,-0.158253764770249,-0.324623722057433,3.29428402373704,6.17435354018777,-0.430997682796266,477.849493862732,432.055375041446
3.3,-0.362005712349378,0.0074931789371537,8.98567524229691,-0.376957436479442,0.0229170697134729,0.36135729053101,-0.378557000512365,-8.98560799647458,3.05756194667921,474.082493410411,432.055375041446
3.31,-0.236369597976094,0.0150178254311819,4.4068779834186,-0.757901732988598,0.0701745703403872,-0.226211519612958,-1.77284603598578,4.10511942948025,0.237353209283817,470.776481191115,432.055375041446
3.32,-0.278443649850468,-0.0397715451419135,8.005602525972,1.98012742309622,-0.108002022594661,0.259707922598614,2.38587062064929,-7.89418759576117,-2.60561392461663,467.801708047875,432.055375041446
3.33,-0.252059687256491,-0.0785113157100998,8.00501150221006,3.91955371002134,0.129414246763783,-0.2301088120193,-3.13107489232009,8.34502728904706,0.814271455917405,465.237514120405,432.055375041446
3.34,-0.168476421825337,0.00870133529451555,4.94721522660041,-0.417807639352229,-0.152324260515659,0.0725075003384766,4.55013714247597,-1.98639213310683,-2.06666777534794,463.072344637639,432.055375041446
3.35,-0.175064812425821,-0.0434223979159273,6.27473909278019,2.19134404246242,0.15883070641069,-0.0854751419509681,-5.53542097987784,3.67878430604837,1.32022402236747,461.081188096833,432.055375041446
3.36,-0.181267590778855,0.017752409933039,7.53836021983078,-0.877174689194168,-0.181581192946313,-0.0141900631920763,7.55412919748609,0.729000896417959,-1.59043113033864,459.204011998663,432.055375041446
3.37,-0.153705950908515,-0.0280866020787909,6.98293198516635,1.41049147889177,0.156225715365316,0.00281112426236818,-7.12396014372325,0.00414633912931284,1.76952383147984,457.590966206805,432.055375041446
3.38,-0.0720870676825706,0.0473044627441997,3.60540865584458,-2.3710655758595,-0.0475294733358555,-0.0719389094093391,2.37513453418979,3.6027294493431,-1.16458540388239,456.227512351113,432.055375041446
3.39,-0.0955730986502675,0.00818981400386748,5.40169384962231,-0.418204362558811,0.0740024134977749,0.0610322294819388,-4.20791959661475,-3.41271211829188,2.17495466014658,454.961212901188,432.055375041446
3.4,-0.0901624199797147,-0.00878634013345546,5.68029536913791,0.435951071703323,-0.0694936343475251,-0.0581127914895826,4.29431723672941,3.74361433482371,-0.777206475143799,453.857845347785,432.055375041446
3.41,-0.0928022099169841,0.0444679273150284,6.3035634511123,-2.20729565876152,0.0152596024624983,0.101768321484916,-1.70962414771521,-6.45633422159474,2.54591272591977,452.865483879847,432.055375041446
3.42,-0.0619970534339148,0.0361757310308915,5.19362368617849,-1.79517745341789,0.0076688312044417,-0.0713688109615459,0.484955096575975,5.47368318750722,-0.421161393899098,452.016407682979,432.055375041446
3.43,-0.0602341911410978,0.0506150889138266,5.51380334989033,-2.52594525708153,0.0606683213868968,-0.0500939096924274,-3.4809188985052,4.96645048752767,0.181740570821691,451.17495371621,432.055375041446
3.44,-0.0419264438372064,0.00398900603637673,4.94409524592199,-0.199743371822467,-0.0179174282339712,0.0381143624828379,1.8581356506881,-4.58599030951629,-2.79701015981982,450.466200998006,432.055375041446
3.45,-0.0430009771749205,0.00557032141057709,5.33099599539872,-0.285348574053611,0.0255947644208459,-0.0350002936110052,-2.81796571274148,4.53431487145357,0.502585560966473,449.750030420817,432.055375041446
3.46,-0.051259209427288,0.00163811266559922,6.02485917389764,-0.0890886315975419,-0.0325527705925267,0.0396296239064427,3.74416291779149,-4.72102837257028,-2.4858699868557,449.159756660499,432.055375041446
3.47,-0.108820639965159,0.0227856538847853,9.06052451434372,-1.12195097201738,0.0942454598705996,-0.0589822939462615,-7.3097805787281,5.46982507485238,0.805190117815928,448.789346297289,432.055375041446
3.48,-0.0203319019954169,0.00721488925132823,4.81423683144277,-0.344084535560954,-0.0207447605694803,0.00592416868219528,4.12023152492888,-2.51375468528942,-2.18996043377513,448.425756609677,432.055375041446
3.49,-0.100284789175099,0.00579348983153481,9.03959826628728,-0.282372911485048,0.091800294354069,-0.0407836906229492,-8.16495375404658,3.88942173996151,1.09501531868128,447.925144937674,432.055375041446
3.5,-0.0200630171264276,-0.00902968672831655,5.20852403036434,0.452305647685275,-0.0159701431847167,0.0151332225677979,4.76902091471476,-2.14236842975804,-1.90638425064759,447.547442691583,432.055375041446
3.51,-0.0524773455404729,-0.0445854105589943,6.97474681409759,2.22578057151459,0.0427051421382134,-0.0540185289011397,-6.40218496391482,3.55150953273665,1.37323025084574,447.18076245234,432.055375041446
3.52,-0.0858532503086475,-0.0197658528721571,8.73190043046305,0.985209394982581,-0.0844629443443265,0.0250495620921855,8.65403961898731,-1.52457238348355,-1.63282231504298,446.935363034332,432.055375041446
3.53,-0.0929527227215106,-0.0142755946490905,9.21342818280262,0.733928271413765,0.093733684678377,-0.00761561688517532,-9.24230520087733,0.0755258967364887,1.64211544065902,446.68662891,432.055375041446
3.54,-0.0104103988672232,0.000864645979549701,5.18706382493255,-0.0270163696711409,-0.0100226903612769,-0.00294443460898691,5.0752439858583,1.07156870622618,-1.36792435311767,446.457030639973,432.055375041446
3.55,-0.00276943199830005,0.00157313998281823,4.90070537043989,-0.0708679743109538,0.00210307974980088,0.00239198214138965,-4.60833244203429,-1.66889409530252,1.90379157851452,446.210336598222,432.055375041446
3.56,-0.00363856915985782,-0.00933831179880078,5.01888232731826,0.466612394329287,-0.00741636078256981,0.00674098253413038,4.70156870959241,1.81718425345115,-1.10927172134098,446.01438464489,432.055375041446
3.57,-0.0381480040772791,0.0171562282431745,6.85752190777906,-0.865926493429826,0.0222006884191603,0.0354504699027723,-5.22243341467243,-4.52787197665816,2.15947061223035,445.715941852361,432.055375041446
3.58,-0.0114801024725665,0.0254831890752033,5.55851158143795,-1.26769633309308,0.00800840494966163,-0.0267778103732442,3.37127101676391,4.59767731854303,-0.856926926347194,445.633323307138,432.055375041446
3.59,-0.00545522874251656,0.0297763670935989,5.23441155453951,-1.47064692521002,-0.0185036959169757,0.0239583971779841,-2.40435280976775,-4.87657197907386,2.40963092509794,445.634816879114,432.055375041446
3.6,-0.0126471076065051,0.0335761994428608,5.6980270105903,-1.66676224646848,0.0203297862021075,-0.029563665077488,1.88773922914557,5.62868091140492,-0.608166561719387,445.371104464251,432.055375041446
3.61,-0.00616490483555499,0.0215835827096681,5.40062333628865,-1.07519587182784,-0.0162141932613169,0.0155227906995231,-1.56870243049663,-5.27844212507963,2.65619757192515,445.274163174278,432.055375041446
3.62,0.00595565197991847,0.0429413423483054,4.8472934998379,-2.15284849064779,0.0422533475653891,-0.00969965425665778,-0.288926661604082,5.29599209605429,-0.363463481594258,445.12274790743,432.055375041446
3.63,-0.0578198068865758,-0.0283923221372763,8.03710198602029,1.41392303660596,0.0414310690077599,0.049322616978644,-3.30026462109292,-7.46340673673214,2.89939268531839,445.026069207998,432.055375041446
3.64,-0.091933764885369,0.0516912999738968,9.76376053892377,-2.56975078742741,0.0401191952081112,-0.0975410569700942,-1.36244711699252,10.0039180736513,-0.121997723596145,444.938615852534,432.055375041446
3.65,-0.0411114606595327,0.0145506380987807,7.24883098751013,-0.709973384022105,-0.014448748982363,0.0411473804693161,0.692013844538768,-7.25056754540454,3.13911537423812,444.837203797053,432.055375041446
3.66,-0.00331327628161748,0.0138572353602123,5.42602632209268,-0.681673589555188,0.0141476449885596,-0.00168668693726232,-1.30528322384141,5.31061919518787,0.116034340124636,444.704494026912,432.055375041446
3.67,-0.0119984782029282,-0.0689319126693751,5.89138077662795,3.45414327818808,0.0642721726884695,0.0276524841804141,-1.99419988998051,-6.53166441577298,-2.90762786237784,444.585764026895,432.055375041446
3.68,0.00473985216723202,0.00544658682743314,5.08166883434785,-0.277325482893048,0.00348425684015485,0.00632388020979338,-2.00806078141578,4.67631900789327,0.351080875079827,444.496298068531,432.055375041446
3.69,-0.0483362929817376,0.0656017128537644,7.73339561190554,-3.29206014660636,-0.080348221034492,0.0135700156653025,6.42498645926857,-5.41872832842995,-2.67389500599573,444.420096155731,432.055375041446
3.7,-0.00737583975793084,0.0473703694377021,5.70193472376125,-2.35143775482327,0.0436008552844463,0.0199328957069419,-5.10302037572351,3.46417409403645,0.583263878882214,444.355688308454,432.055375041446
3.71,-0.00198688472591609,0.0273373075119666,5.45803768295519,-1.35146325530245,-0.0222139985044507,-0.0160565987482458,4.54461752320784,-3.31105418964169,-2.44316575599228,444.276056559146,432.055375041446
3.72,-0.0214138617809835,0.0187870085766842,6.47288478813062,-0.931894711066687,0.0284666825189562,-0.00107385008284347,-5.34189420123784,3.77237744343118,0.812943422522864,444.119042332495,432.055375041446
3.73,0.00117794745837021,0.0142498076216894,5.36492816138406,-0.713585855547203,-0.00761562372323599,-0.0121015227461639,4.71832152597193,-2.65124516550217,-2.21496639384053,444.049827845394,432.055375041446
3.74,-0.0288467100759558,-0.0780759294435367,6.86802324177102,3.90265917886027,-0.0146389574634611,-0.0819370756438216,-3.94800295504123,6.84205850478019,1.04008707861516,443.981468842504,432.055375041446
3.75,-0.0136336850273154,-0.0214811091199031,6.06819165849901,1.0789393065796,-0.0037511019646794,0.0251643527732347,5.1092855182607,-3.44706563970733,-1.98835356152377,444.007257889525,432.055375041446
3.76,-0.0231159219036177,0.0756778917458444,6.56615645425666,-3.76928901751629,0.044766540557019,0.0652491072054374,-7.39479933720496,-1.62446700237906,1.26591994310855,443.920707291117,432.055375041446
3.77,-0.0746906333106351,-0.00585960568231395,9.17295845348813,0.307097518594851,-0.0721824777581085,0.0200677748591152,8.94400076343739,-2.05969075809399,-1.76367159696234,443.811758096615,432.055375041446
3.78,0.00925116998496197,-0.0485227318284164,5.05078445825598,2.43557964997094,-0.0132009157598146,-0.0476001625342325,-4.8339359644668,2.84174857553359,1.48866136641997,443.637766108488,432.055375041446
3.79,0.0206810376035227,-0.0153493528747518,4.46017974206542,0.766156760996335,0.0202400605725142,0.0159263271991042,4.48000755238543,-0.640102995244264,-1.54259883844372,443.605980463271,432.055375041446
3.8,-0.00872638692153523,-0.00793639351479486,5.90792083338628,0.390489214211972,0.00973853822568663,-0.00665560244852855,-5.90525558812707,-0.428913556406814,1.70930139843474,443.619464698653,432.055375041446
3.81,-0.0063980852758148,0.00318945376486987,5.77708691652422,-0.139790415546863,-0.0054155947988952,-0.00466684513231583,5.56474351351478,1.55817336331658,-1.32197276243818,443.599263178635,432.055375041446
3.82,-0.00429377040853306,0.0397315205598309,5.68424624491249,-1.97041040611482,-0.00992367663008431,0.0387111202687158,-4.63112401375382,-3.84003423299324,1.92939626478614,443.548858218001,432.055375041446
3.83,0.020403603456657,-0.0183889794329259,4.43436909361879,0.932865478834314,0.00991836773562552,0.0256142066061391,4.37855274028243,1.16710888978172,-1.10295354687638,443.543508939863,432.055375041446
3.84,0.00151644796708545,0.0290608824312725,5.40307192558006,-1.45275052621489,-0.0171285955515463,0.0235254270216859,-3.7350243344405,-4.16572485235719,2.14799156626482,443.428522171475,432.055375041446
3.85,0.00498853052511595,-0.00636209548311912,5.22018504609267,0.313698873888485,-0.000170973698200831,0.00808284997577351,4.23764703955256,3.06448796165035,-0.884675368284378,443.390799931721,432.055375041446
3.86,-0.0447334519498935,-0.0811140558558652,7.67957868380279,4.05456373417528,0.0892295911949189,-0.0248727126773397,-8.27239690670404,-2.6425111642453,2.36575869015268,443.394515798978,432.055375041446
3.87,-0.0457310205725198,0.0453709974411807,7.66083663334199,-2.25181540262543,0.00736288218993937,-0.0639972000736667,2.96928570131286,7.41231630155073,-0.666899875659552,443.459970861612,432.055375041446
3.88,0.0136346487108972,0.00536999015611029,4.72595813627392,-0.251700211474817,-0.0117781313587142,-0.00871871902535942,-2.29038007631368,-4.14152054302468,2.58321823919382,443.400210695567,432.055375041446
3.89,0.00489164559967541,-0.0208421215262465,5.2057044045782,1.05208725666154,-0.0166344370583217,0.0134765622523099,3.21324978308199,4.22862528193242,-0.450378050771875,443.259829780231,432.055375041446
3.9,0.0156580602911085,0.0165147527861298,4.64612466290105,-0.827442675403656,-0.0208177138929251,-0.00919427538957175,-0.782767012609261,-4.65385985696468,2.79870975253279,443.26823829958,432.055375041446
3.91,-0.0139796675055252,0.026883916599139,6.13534582193679,-1.35271262176516,0.0228783550770529,-0.0198684912422354,0.116699612506366,6.28161452114668,-0.235582617563056,443.160828756533,432.055375041446
3.92,0.00223013187313001,-0.0124780079127008,5.32940905256729,0.635385958897916,0.0120884989351002,-0.00381344504838529,-1.31424915291227,-5.20375492605293,3.01287053848512,443.122964340859,432.055375041446
3.93,-0.0322691906226741,-0.0302999532584324,7.04501676944684,1.53654535272826,-0.0310197828164262,-0.0315778546599895,1.69498959788512,7.00858353491197,-0.0225476075860107,443.066959001327,432.055375041446
3.94,-0.0355075227971936,-0.0585933669200844,7.22172009520902,2.94696057220521,-0.0333497349152093,-0.0598478237140678,-1.01227236275152,7.73389438842342,0.517590998577395,443.02738826445,432.055375041446
3.95,-0.0445603166551714,0.0733568759829851,7.66837895169804,-3.6695507969815,-0.0855736886367611,-0.00663301496235835,7.45541533359586,-4.08490159025366,-2.51835873556202,442.976990658675,432.055375041446
3.96,-0.0192655296049608,0.0286326724137711,6.41474375678606,-1.43793615185095,0.0341905097838968,0.00469037325073463,-5.34397350503993,3.82864793621154,0.728604536042397,442.928679331168,432.055375041446
3.97,0.00870221239719001,0.0111238877242235,4.9859073935654,-0.563539518377994,-0.00103057933262712,-0.0140857120851627,4.07106793745239,-2.93313060988272,-2.30768547940081,442.95266713107,432.055375041446
3.98,-0.00421483552092895,0.0464854662448403,5.60362334667977,-2.30724686125343,0.0308433676420202,0.035033556527533,-5.88508753707353,1.44558893576294,0.939341629414187,442.953406839599,432.055375041446
3.99,-0.0569767058956644,0.0515292592114154,8.26608881232844,-2.56311304456335,-0.0751573381360386,-0.0159054737088662,8.43425572363549,-1.93935636767311,-2.09748058870862,442.826962701279,432.055375041446
4,0.0246517216799452,0.0247280809358926,4.22166420190805,-1.22772258781893,-0.0123385164925622,0.0326641451643895,-4.35374558575578,0.612087216681383,1.14811421367379,442.76549635393,432.055375041446
4.01,-0.0219872826733685,0.0262415538899078,6.58189872476816,-1.31381261360053,-0.0291104075751048,-0.018017877808633,6.66175534926224,-0.817624653087577,-1.8899401821928,442.633645034733,432.055375041446
4.02,-0.00351032941455618,-0.0406420352326497,5.6562764314971,2.02904769116186,-0.00528222300766458,-0.0404499142217624,-5.08993278067177,3.19422633680861,1.35478629754862,442.622532240276,432.055375041446
4.03,-0.0219203647162837,-0.0373118242370586,6.54377290226793,1.8688282304455,-0.0175703306147193,0.0395469101104183,6.29111570923971,-2.59525449317085,-1.68387126123351,442.592363119023,432.055375041446
4.04,-0.0530453199746569,0.0377545192563363,8.12666112408297,-1.8708811934861,0.0534453386472297,0.0371860924590598,-8.14617028822328,-1.78401992732414,1.56012081015997,442.516699125713,432.055375041446
4.05,-0.0666712265906254,0.00587634114412735,8.84064324180858,-0.280283680109182,-0.065860380615494,-0.0119161279584831,8.77850457118496,1.08323098365769,-1.47971449494374,442.459566452695,432.055375041446
4.06,0.0168547524198231,-0.00281344314676754,4.70549094125805,0.147031280294136,-0.0160071937824228,-0.00598062611150295,-4.64695916566681,-0.754343229751343,1.76295967544901,442.328713067346,432.055375041446
4.07,0.0115901697209564,0.00186660928548933,4.92646198404912,-0.0961063942108654,0.0116349452868769,0.00156342974150766,4.68836250472388,1.51608744589111,-1.27754288402054,442.372297499598,432.055375041446
4.08,0.00790939423863474,-0.0294232984018545,5.04246832676901,1.4666323353308,0.00401504969984377,-0.0302021254545853,-5.21868760986623,-0.58548856874857,1.96556677790642,442.452306759302,432.055375041446
4.09,-0.0483966762239698,0.0472640008757572,7.83644358411523,-2.34735868704052,-0.0200413767884045,-0.0646101173558487,5.77230056176649,5.79659271273009,-1.0743366645215,442.425368215673,432.055375041446
4.1,-0.00305549505040759,0.0236585855583372,5.60775758247056,-1.16600190358109,-0.0107846727414594,0.0212780533527823,-3.98002327892544,-4.11897077461377,2.16834341746055,442.340248440639,432.055375041446
4.11,0.0225691621331986,0.0215125909027809,4.34758969047539,-1.06571233909551,0.0311162471222497,-0.00198439204092917,2.64680900691619,3.60994196453844,-0.873049278954623,442.288919605059,432.055375041446
4.12,-0.0254141863975745,-0.0432288841928543,6.71338802171276,2.16555767237433,0.0486949032695917,-0.0119759631919514,-6.23678002786667,-3.29572353914267,2.3689663418131,442.260355315728,432.055375041446
4.13,-0.0164756129675436,-0.0161193015076374,6.30148112206491,0.801209548856244,-0.0228730183749327,-0.00284653019840025,4.55230020674187,4.43025551188832,-0.672516542438458,442.158499314768,432.055375041446
4.14,-0.0138497215053226,0.00449186313581696,6.23262160831943,-0.23072183868421,0.00374166666227768,0.0140709470468162,-3.18799077327105,-5.36055216455122,2.5680680941993,441.996052712192,432.055375041446
4.15,-0.041544703529364,-0.0346575577265793,7.6022534755315,1.75494552343868,-0.0498227709739669,-0.0210902866597296,5.03804690040612,5.9575309588601,-0.475097992913895,441.974537663034,432.055375041446
4.16,-0.0492690380628095,0.0539860784724858,8.00955998658964,-2.68830362383782,-0.0320324154508392,0.0656951987656389,-0.452260024680751,-8.43655666861743,2.76421443410419,441.906533591802,432.055375041446
4.17,-0.0239487682039294,0.0169827345439568,6.7662579460988,-0.84405956909675,0.00970394090691969,-0.0277090292495254,1.05847003060552,6.73604664054807,-0.279965033800729,441.81726943104,432.055375041446
4.18,0.0195646527008242,-0.0179928616753007,4.59224839986493,0.899025980978369,0.0141339008068052,-0.0225111428975466,-1.71935295344231,-4.35210506560048,2.95867536602447,441.808034821101,432.055375041446
4.19,-0.00883899942242287,0.00630990515522734,6.02789590764475,-0.322863877766634,0.00552649629946141,-0.00934883161200349,0.196652326829539,6.03333224837812,-0.0860932681464108,441.71839422878,432.055375041446
4.2,0.0127801024362625,-0.00896662899522741,4.87301832041363,0.468890101898615,0.00910431401209942,-0.0126823862182361,-0.416163827886262,-4.87780413168717,-3.13077802530962,441.83137759114,432.055375041446
4.21,-0.000799543040427448,-0.0269569263591471,5.53967978347904,1.36876345516757,-0.0267147418263571,-0.00369292796532243,0.765284550197863,5.65472413623486,0.107713697096741,441.807798480311,432.055375041446
4.22,-0.0291068805217553,-0.000550696775882927,6.98225895675151,0.0387841440966344,-0.00536273715534302,0.0286138919206984,1.37781223168745,-6.84507690264926,-2.93740707966493,441.694981102774,432.055375041446
4.23,-0.00910184724670894,0.0283617409906999,6.01822341164183,-1.41807725913633,0.0297848301585619,-0.00030962517919406,-3.13400528101493,5.32991247994599,0.300142154858953,441.608652387386,432.055375041446
4.24,0.00400611281412366,0.02753864752245,5.37033291473407,-1.38399918624592,-0.023867607884875,-0.0143095541893897,3.34672215397853,-4.42214655870594,-2.74597147737291,441.562093456026,432.055375041446
4.25,0.0372296476120956,0.0314194136235549,3.6866505634395,-1.57874313976187,0.0101575748693001,0.0476450405241029,-3.13030425889175,2.50699372257254,0.490914564221513,441.550393897997,432.055375041446
4.26,0.0247809578465641,-0.00251453945153328,4.34929422473841,0.146740185191463,0.0157882274112965,-0.0192652707132729,2.28083819002229,-3.70616649467192,-2.5561880617315,441.445664153038,432.055375041446
4.27,-0.0426860066459201,0.00821996247824349,7.66368760970682,-0.39628755590633,0.0332242139671333,-0.0280323840011051,-5.12537188217172,5.71136714592781,0.679712147784589,441.516544909226,432.055375041446
4.28,0.0123385119484548,-0.044765114932734,4.9593329285485,2.24864872678175,0.0406364897209791,0.0224684244040343,1.8586606695563,-5.11827946756399,-2.36756626917395,441.420531317731,432.055375041446
4.29,-0.00946934060399667,-0.0206606151508029,6.04074661684565,1.03222457977887,-0.00612304454396332,-0.0218869311552974,-3.94332731850366,4.69108483521398,0.868254065983351,441.375965378232,432.055375041446
4.3,0.0167795903132249,0.0315825652541298,4.68552142956477,-1.58798825305634,-0.00427922296814157,-0.0355063561901241,4.75251662589204,-1.37455573891179,-2.17910510339666,441.416921934378,432.055375041446
4.31,-0.0546688541546825,0.0175211507993708,8.21157958008216,-0.859087739788761,0.0562188123907712,-0.0116240902134964,-7.57275431717066,3.28959921517056,1.05675153905476,441.458481113278,432.055375041446
4.32,-0.0147533793961124,0.0710944536468676,6.2115871367596,-3.54112128821477,-0.0424474949588443,-0.0589091988968712,7.11550406397228,0.70210871736442,-1.99057292724739,441.450804040012,432.055375041446
4.33,-0.035452790911648,0.0451284575569726,7.24549787898735,-2.24857883864444,0.0480313021701958,0.0314081530296173,-7.58404742782357,0.188602546463152,1.24501590857371,441.376092470648,432.055375041446
4.34,-0.0474707680282803,-0.0424137928892801,7.87193871223429,2.12490517797174,-0.0364300755241046,0.0522039581043199,7.17121315990979,-3.88025036816964,-1.80312034738248,441.305543826969,432.055375041446
4.35,-0.0449791551518533,0.0549757503557307,7.75041728608158,-2.75890861530027,0.052169493076729,0.0482058245180729,-8.05816409306662,-1.65726772284446,1.43164875998064,441.288761385623,432.055375041446
4.36,0.00718290080564057,1.25444433817435e-05,5.11401184787926,-0.00686975678786515,0.0071747381369603,-0.000342569719588753,5.10892629296269,-0.228115117610109,-1.6167603146212,441.308034285888,432.055375041446
4.37,-0.0341991652519774,0.0472036088491143,7.15290935265442,-2.3438998073666,0.0319312579071627,0.0487663650560353,-7.03420724816992,-2.67916160469242,1.61805038402348,441.301956654641,432.055375041446
4.38,-0.00329858441447788,-0.00424689713177243,5.60903809042028,0.228508106206327,-0.00386018999457999,0.00374375848487023,5.58585935812261,0.558300533459977,-1.43046151010582,441.27736974866,432.055375041446
4.39,0.0196886018237358,0.00874002822118662,4.47485522777799,-0.430316765945505,-0.0211750981891568,0.00395529414333769,-4.25440465529483,-1.45242654121697,1.80391500339835,441.237963212355,432.055375041446
4.4,0.0188732580081396,-0.00701193025554103,4.50406936676309,0.349364281590434,0.0156345736873427,0.0126857061043297,4.37881510175627,1.11115910944208,-1.2448725540089,441.204538343414,432.055375041446
4.41,-0.00125775584461951,0.00325855386298742,5.49629873123542,-0.169913249653395,-0.000175910746022108,0.00348843495741267,-4.95231398949777,-2.39013731923766,1.98954767504922,441.182179838664,432.055375041446
4.42,-0.00686538485195174,-0.0281179268396968,5.75747919526442,1.42731382340002,-0.0197412052138053,0.0211668640954294,5.71989143131425,1.57118854640339,-1.05971281272297,441.167730934283,432.055375041446
4.43,0.0148904084223957,0.0310672474035932,4.71734397048953,-1.53627611538566,-0.0298778943815093,0.0171525377582793,-3.01531859432619,-3.93971219930201,2.1734964355317,441.068731415261,432.055375041446
4.44,0.0233781275469412,0.0338277851369419,4.31018090658939,-1.6816458349596,0.0396049469770811,-0.0110591170449884,2.23851570412813,4.04902946446879,-0.87702257838258,440.988318562048,432.055375041446
4.45,0.0241506913121764,-0.0200051900376555,4.301512637479,1.00419493413521,-0.0029637536846785,-0.031219860399997,-3.75412245712829,-2.32765612000988,2.35515540713763,440.893877872867,432.055375041446
4.46,0.0119574002115552,-0.0185137138764537,4.9353246521508,0.921882057916703,0.014782722787669,-0.0163465020203537,-2.16930757867503,-4.52784723460711,2.87946601087501,440.809226219095,432.055375041446
4.47,0.0139299347993779,0.00353703214638642,4.83745323405884,-0.183001420517507,0.00587544027701364,0.0131161305830163,0.650001895662366,4.79707628115846,-0.172491434513771,440.80656530728,432.055375041446
4.48,-0.0652787606165253,-0.0109289526614988,8.80289354396613,0.566368171940036,0.0163120410884166,0.0641457396047212,-1.29541609038465,-8.72545728345282,3.05845557362567,440.749505879543,432.055375041446
4.49,0.0483661701136631,-0.032956033848903,3.13040171745379,1.66667571669077,-0.0332280684598697,0.0481796849817436,1.64900849822921,3.13974423003088,0.00563533029526339,440.686296340197,432.055375041446
4.5,-0.0159410963907072,0.0266706627038768,6.37728540151702,-1.32917006209933,-0.0280486273143864,0.0133685193264041,1.92162915237065,-6.22445206802514,-3.04763367993287,440.580691480969,432.055375041446
4.51,-4.06160956676045,-0.0219537339474503,-1.47796136165286,1.0345115563892,0.103935478817222,-4.06033885968613,1.07982003888764,-1.4451894790851,0.0309972745796286,394.510872681728,0
4.52,-3.60812150419177,-0.0453847019924865,-1.14177472834299,2.23901439867287,1.3848447240385,3.33208728134315,-1.65330451552951,1.8929921253605,2.76028108998182,350.148752732232,0
4.53,-3.18928332115683,0.00680437420569063,-0.94625366562876,-0.368978557045865,-2.85271188590782,-1.42604673770452,-1.01157156307598,-0.090907359721435,-1.1093689422527,310.355769107972,0
4.54,-2.83256576247305,0.0116770460465676,0.0264163271198439,-0.615863719693177,2.43922022829344,-1.44005896755064,-0.337974516250833,-0.515518350728502,1.03336037426807,274.017310168641,0
4.55,-2.46793090195838,0.0608488542844401,-2.13722925641302,-3.05985995415278,0.466857520606177,2.42413480965112,3.44525227632391,1.4355238019554,2.92668394316866,243.667216501927,0
4.56,-2.1718591394972,-0.0311537220944259,-2.37095600401751,1.54592472490535,-2.1573163025841,0.25284194039506,-2.51646722145431,-1.29564977961113,-1.67312285583199,215.469962724018,0
4.57,-1.94012438699274,0.0195889644008546,-0.851469839721868,-0.989969887215592,-0.343975019202396,-1.90948881921182,-1.13187317844129,-0.651079391069049,-0.188324804655762,190.772241114154,0
4.58,-1.80704350016788,0.00220873907273889,3.23311941399024,-0.110763551556483,1.63798293763962,-0.763166420925849,-2.97586819822722,1.26867575694259,1.13356148620457,170.165601962347,0
4.59,-1.54244158494261,0.0205388224386623,0.372681961054898,-1.03278013370967,1.12849996710953,1.05168232390833,0.41799458887119,-1.01528674390809,2.30765955617561,150.165034950581,0
4.6,-1.31076566048947,-0.00450098236381813,-1.99739261305836,0.223322369513069,-0.256604658536821,1.28541080000825,-0.616594770824351,1.91291950170861,-2.94112046544845,132.778733173549,0
4.61,-1.12478567610863,-0.000437796861099817,-3.87189202200157,0.0248614115322734,-1.0124953822357,0.489893978118345,-3.49682631161876,1.66263996890292,-2.02104990532054,118.631538007484,0
4.62,-1.04819766770731,0.026888669132845,-1.11462716871049,-1.3405014030269,-0.966591679680997,-0.406376519851047,-1.52592061276843,0.843151244008501,-1.19845623284999,105.951294248169,0
4.63,-0.990073277859824,0.0190825540463087,2.22127709978202,-0.948783965602474,-0.42803939030388,-0.892967815629045,0.151062292627175,2.41069350004238,-0.466258742946964,93.9429760112888,0
4.64,-0.809807812700787,-0.0258453482333634,-0.884459876863477,1.29650367271284,0.119574679726542,-0.80134797154846,1.4339196807873,-0.638016767953691,0.18002859589224,82.6618066194449,0
4.65,-0.702788558336785,-0.0131248557118059,-1.30867949131617,0.660700273164249,0.469805654061079,-0.522844782874224,1.37582349630261,-0.50623766056321,0.750690322494172,73.3249134029288,0
4.66,-0.677128163394339,0.062527642039074,1.46019429207381,-3.12618721182854,0.663659067230254,-0.148219088392238,-2.348844849707,-2.52747734431194,1.2589848180684,65.608994322154,0
4.67,-0.509803052028426,-0.00718650799055581,-3.39802739916738,0.366000546822111,0.505559262685501,0.0660350639243231,3.31035385721606,0.849766994993962,1.71477456686299,58.8708110328278,0
4.68,-0.56280902696093,0.0495013994778794,2.35555867688892,-2.47170513312963,0.452830181122308,0.337859758544451,-0.705300689955441,-3.3407385234637,2.1240728310315,52.9206003259428,0
4.69,-0.420687502238393,-0.00644013052971301,-1.97957252914049,0.330225405389875,0.259544756354269,0.331143427037018,0.934176560861887,1.77625177540484,2.49212572025752,47.6044999666107,0
4.7,-0.428126657376969,0.0335281393425277,0.943457114258918,-1.67085902871955,0.102403907765114,0.417049170433155,1.290772081198,-1.4197847212515,2.822658195106,42.6868496976877,0
4.71,-0.341031533523361,0.0107297531450233,-1.12630500390071,-0.529208379448078,-0.0030350445158306,0.341186786034623,0.554477601851416,1.1140821602265,3.11903570330003,38.287657839149,0
4.72,-0.313335866836153,0.0106476556827716,-0.431847059226495,-0.525186539747922,-0.0858064461137472,0.301546002830133,0.405706348769272,0.54563279104474,-2.89833357757418,34.2740982806601,0
4.73,-0.289690829178553,0.00987163596012367,0.363209204752964,-0.486503685682805,-0.142632074322197,0.252337704438385,0.599288412124931,-0.0972633625421843,-2.66118534522589,30.4662473300714,0
4.74,-0.261159724817015,-0.00105257460727636,0.785407491775222,0.0595440993566125,-0.165533748273874,0.202000217728112,0.454360847992996,-0.643402399526083,-2.45105976603451,26.9292557702372,0
4.75,-0.230510330468369,-0.0116636549900122,0.900301593976642,0.590353007799735,-0.169633321530412,0.156510669051418,0.313809692094111,-1.02984615893971,-2.26542426270131,23.7870460560917,0
4.76,-0.199904347737359,-0.0123924049751552,0.794317307134631,0.62705822902987,-0.166161937217972,0.111828129579896,0.367903790791422,-0.942755964037879,-2.10126303980067,21.0778354529766,0
4.77,-0.174912856258443,-0.0105958439317471,0.754678492295654,0.537317922365766,-0.158157144738795,0.0754526126862713,0.49792536020647,-0.781230127486365,-1.95543134048922,18.7713992637547,0
4.78,-0.153973428947902,-0.00923018524526876,0.747146517283961,0.469130860898163,-0.146690298492041,0.0476966400279146,0.604974894627623,-0.64211919439221,-1.82529071701242,16.7848992469579,0
4.79,-0.136365080998605,-0.00802065071453004,0.768256287847048,0.40873765094797,-0.13396719583061,0.0266937557290774,0.704761257190268,-0.510485809286197,-1.70872651847027,15.0584099664372,0
4.8,-0.12139829350568,-0.00694917786189418,0.808176672750393,0.355237164139823,-0.121100595362692,0.0109764539742579,0.795935117953962,-0.381877290725192,-1.60400807422834,13.5461555640565,0
4.81,-0.108542126269242,-0.00601645507583297,0.859292003401009,0.308660871991367,-0.108706962833568,-0.000622204330438838,0.876535130835485,-0.255617772110255,-1.50969969122177,12.2128854239074,0
4.82,-0.09739861890332,-0.00521428059021888,0.916462343288213,0.268604416080484,-0.0971191495247705,-0.00903053054548706,0.94581580580982,-0.132227154864574,-1.42459447942237,11.0310175813515,0
4.83,-0.0876648381189845,-0.00453011009982212,0.976242002618532,0.234437767926851,-0.0864940250967809,-0.0149809666744743,1.00391770564895,-0.0125998012566714,-1.34766602929298,9.97860913574286,0
4.84,-0.0791064648146297,-0.00395002503556778,1.03633702260783,0.20547082029114,-0.0768804534818237,-0.0190481323409673,1.05153956782993,0.102358290855309,-1.27803258751952,9.03793529608082,0
4.85,-0.0715394942062841,-0.00346029936782487,1.09523836948214,0.181016898601769,-0.0682627661130736,-0.0216810439231541,1.08968297901513,0.211908491594889,-1.21493005032573,8.19447783525134,0
4.86,-0.0648173597596239,-0.00304817179724796,1.15198246094727,0.160436303332172,-0.0605885435931642,-0.0232295041439393,1.11948417624855,0.315529042856797,-1.15769128308238,7.43619312950091,0
4.87,-0.0588217675371387,-0.00270217604173417,1.20597945233584,0.143158907500098,-0.0537862934957979,-0.0239653233555819,1.14209879730633,0.41290586026878,-1.10573005083686,6.75297454756675,0
4.88,-0.0534560441822583,-0.00241222902617227,1.25690012061846,0.128681254288575,-0.0477765310075586,-0.0240991824212783,1.15863205862038,0.503913217878914,-1.05852835780972,6.13625211955092,0
4.89,-0.0486402394551188,-0.00216959084919544,1.30459457662887,0.11656514375207,-0.042478568277539,-0.0237939331720224,1.17009869378959,0.588577513076476,-1.01562634119125,5.57869057579205,0
4.9,-0.0443075371349329,-0.00196676152237051,1.34903465830674,0.106437742666266,-0.0378145720816788,-0.0231750757523865,1.17740619414813,0.667036847826474,-0.976614102871533,5.07395879455449,0
4.91,-0.040401503728711,-0.00179735132645909,1.39027510766352,0.0979781299627124,-0.0337117711885782,-0.0223389448869171,1.18134697729112,0.739515995895242,-0.941125029220649,4.61655170451943,0
4.92,-0.0368740518338477,-0.00165594528493916,1.42842402373817,0.0909181975802173,-0.0301035672948769,-0.0213591453376491,1.18260442756443,0.806292799266243,-0.908830266577467,4.20165114334776,0
4.93,0.00446442474871674,-0.0344737622632567,-0.510681584072168,1.73424207587179,-0.0185592184386236,0.0293926314553146,0.713357203626084,-1.66117812352238,-0.878805351667609,3.94735505935887,0
4.94,0.00844598169459565,-0.0301990940312053,-0.52529514009305,1.52022923766034,-0.0135516326064621,0.0282784925480567,0.606892854996751,-1.48953448493031,-0.851201256096998,3.59181429705266,0
4.95,-0.0273364685646524,-0.0030991619731496,1.36947084654501,0.163380978169467,-0.0221924970416571,-0.0162597783988001,1.1172823192252,0.808593818125691,-0.825589975865256,3.38502157723847,0
4.96,0.0109917553988503,-0.0366484616650837,-0.466749781348465,1.8433172713719,-0.0176016819995313,0.033972183031896,0.947166816014358,-1.6488022755831,-0.801370562237107,3.21826099559447,0
4.97,-0.0217624889592629,-0.00490866788759926,1.26614180897503,0.254156323035735,-0.0187772791958371,-0.0120463576293572,1.07008618202511,0.722928820847903,-0.778548137809165,3.03738128988065,0
4.98,0.0125972639406765,-0.041941393258172,-0.398682574389748,2.10849703940112,-0.0218438600792242,0.0379554647457646,1.25922860848099,-1.73754161730542,-0.756795159446222,2.91672117339051,0
4.99,-0.0194231125279942,-0.00494437496776009,1.28588535554291,0.256113161771727,-0.0167049703518483,-0.0110746607009338,1.053150490063,0.781005214139116,-0.736099903525744,2.76035016935376,0
5,0.0175602820330261,-0.035620491472882,-0.516737887222982,1.79218353160152,-0.0153401993883113,0.0366314236766186,1.01261209553917,-1.56638328610948,-0.716195072125827,2.65642446674463,0
